ISO-10303-21;
HEADER;
FILE_DESCRIPTION(('Open CASCADE Model'),'2;1');
FILE_NAME('Open CASCADE Shape Model','2026-09-25T23:28:17',('Author'),(
    'Open CASCADE'),'Open CASCADE STEP processor 8.0','build123d',
  'Unknown');
FILE_SCHEMA(('AUTOMOTIVE_DESIGN { 1 0 10303 214 1 1 1 1 }'));
ENDSEC;
DATA;
#1 = APPLICATION_PROTOCOL_DEFINITION('international standard',
  'automotive_design',2000,#2);
#2 = APPLICATION_CONTEXT(
  'core data for automotive mechanical design processes');
#3 = SHAPE_DEFINITION_REPRESENTATION(#4,#10);
#4 = PRODUCT_DEFINITION_SHAPE('','',#5);
#5 = PRODUCT_DEFINITION('design','',#6,#9);
#6 = PRODUCT_DEFINITION_FORMATION('','',#7);
#7 = PRODUCT('COMPOUND','COMPOUND','',(#8));
#8 = PRODUCT_CONTEXT('',#2,'mechanical');
#9 = PRODUCT_DEFINITION_CONTEXT('part definition',#2,'design');
#10 = SHAPE_REPRESENTATION('',(#11,#15,#19,#23,#27),#31);
#11 = AXIS2_PLACEMENT_3D('',#12,#13,#14);
#12 = CARTESIAN_POINT('',(0.,0.,0.));
#13 = DIRECTION('',(0.,0.,1.));
#14 = DIRECTION('',(1.,0.,-0.));
#15 = AXIS2_PLACEMENT_3D('',#16,#17,#18);
#16 = CARTESIAN_POINT('',(0.,0.,0.));
#17 = DIRECTION('',(0.,0.,1.));
#18 = DIRECTION('',(1.,0.,-0.));
#19 = AXIS2_PLACEMENT_3D('',#20,#21,#22);
#20 = CARTESIAN_POINT('',(0.,0.,0.));
#21 = DIRECTION('',(0.,0.,1.));
#22 = DIRECTION('',(1.,0.,-0.));
#23 = AXIS2_PLACEMENT_3D('',#24,#25,#26);
#24 = CARTESIAN_POINT('',(0.,0.,0.));
#25 = DIRECTION('',(0.,0.,1.));
#26 = DIRECTION('',(1.,0.,-0.));
#27 = AXIS2_PLACEMENT_3D('',#28,#29,#30);
#28 = CARTESIAN_POINT('',(0.,0.,0.));
#29 = DIRECTION('',(0.,0.,1.));
#30 = DIRECTION('',(1.,0.,-0.));
#31 = ( GEOMETRIC_REPRESENTATION_CONTEXT(3) 
GLOBAL_UNCERTAINTY_ASSIGNED_CONTEXT((#35)) GLOBAL_UNIT_ASSIGNED_CONTEXT(
(#32,#33,#34)) REPRESENTATION_CONTEXT('Context #1',
  '3D Context with UNIT and UNCERTAINTY') );
#32 = ( LENGTH_UNIT() NAMED_UNIT(*) SI_UNIT(.MILLI.,.METRE.) );
#33 = ( NAMED_UNIT(*) PLANE_ANGLE_UNIT() SI_UNIT($,.RADIAN.) );
#34 = ( NAMED_UNIT(*) SI_UNIT($,.STERADIAN.) SOLID_ANGLE_UNIT() );
#35 = UNCERTAINTY_MEASURE_WITH_UNIT(LENGTH_MEASURE(1.E-07),#32,
  'distance_accuracy_value','confusion accuracy');
#36 = PRODUCT_RELATED_PRODUCT_CATEGORY('part',$,(#7));
#37 = SHAPE_DEFINITION_REPRESENTATION(#38,#44);
#38 = PRODUCT_DEFINITION_SHAPE('','',#39);
#39 = PRODUCT_DEFINITION('design','',#40,#43);
#40 = PRODUCT_DEFINITION_FORMATION('','',#41);
#41 = PRODUCT('COMPOUND','COMPOUND','',(#42));
#42 = PRODUCT_CONTEXT('',#2,'mechanical');
#43 = PRODUCT_DEFINITION_CONTEXT('part definition',#2,'design');
#44 = SHAPE_REPRESENTATION('',(#11,#45,#272),#370);
#45 = MANIFOLD_SOLID_BREP('',#46);
#46 = CLOSED_SHELL('',(#47,#213,#268));
#47 = ADVANCED_FACE('',(#48,#52),#65,.T.);
#48 = FACE_BOUND('',#49,.T.);
#49 = VERTEX_LOOP('',#50);
#50 = VERTEX_POINT('',#51);
#51 = CARTESIAN_POINT('',(8.,-125.,360.));
#52 = FACE_BOUND('',#53,.T.);
#53 = EDGE_LOOP('',(#54));
#54 = ORIENTED_EDGE('',*,*,#55,.F.);
#55 = EDGE_CURVE('',#56,#56,#58,.T.);
#56 = VERTEX_POINT('',#57);
#57 = CARTESIAN_POINT('',(-3.873132794006,-141.0910688756,
    340.32591424592));
#58 = SURFACE_CURVE('',#59,(#64,#201),.PCURVE_S1.);
#59 = CIRCLE('',#60,17.);
#60 = AXIS2_PLACEMENT_3D('',#61,#62,#63);
#61 = CARTESIAN_POINT('',(11.910970951043,-134.7774273776,
    340.32591424592));
#62 = DIRECTION('',(0.371212934934,-0.928032337335,3.093441124449E-02));
#63 = DIRECTION('',(0.928476690885,0.371390676354,0.));
#64 = PCURVE('',#65,#70);
#65 = SPHERICAL_SURFACE('',#66,20.);
#66 = AXIS2_PLACEMENT_3D('',#67,#68,#69);
#67 = CARTESIAN_POINT('',(8.,-125.,340.));
#68 = DIRECTION('',(0.,0.,1.));
#69 = DIRECTION('',(1.,0.,-0.));
#70 = DEFINITIONAL_REPRESENTATION('',(#71),#200);
#71 = B_SPLINE_CURVE_WITH_KNOTS('',8,(#72,#73,#74,#75,#76,#77,#78,#79,
    #80,#81,#82,#83,#84,#85,#86,#87,#88,#89,#90,#91,#92,#93,#94,#95,#96,
    #97,#98,#99,#100,#101,#102,#103,#104,#105,#106,#107,#108,#109,#110,
    #111,#112,#113,#114,#115,#116,#117,#118,#119,#120,#121,#122,#123,
    #124,#125,#126,#127,#128,#129,#130,#131,#132,#133,#134,#135,#136,
    #137,#138,#139,#140,#141,#142,#143,#144,#145,#146,#147,#148,#149,
    #150,#151,#152,#153,#154,#155,#156,#157,#158,#159,#160,#161,#162,
    #163,#164,#165,#166,#167,#168,#169,#170,#171,#172,#173,#174,#175,
    #176,#177,#178,#179,#180,#181,#182,#183,#184,#185,#186,#187,#188,
    #189,#190,#191,#192,#193,#194,#195,#196,#197,#198,#199),
  .UNSPECIFIED.,.T.,.F.,(9,7,7,7,7,7,7,7,7,7,7,7,7,7,7,7,7,7,9),(
    3.14159265359,3.534291735289,3.902447124381,4.247592801655,
    4.5711668741,4.874517567017,5.158908841626,5.692142481519,
    6.158721916426,6.566978921969,6.924203801819,7.236775571687,
    7.510275870323,7.749588631629,7.958987297771,8.142211130646,
    8.462852838177,8.943815399473,9.424777960769),.UNSPECIFIED.);
#72 = CARTESIAN_POINT('',(4.076695742181,1.629643360393E-02));
#73 = CARTESIAN_POINT('',(4.077793142159,-2.541341367682E-02));
#74 = CARTESIAN_POINT('',(4.080121627394,-6.709084415737E-02));
#75 = CARTESIAN_POINT('',(4.083682557912,-0.108693432354));
#76 = CARTESIAN_POINT('',(4.088498357257,-0.150178168693));
#77 = CARTESIAN_POINT('',(4.094612292651,-0.191499989627));
#78 = CARTESIAN_POINT('',(4.102089840337,-0.232609826099));
#79 = CARTESIAN_POINT('',(4.111021636093,-0.273452170367));
#80 = CARTESIAN_POINT('',(4.131377737314,-0.351940277568));
#81 = CARTESIAN_POINT('',(4.142611381916,-0.389626273595));
#82 = CARTESIAN_POINT('',(4.155328002637,-0.426966657719));
#83 = CARTESIAN_POINT('',(4.169649877322,-0.463900544656));
#84 = CARTESIAN_POINT('',(4.18572483525,-0.500357331843));
#85 = CARTESIAN_POINT('',(4.203731398692,-0.536253512623));
#86 = CARTESIAN_POINT('',(4.223882689873,-0.571488320313));
#87 = CARTESIAN_POINT('',(4.267558529476,-0.638234375661));
#88 = CARTESIAN_POINT('',(4.290793528272,-0.669840696664));
#89 = CARTESIAN_POINT('',(4.316332888528,-0.700654911462));
#90 = CARTESIAN_POINT('',(4.344405077175,-0.730556899859));
#91 = CARTESIAN_POINT('',(4.375261118626,-0.759405333119));
#92 = CARTESIAN_POINT('',(4.409168550591,-0.787031539662));
#93 = CARTESIAN_POINT('',(4.446384709427,-0.813235682739));
#94 = CARTESIAN_POINT('',(4.525254392763,-0.860810949641));
#95 = CARTESIAN_POINT('',(4.56648518543,-0.882381786001));
#96 = CARTESIAN_POINT('',(4.610934267692,-0.902316179907));
#97 = CARTESIAN_POINT('',(4.658692971359,-0.920406156613));
#98 = CARTESIAN_POINT('',(4.709751207793,-0.936427623654));
#99 = CARTESIAN_POINT('',(4.763923234539,-0.95014868571));
#100 = CARTESIAN_POINT('',(4.820771306302,-0.961363299983));
#101 = CARTESIAN_POINT('',(4.934883918554,-0.977938709092));
#102 = CARTESIAN_POINT('',(4.991900398434,-0.9836215568));
#103 = CARTESIAN_POINT('',(5.050199854164,-0.986840695768));
#104 = CARTESIAN_POINT('',(5.109119642264,-0.987510724428));
#105 = CARTESIAN_POINT('',(5.167879032557,-0.985605868181));
#106 = CARTESIAN_POINT('',(5.225718724448,-0.981175302818));
#107 = CARTESIAN_POINT('',(5.282019738985,-0.974322847408));
#108 = CARTESIAN_POINT('',(5.387220640935,-0.95662377471));
#109 = CARTESIAN_POINT('',(5.436363265189,-0.946053580807));
#110 = CARTESIAN_POINT('',(5.483361830846,-0.933591886082));
#111 = CARTESIAN_POINT('',(5.52795508191,-0.91938126484));
#112 = CARTESIAN_POINT('',(5.570019856402,-0.90357576006));
#113 = CARTESIAN_POINT('',(5.609540047194,-0.886327623137));
#114 = CARTESIAN_POINT('',(5.64656313994,-0.867779120563));
#115 = CARTESIAN_POINT('',(5.746084524764,-0.811090256273));
#116 = CARTESIAN_POINT('',(5.802527748116,-0.770008104701));
#117 = CARTESIAN_POINT('',(5.851099077994,-0.725677803811));
#118 = CARTESIAN_POINT('',(5.892904198805,-0.678815114349));
#119 = CARTESIAN_POINT('',(5.928918394235,-0.629933223877));
#120 = CARTESIAN_POINT('',(5.959949841612,-0.579433580403));
#121 = CARTESIAN_POINT('',(5.986654408841,-0.527624791869));
#122 = CARTESIAN_POINT('',(6.029586295556,-0.428494380577));
#123 = CARTESIAN_POINT('',(6.046706036191,-0.381421346264));
#124 = CARTESIAN_POINT('',(6.061258985599,-0.333702292249));
#125 = CARTESIAN_POINT('',(6.073513967627,-0.285467046921));
#126 = CARTESIAN_POINT('',(6.083673382619,-0.236822074884));
#127 = CARTESIAN_POINT('',(6.091885344596,-0.187858445226));
#128 = CARTESIAN_POINT('',(6.098252165311,-0.13865705383));
#129 = CARTESIAN_POINT('',(6.106840285527,-4.610010797383E-02));
#130 = CARTESIAN_POINT('',(6.109480295577,-2.782609854174E-03));
#131 = CARTESIAN_POINT('',(6.11079192231,4.0608682876E-02));
#132 = CARTESIAN_POINT('',(6.110789059001,8.402632141952E-02));
#133 = CARTESIAN_POINT('',(6.109461847098,0.127423922011));
#134 = CARTESIAN_POINT('',(6.106776201637,0.170753985377));
#135 = CARTESIAN_POINT('',(6.102671111098,0.21396548393));
#136 = CARTESIAN_POINT('',(6.09213848725,0.294657482882));
#137 = CARTESIAN_POINT('',(6.086065401622,0.332179151778));
#138 = CARTESIAN_POINT('',(6.078772168703,0.369527918001));
#139 = CARTESIAN_POINT('',(6.070177817563,0.406661540419));
#140 = CARTESIAN_POINT('',(6.060179886103,0.443532601506));
#141 = CARTESIAN_POINT('',(6.048650366271,0.480086336168));
#142 = CARTESIAN_POINT('',(6.035430400861,0.516257530051));
#143 = CARTESIAN_POINT('',(6.007105396509,0.583211824948));
#144 = CARTESIAN_POINT('',(5.992442548948,0.61410324816));
#145 = CARTESIAN_POINT('',(5.976203889944,0.64458733554));
#146 = CARTESIAN_POINT('',(5.958235927616,0.674601983534));
#147 = CARTESIAN_POINT('',(5.938361285064,0.704074309944));
#148 = CARTESIAN_POINT('',(5.916374354285,0.732917430311));
#149 = CARTESIAN_POINT('',(5.892041453225,0.761026527719));
#150 = CARTESIAN_POINT('',(5.841549933744,0.812116731665));
#151 = CARTESIAN_POINT('',(5.815999773274,0.835299629965));
#152 = CARTESIAN_POINT('',(5.78829464512,0.857738327811));
#153 = CARTESIAN_POINT('',(5.758258433129,0.879334758449));
#154 = CARTESIAN_POINT('',(5.72571180361,0.899976241967));
#155 = CARTESIAN_POINT('',(5.690487787355,0.919533185942));
#156 = CARTESIAN_POINT('',(5.652461252366,0.937859606242));
#157 = CARTESIAN_POINT('',(5.575838825902,0.969622914896));
#158 = CARTESIAN_POINT('',(5.537908236848,0.983384661879));
#159 = CARTESIAN_POINT('',(5.497779723276,0.995981054527));
#160 = CARTESIAN_POINT('',(5.455480348585,1.00730273917));
#161 = CARTESIAN_POINT('',(5.411110062358,1.017237861674));
#162 = CARTESIAN_POINT('',(5.364869092533,1.0256802482));
#163 = CARTESIAN_POINT('',(5.317067394763,1.032539746419));
#164 = CARTESIAN_POINT('',(5.225238865098,1.042311477164));
#165 = CARTESIAN_POINT('',(5.181487088036,1.045609918566));
#166 = CARTESIAN_POINT('',(5.137096423461,1.04760309835));
#167 = CARTESIAN_POINT('',(5.092371952953,1.048261737844));
#168 = CARTESIAN_POINT('',(5.047650437289,1.047575647223));
#169 = CARTESIAN_POINT('',(5.003268451392,1.045555311778));
#170 = CARTESIAN_POINT('',(4.959530571524,1.042230270279));
#171 = CARTESIAN_POINT('',(4.8792151974,1.033631570038));
#172 = CARTESIAN_POINT('',(4.842426060891,1.028653450612));
#173 = CARTESIAN_POINT('',(4.806501659228,1.022739293349));
#174 = CARTESIAN_POINT('',(4.771588608492,1.01592697425));
#175 = CARTESIAN_POINT('',(4.73779849959,1.008260650915));
#176 = CARTESIAN_POINT('',(4.705207766302,0.999788048091));
#177 = CARTESIAN_POINT('',(4.673862275144,0.99055801219));
#178 = CARTESIAN_POINT('',(4.591144854299,0.963225944911));
#179 = CARTESIAN_POINT('',(4.542384889679,0.943661811104));
#180 = CARTESIAN_POINT('',(4.497617020759,0.92218669515));
#181 = CARTESIAN_POINT('',(4.456721087015,0.899057497794));
#182 = CARTESIAN_POINT('',(4.419442699467,0.874501228682));
#183 = CARTESIAN_POINT('',(4.385498371904,0.848711935273));
#184 = CARTESIAN_POINT('',(4.354599509868,0.821854796457));
#185 = CARTESIAN_POINT('',(4.28428714734,0.75239284998));
#186 = CARTESIAN_POINT('',(4.248341025877,0.708628486334));
#187 = CARTESIAN_POINT('',(4.217718413287,0.663250318776));
#188 = CARTESIAN_POINT('',(4.191583432308,0.616605228483));
#189 = CARTESIAN_POINT('',(4.169300418216,0.568949312297));
#190 = CARTESIAN_POINT('',(4.150360985752,0.520483572047));
#191 = CARTESIAN_POINT('',(4.134373610766,0.471368229418));
#192 = CARTESIAN_POINT('',(4.107694523832,0.372104628018));
#193 = CARTESIAN_POINT('',(4.097002856546,0.321956363765));
#194 = CARTESIAN_POINT('',(4.088655205056,0.271424670161));
#195 = CARTESIAN_POINT('',(4.082437057804,0.220615200878));
#196 = CARTESIAN_POINT('',(4.078201133144,0.169617983357));
#197 = CARTESIAN_POINT('',(4.075854314491,0.118514241786));
#198 = CARTESIAN_POINT('',(4.075351689371,6.738103225551E-02));
#199 = CARTESIAN_POINT('',(4.076695742181,1.629643360393E-02));
#200 = ( GEOMETRIC_REPRESENTATION_CONTEXT(2) 
PARAMETRIC_REPRESENTATION_CONTEXT() REPRESENTATION_CONTEXT('2D SPACE',''
  ) );
#201 = PCURVE('',#202,#207);
#202 = CYLINDRICAL_SURFACE('',#203,17.);
#203 = AXIS2_PLACEMENT_3D('',#204,#205,#206);
#204 = CARTESIAN_POINT('',(8.,-125.,340.));
#205 = DIRECTION('',(0.371212934934,-0.928032337335,3.093441124449E-02)
  );
#206 = DIRECTION('',(-0.928476690885,-0.371390676354,0.));
#207 = DEFINITIONAL_REPRESENTATION('',(#208),#212);
#208 = LINE('',#209,#210);
#209 = CARTESIAN_POINT('',(-3.14159265359,10.535653752853));
#210 = VECTOR('',#211,1.);
#211 = DIRECTION('',(1.,0.));
#212 = ( GEOMETRIC_REPRESENTATION_CONTEXT(2) 
PARAMETRIC_REPRESENTATION_CONTEXT() REPRESENTATION_CONTEXT('2D SPACE',''
  ) );
#213 = ADVANCED_FACE('',(#214),#202,.T.);
#214 = FACE_BOUND('',#215,.T.);
#215 = EDGE_LOOP('',(#216,#239,#266,#267));
#216 = ORIENTED_EDGE('',*,*,#217,.T.);
#217 = EDGE_CURVE('',#56,#218,#220,.T.);
#218 = VERTEX_POINT('',#219);
#219 = CARTESIAN_POINT('',(4.215896254951,-161.313641498,341.));
#220 = SEAM_CURVE('',#221,(#225,#232),.PCURVE_S1.);
#221 = LINE('',#222,#223);
#222 = CARTESIAN_POINT('',(-7.784103745049,-131.313641498,340.));
#223 = VECTOR('',#224,1.);
#224 = DIRECTION('',(0.371212934934,-0.928032337335,3.093441124449E-02)
  );
#225 = PCURVE('',#202,#226);
#226 = DEFINITIONAL_REPRESENTATION('',(#227),#231);
#227 = LINE('',#228,#229);
#228 = CARTESIAN_POINT('',(6.28318530718,-0.));
#229 = VECTOR('',#230,1.);
#230 = DIRECTION('',(0.,1.));
#231 = ( GEOMETRIC_REPRESENTATION_CONTEXT(2) 
PARAMETRIC_REPRESENTATION_CONTEXT() REPRESENTATION_CONTEXT('2D SPACE',''
  ) );
#232 = PCURVE('',#202,#233);
#233 = DEFINITIONAL_REPRESENTATION('',(#234),#238);
#234 = LINE('',#235,#236);
#235 = CARTESIAN_POINT('',(0.,-0.));
#236 = VECTOR('',#237,1.);
#237 = DIRECTION('',(0.,1.));
#238 = ( GEOMETRIC_REPRESENTATION_CONTEXT(2) 
PARAMETRIC_REPRESENTATION_CONTEXT() REPRESENTATION_CONTEXT('2D SPACE',''
  ) );
#239 = ORIENTED_EDGE('',*,*,#240,.F.);
#240 = EDGE_CURVE('',#218,#218,#241,.T.);
#241 = SURFACE_CURVE('',#242,(#247,#254),.PCURVE_S1.);
#242 = CIRCLE('',#243,17.);
#243 = AXIS2_PLACEMENT_3D('',#244,#245,#246);
#244 = CARTESIAN_POINT('',(20.,-155.,341.));
#245 = DIRECTION('',(0.371212934934,-0.928032337335,3.093441124449E-02)
  );
#246 = DIRECTION('',(-0.928476690885,-0.371390676354,0.));
#247 = PCURVE('',#202,#248);
#248 = DEFINITIONAL_REPRESENTATION('',(#249),#253);
#249 = LINE('',#250,#251);
#250 = CARTESIAN_POINT('',(0.,32.326459750489));
#251 = VECTOR('',#252,1.);
#252 = DIRECTION('',(1.,0.));
#253 = ( GEOMETRIC_REPRESENTATION_CONTEXT(2) 
PARAMETRIC_REPRESENTATION_CONTEXT() REPRESENTATION_CONTEXT('2D SPACE',''
  ) );
#254 = PCURVE('',#255,#260);
#255 = PLANE('',#256);
#256 = AXIS2_PLACEMENT_3D('',#257,#258,#259);
#257 = CARTESIAN_POINT('',(20.,-155.,341.));
#258 = DIRECTION('',(0.371212934934,-0.928032337335,3.093441124449E-02)
  );
#259 = DIRECTION('',(-0.928476690885,-0.371390676354,0.));
#260 = DEFINITIONAL_REPRESENTATION('',(#261),#265);
#261 = CIRCLE('',#262,17.);
#262 = AXIS2_PLACEMENT_2D('',#263,#264);
#263 = CARTESIAN_POINT('',(0.,0.));
#264 = DIRECTION('',(1.,0.));
#265 = ( GEOMETRIC_REPRESENTATION_CONTEXT(2) 
PARAMETRIC_REPRESENTATION_CONTEXT() REPRESENTATION_CONTEXT('2D SPACE',''
  ) );
#266 = ORIENTED_EDGE('',*,*,#217,.F.);
#267 = ORIENTED_EDGE('',*,*,#55,.T.);
#268 = ADVANCED_FACE('',(#269),#255,.T.);
#269 = FACE_BOUND('',#270,.T.);
#270 = EDGE_LOOP('',(#271));
#271 = ORIENTED_EDGE('',*,*,#240,.T.);
#272 = MANIFOLD_SOLID_BREP('',#273);
#273 = CLOSED_SHELL('',(#274,#362,#366));
#274 = ADVANCED_FACE('',(#275),#288,.T.);
#275 = FACE_BOUND('',#276,.T.);
#276 = EDGE_LOOP('',(#277,#311,#334,#361));
#277 = ORIENTED_EDGE('',*,*,#278,.F.);
#278 = EDGE_CURVE('',#279,#279,#281,.T.);
#279 = VERTEX_POINT('',#280);
#280 = CARTESIAN_POINT('',(32.,-102.,340.));
#281 = SURFACE_CURVE('',#282,(#287,#299),.PCURVE_S1.);
#282 = CIRCLE('',#283,32.);
#283 = AXIS2_PLACEMENT_3D('',#284,#285,#286);
#284 = CARTESIAN_POINT('',(0.,-102.,340.));
#285 = DIRECTION('',(0.,-1.,2.22044604925E-16));
#286 = DIRECTION('',(1.,0.,0.));
#287 = PCURVE('',#288,#293);
#288 = CYLINDRICAL_SURFACE('',#289,32.);
#289 = AXIS2_PLACEMENT_3D('',#290,#291,#292);
#290 = CARTESIAN_POINT('',(0.,-88.,340.));
#291 = DIRECTION('',(0.,-1.,2.22044604925E-16));
#292 = DIRECTION('',(1.,0.,0.));
#293 = DEFINITIONAL_REPRESENTATION('',(#294),#298);
#294 = LINE('',#295,#296);
#295 = CARTESIAN_POINT('',(0.,14.));
#296 = VECTOR('',#297,1.);
#297 = DIRECTION('',(1.,0.));
#298 = ( GEOMETRIC_REPRESENTATION_CONTEXT(2) 
PARAMETRIC_REPRESENTATION_CONTEXT() REPRESENTATION_CONTEXT('2D SPACE',''
  ) );
#299 = PCURVE('',#300,#305);
#300 = PLANE('',#301);
#301 = AXIS2_PLACEMENT_3D('',#302,#303,#304);
#302 = CARTESIAN_POINT('',(0.,-102.,340.));
#303 = DIRECTION('',(0.,-1.,2.22044604925E-16));
#304 = DIRECTION('',(1.,0.,0.));
#305 = DEFINITIONAL_REPRESENTATION('',(#306),#310);
#306 = CIRCLE('',#307,32.);
#307 = AXIS2_PLACEMENT_2D('',#308,#309);
#308 = CARTESIAN_POINT('',(0.,0.));
#309 = DIRECTION('',(1.,0.));
#310 = ( GEOMETRIC_REPRESENTATION_CONTEXT(2) 
PARAMETRIC_REPRESENTATION_CONTEXT() REPRESENTATION_CONTEXT('2D SPACE',''
  ) );
#311 = ORIENTED_EDGE('',*,*,#312,.F.);
#312 = EDGE_CURVE('',#313,#279,#315,.T.);
#313 = VERTEX_POINT('',#314);
#314 = CARTESIAN_POINT('',(32.,-88.,340.));
#315 = SEAM_CURVE('',#316,(#320,#327),.PCURVE_S1.);
#316 = LINE('',#317,#318);
#317 = CARTESIAN_POINT('',(32.,-88.,340.));
#318 = VECTOR('',#319,1.);
#319 = DIRECTION('',(0.,-1.,2.22044604925E-16));
#320 = PCURVE('',#288,#321);
#321 = DEFINITIONAL_REPRESENTATION('',(#322),#326);
#322 = LINE('',#323,#324);
#323 = CARTESIAN_POINT('',(6.28318530718,-0.));
#324 = VECTOR('',#325,1.);
#325 = DIRECTION('',(0.,1.));
#326 = ( GEOMETRIC_REPRESENTATION_CONTEXT(2) 
PARAMETRIC_REPRESENTATION_CONTEXT() REPRESENTATION_CONTEXT('2D SPACE',''
  ) );
#327 = PCURVE('',#288,#328);
#328 = DEFINITIONAL_REPRESENTATION('',(#329),#333);
#329 = LINE('',#330,#331);
#330 = CARTESIAN_POINT('',(0.,-0.));
#331 = VECTOR('',#332,1.);
#332 = DIRECTION('',(0.,1.));
#333 = ( GEOMETRIC_REPRESENTATION_CONTEXT(2) 
PARAMETRIC_REPRESENTATION_CONTEXT() REPRESENTATION_CONTEXT('2D SPACE',''
  ) );
#334 = ORIENTED_EDGE('',*,*,#335,.T.);
#335 = EDGE_CURVE('',#313,#313,#336,.T.);
#336 = SURFACE_CURVE('',#337,(#342,#349),.PCURVE_S1.);
#337 = CIRCLE('',#338,32.);
#338 = AXIS2_PLACEMENT_3D('',#339,#340,#341);
#339 = CARTESIAN_POINT('',(0.,-88.,340.));
#340 = DIRECTION('',(0.,-1.,2.22044604925E-16));
#341 = DIRECTION('',(1.,0.,0.));
#342 = PCURVE('',#288,#343);
#343 = DEFINITIONAL_REPRESENTATION('',(#344),#348);
#344 = LINE('',#345,#346);
#345 = CARTESIAN_POINT('',(0.,0.));
#346 = VECTOR('',#347,1.);
#347 = DIRECTION('',(1.,0.));
#348 = ( GEOMETRIC_REPRESENTATION_CONTEXT(2) 
PARAMETRIC_REPRESENTATION_CONTEXT() REPRESENTATION_CONTEXT('2D SPACE',''
  ) );
#349 = PCURVE('',#350,#355);
#350 = PLANE('',#351);
#351 = AXIS2_PLACEMENT_3D('',#352,#353,#354);
#352 = CARTESIAN_POINT('',(0.,-88.,340.));
#353 = DIRECTION('',(0.,-1.,2.22044604925E-16));
#354 = DIRECTION('',(1.,0.,0.));
#355 = DEFINITIONAL_REPRESENTATION('',(#356),#360);
#356 = CIRCLE('',#357,32.);
#357 = AXIS2_PLACEMENT_2D('',#358,#359);
#358 = CARTESIAN_POINT('',(0.,0.));
#359 = DIRECTION('',(1.,0.));
#360 = ( GEOMETRIC_REPRESENTATION_CONTEXT(2) 
PARAMETRIC_REPRESENTATION_CONTEXT() REPRESENTATION_CONTEXT('2D SPACE',''
  ) );
#361 = ORIENTED_EDGE('',*,*,#312,.T.);
#362 = ADVANCED_FACE('',(#363),#300,.T.);
#363 = FACE_BOUND('',#364,.T.);
#364 = EDGE_LOOP('',(#365));
#365 = ORIENTED_EDGE('',*,*,#278,.T.);
#366 = ADVANCED_FACE('',(#367),#350,.F.);
#367 = FACE_BOUND('',#368,.T.);
#368 = EDGE_LOOP('',(#369));
#369 = ORIENTED_EDGE('',*,*,#335,.F.);
#370 = ( GEOMETRIC_REPRESENTATION_CONTEXT(3) 
GLOBAL_UNCERTAINTY_ASSIGNED_CONTEXT((#374)) GLOBAL_UNIT_ASSIGNED_CONTEXT
((#371,#372,#373)) REPRESENTATION_CONTEXT('Context #1',
  '3D Context with UNIT and UNCERTAINTY') );
#371 = ( LENGTH_UNIT() NAMED_UNIT(*) SI_UNIT(.MILLI.,.METRE.) );
#372 = ( NAMED_UNIT(*) PLANE_ANGLE_UNIT() SI_UNIT($,.RADIAN.) );
#373 = ( NAMED_UNIT(*) SI_UNIT($,.STERADIAN.) SOLID_ANGLE_UNIT() );
#374 = UNCERTAINTY_MEASURE_WITH_UNIT(LENGTH_MEASURE(1.E-07),#371,
  'distance_accuracy_value','confusion accuracy');
#375 = CONTEXT_DEPENDENT_SHAPE_REPRESENTATION(#376,#378);
#376 = ( REPRESENTATION_RELATIONSHIP('','',#44,#10) 
REPRESENTATION_RELATIONSHIP_WITH_TRANSFORMATION(#377) 
SHAPE_REPRESENTATION_RELATIONSHIP() );
#377 = ITEM_DEFINED_TRANSFORMATION('','',#11,#15);
#378 = PRODUCT_DEFINITION_SHAPE('Placement','Placement of an item',#379
  );
#379 = NEXT_ASSEMBLY_USAGE_OCCURRENCE('18','=>[0:1:1:2]','',#5,#39,$);
#380 = PRODUCT_RELATED_PRODUCT_CATEGORY('part',$,(#41));
#381 = SHAPE_DEFINITION_REPRESENTATION(#382,#388);
#382 = PRODUCT_DEFINITION_SHAPE('','',#383);
#383 = PRODUCT_DEFINITION('design','',#384,#387);
#384 = PRODUCT_DEFINITION_FORMATION('','',#385);
#385 = PRODUCT('COMPOUND','COMPOUND','',(#386));
#386 = PRODUCT_CONTEXT('',#2,'mechanical');
#387 = PRODUCT_DEFINITION_CONTEXT('part definition',#2,'design');
#388 = SHAPE_REPRESENTATION('',(#11,#389,#2605),#2703);
#389 = MANIFOLD_SOLID_BREP('',#390);
#390 = CLOSED_SHELL('',(#391,#990,#1248,#1613,#1617,#1865,#2286,#2595,
    #2601));
#391 = ADVANCED_FACE('',(#392),#407,.T.);
#392 = FACE_BOUND('',#393,.T.);
#393 = EDGE_LOOP('',(#394,#618,#641,#668,#669,#937));
#394 = ORIENTED_EDGE('',*,*,#395,.F.);
#395 = EDGE_CURVE('',#396,#398,#400,.T.);
#396 = VERTEX_POINT('',#397);
#397 = CARTESIAN_POINT('',(11.022565328627,-360.9257285205,342.));
#398 = VERTEX_POINT('',#399);
#399 = CARTESIAN_POINT('',(30.21921413622,-360.0819825224,
    323.00144152761));
#400 = SURFACE_CURVE('',#401,(#406,#418),.PCURVE_S1.);
#401 = CIRCLE('',#402,19.);
#402 = AXIS2_PLACEMENT_3D('',#403,#404,#405);
#403 = CARTESIAN_POINT('',(30.,-360.,342.));
#404 = DIRECTION('',(4.872197541446E-02,-0.998800495996,
    4.872197541446E-03));
#405 = DIRECTION('',(-0.998812351125,-4.872255371341E-02,
    5.421010862428E-20));
#406 = PCURVE('',#407,#412);
#407 = CYLINDRICAL_SURFACE('',#408,19.);
#408 = AXIS2_PLACEMENT_3D('',#409,#410,#411);
#409 = CARTESIAN_POINT('',(20.,-155.,341.));
#410 = DIRECTION('',(4.872197541446E-02,-0.998800495996,
    4.872197541446E-03));
#411 = DIRECTION('',(-0.998812351125,-4.872255371341E-02,
    5.421010862428E-20));
#412 = DEFINITIONAL_REPRESENTATION('',(#413),#417);
#413 = LINE('',#414,#415);
#414 = CARTESIAN_POINT('',(0.,205.24619363096));
#415 = VECTOR('',#416,1.);
#416 = DIRECTION('',(1.,0.));
#417 = ( GEOMETRIC_REPRESENTATION_CONTEXT(2) 
PARAMETRIC_REPRESENTATION_CONTEXT() REPRESENTATION_CONTEXT('2D SPACE',''
  ) );
#418 = PCURVE('',#419,#424);
#419 = SPHERICAL_SURFACE('',#420,19.);
#420 = AXIS2_PLACEMENT_3D('',#421,#422,#423);
#421 = CARTESIAN_POINT('',(30.,-360.,342.));
#422 = DIRECTION('',(0.,0.,1.));
#423 = DIRECTION('',(1.,0.,-0.));
#424 = DEFINITIONAL_REPRESENTATION('',(#425),#617);
#425 = B_SPLINE_CURVE_WITH_KNOTS('',8,(#426,#427,#428,#429,#430,#431,
    #432,#433,#434,#435,#436,#437,#438,#439,#440,#441,#442,#443,#444,
    #445,#446,#447,#448,#449,#450,#451,#452,#453,#454,#455,#456,#457,
    #458,#459,#460,#461,#462,#463,#464,#465,#466,#467,#468,#469,#470,
    #471,#472,#473,#474,#475,#476,#477,#478,#479,#480,#481,#482,#483,
    #484,#485,#486,#487,#488,#489,#490,#491,#492,#493,#494,#495,#496,
    #497,#498,#499,#500,#501,#502,#503,#504,#505,#506,#507,#508,#509,
    #510,#511,#512,#513,#514,#515,#516,#517,#518,#519,#520,#521,#522,
    #523,#524,#525,#526,#527,#528,#529,#530,#531,#532,#533,#534,#535,
    #536,#537,#538,#539,#540,#541,#542,#543,#544,#545,#546,#547,#548,
    #549,#550,#551,#552,#553,#554,#555,#556,#557,#558,#559,#560,#561,
    #562,#563,#564,#565,#566,#567,#568,#569,#570,#571,#572,#573,#574,
    #575,#576,#577,#578,#579,#580,#581,#582,#583,#584,#585,#586,#587,
    #588,#589,#590,#591,#592,#593,#594,#595,#596,#597,#598,#599,#600,
    #601,#602,#603,#604,#605,#606,#607,#608,#609,#610,#611,#612,#613,
    #614,#615,#616),.UNSPECIFIED.,.F.,.F.,(9,7,7,7,7,7,7,7,7,7,7,7,7,7,7
    ,7,7,7,7,7,7,7,7,7,7,7,7,9),(0.,0.417586553776,0.730776469108,
    0.965668905607,1.141838232981,1.273965228512,1.37306047516,
    1.447381910146,1.475252448265,1.49963916912,1.520977549868,
    1.539648633023,1.547817231903,1.555475293353,1.559065009657,
    1.562542547328,1.565911411946,1.569174999544,1.570755799787,
    1.572311900027,1.575375472373,1.578343308083,1.584093489772,
    1.589484285105,1.599592026355,1.617280573542,1.643813394323,
    1.670346215104),.UNSPECIFIED.);
#426 = CARTESIAN_POINT('',(3.1903345049,0.));
#427 = CARTESIAN_POINT('',(3.190588825422,-5.21976996684E-02));
#428 = CARTESIAN_POINT('',(3.190843128041,-0.10439539938));
#429 = CARTESIAN_POINT('',(3.191099578819,-0.156593093859));
#430 = CARTESIAN_POINT('',(3.191360259161,-0.208790778034));
#431 = CARTESIAN_POINT('',(3.191627384769,-0.260988446508));
#432 = CARTESIAN_POINT('',(3.191903524587,-0.313186093022));
#433 = CARTESIAN_POINT('',(3.192191819752,-0.365383709923));
#434 = CARTESIAN_POINT('',(3.19272448964,-0.456729470916));
#435 = CARTESIAN_POINT('',(3.192961844312,-0.495877632109));
#436 = CARTESIAN_POINT('',(3.193209941829,-0.535025767131));
#437 = CARTESIAN_POINT('',(3.193470818335,-0.574173871021));
#438 = CARTESIAN_POINT('',(3.19374688961,-0.613321937895));
#439 = CARTESIAN_POINT('',(3.194041148101,-0.652469960462));
#440 = CARTESIAN_POINT('',(3.194357538199,-0.691617929114));
#441 = CARTESIAN_POINT('',(3.19495948847,-0.760126756667));
#442 = CARTESIAN_POINT('',(3.19523299259,-0.789487644938));
#443 = CARTESIAN_POINT('',(3.195524297334,-0.818848489845));
#444 = CARTESIAN_POINT('',(3.195836274925,-0.84820928439));
#445 = CARTESIAN_POINT('',(3.196172403974,-0.877570020097));
#446 = CARTESIAN_POINT('',(3.196537082651,-0.906930686253));
#447 = CARTESIAN_POINT('',(3.196936245689,-0.936291268399));
#448 = CARTESIAN_POINT('',(3.197709814841,-0.987672104357));
#449 = CARTESIAN_POINT('',(3.198065483017,-1.009692403819));
#450 = CARTESIAN_POINT('',(3.198448781485,-1.031712635969));
#451 = CARTESIAN_POINT('',(3.198864208709,-1.053732789846));
#452 = CARTESIAN_POINT('',(3.199317246396,-1.075752852096));
#453 = CARTESIAN_POINT('',(3.199814902653,-1.097772805645));
#454 = CARTESIAN_POINT('',(3.200366821772,-1.119792626997));
#455 = CARTESIAN_POINT('',(3.201452064802,-1.15832702351));
#456 = CARTESIAN_POINT('',(3.201955587535,-1.174841671275));
#457 = CARTESIAN_POINT('',(3.202503300367,-1.191356211381));
#458 = CARTESIAN_POINT('',(3.203102843567,-1.207870625212));
#459 = CARTESIAN_POINT('',(3.203763561003,-1.224384890003));
#460 = CARTESIAN_POINT('',(3.204497548769,-1.240898976283));
#461 = CARTESIAN_POINT('',(3.205321917593,-1.257412842361));
#462 = CARTESIAN_POINT('',(3.20696753261,-1.286311613475));
#463 = CARTESIAN_POINT('',(3.207738046706,-1.298696642116));
#464 = CARTESIAN_POINT('',(3.208584805825,-1.311081484988));
#465 = CARTESIAN_POINT('',(3.209521354493,-1.323466109089));
#466 = CARTESIAN_POINT('',(3.210565983862,-1.335850469844));
#467 = CARTESIAN_POINT('',(3.211742594934,-1.348234509012));
#468 = CARTESIAN_POINT('',(3.213084779106,-1.36061814473));
#469 = CARTESIAN_POINT('',(3.215819832498,-1.382288566049));
#470 = CARTESIAN_POINT('',(3.217116166918,-1.391575586891));
#471 = CARTESIAN_POINT('',(3.218559882938,-1.400862248578));
#472 = CARTESIAN_POINT('',(3.220181724149,-1.410148476163));
#473 = CARTESIAN_POINT('',(3.222021221511,-1.419434173295));
#474 = CARTESIAN_POINT('',(3.22413711983,-1.428719196752));
#475 = CARTESIAN_POINT('',(3.226609721538,-1.438003350753));
#476 = CARTESIAN_POINT('',(3.230710407018,-1.450767353807));
#477 = CARTESIAN_POINT('',(3.231900465695,-1.454248270769));
#478 = CARTESIAN_POINT('',(3.233170249347,-1.45772899335));
#479 = CARTESIAN_POINT('',(3.234529359405,-1.461209498129));
#480 = CARTESIAN_POINT('',(3.235989169977,-1.464689757353));
#481 = CARTESIAN_POINT('',(3.237563476506,-1.468169737362));
#482 = CARTESIAN_POINT('',(3.239269586773,-1.471649395911));
#483 = CARTESIAN_POINT('',(3.242757588295,-1.478173050633));
#484 = CARTESIAN_POINT('',(3.24450338782,-1.481217134842));
#485 = CARTESIAN_POINT('',(3.246382120928,-1.48426089476));
#486 = CARTESIAN_POINT('',(3.24841208329,-1.487304285708));
#487 = CARTESIAN_POINT('',(3.250615285803,-1.490347253928));
#488 = CARTESIAN_POINT('',(3.253019080304,-1.493389732601));
#489 = CARTESIAN_POINT('',(3.255659123344,-1.496431634582));
#490 = CARTESIAN_POINT('',(3.261142663389,-1.50213389819));
#491 = CARTESIAN_POINT('',(3.263919487366,-1.504794422621));
#492 = CARTESIAN_POINT('',(3.266946740489,-1.50745433542));
#493 = CARTESIAN_POINT('',(3.270264259087,-1.510113539144));
#494 = CARTESIAN_POINT('',(3.273923327245,-1.512771908242));
#495 = CARTESIAN_POINT('',(3.277989631703,-1.515429281845));
#496 = CARTESIAN_POINT('',(3.282551849045,-1.518085442619));
#497 = CARTESIAN_POINT('',(3.292284778072,-1.523062858757));
#498 = CARTESIAN_POINT('',(3.297308197616,-1.525384474646));
#499 = CARTESIAN_POINT('',(3.302901756675,-1.527704694332));
#500 = CARTESIAN_POINT('',(3.309182045157,-1.530023231078));
#501 = CARTESIAN_POINT('',(3.316299551174,-1.532339715036));
#502 = CARTESIAN_POINT('',(3.324473526426,-1.534653605012));
#503 = CARTESIAN_POINT('',(3.334005548422,-1.536964157581));
#504 = CARTESIAN_POINT('',(3.350457190406,-1.540278797725));
#505 = CARTESIAN_POINT('',(3.355830295912,-1.541286698585));
#506 = CARTESIAN_POINT('',(3.361616015968,-1.542293581091));
#507 = CARTESIAN_POINT('',(3.36787003526,-1.543299306611));
#508 = CARTESIAN_POINT('',(3.37466069547,-1.544303704523));
#509 = CARTESIAN_POINT('',(3.382072624448,-1.545306563084));
#510 = CARTESIAN_POINT('',(3.390214124086,-1.546307610363));
#511 = CARTESIAN_POINT('',(3.407686160325,-1.548242911298));
#512 = CARTESIAN_POINT('',(3.416910524164,-1.549177429406));
#513 = CARTESIAN_POINT('',(3.427026441688,-1.550109722416));
#514 = CARTESIAN_POINT('',(3.438183653186,-1.551039411208));
#515 = CARTESIAN_POINT('',(3.450576047848,-1.551966000025));
#516 = CARTESIAN_POINT('',(3.464454319339,-1.552888845859));
#517 = CARTESIAN_POINT('',(3.480160078203,-1.553807065373));
#518 = CARTESIAN_POINT('',(3.506665072688,-1.555146913889));
#519 = CARTESIAN_POINT('',(3.515638350603,-1.555573210529));
#520 = CARTESIAN_POINT('',(3.525178648282,-1.555998053086));
#521 = CARTESIAN_POINT('',(3.535347338614,-1.556421277908));
#522 = CARTESIAN_POINT('',(3.54621594848,-1.556842693116));
#523 = CARTESIAN_POINT('',(3.557869001009,-1.557262069892));
#524 = CARTESIAN_POINT('',(3.570408136339,-1.557679129151));
#525 = CARTESIAN_POINT('',(3.597083467466,-1.558494968185));
#526 = CARTESIAN_POINT('',(3.611157522914,-1.55889391159));
#527 = CARTESIAN_POINT('',(3.626292648661,-1.559290038788));
#528 = CARTESIAN_POINT('',(3.642621878991,-1.559682970518));
#529 = CARTESIAN_POINT('',(3.660303270067,-1.560072251469));
#530 = CARTESIAN_POINT('',(3.679527001153,-1.56045732308));
#531 = CARTESIAN_POINT('',(3.700524618036,-1.560837480932));
#532 = CARTESIAN_POINT('',(3.745915725481,-1.561574454537));
#533 = CARTESIAN_POINT('',(3.770182565622,-1.561931628264));
#534 = CARTESIAN_POINT('',(3.796639372089,-1.562282510717));
#535 = CARTESIAN_POINT('',(3.825590368404,-1.562626093116));
#536 = CARTESIAN_POINT('',(3.857395698482,-1.562961124374));
#537 = CARTESIAN_POINT('',(3.892475975946,-1.563286043858));
#538 = CARTESIAN_POINT('',(3.931321856454,-1.563598846794));
#539 = CARTESIAN_POINT('',(4.016181767789,-1.564185837236));
#540 = CARTESIAN_POINT('',(4.061933949667,-1.564460925737));
#541 = CARTESIAN_POINT('',(4.112128168852,-1.564719966585));
#542 = CARTESIAN_POINT('',(4.167216604383,-1.564960183645));
#543 = CARTESIAN_POINT('',(4.227576988187,-1.565178309386));
#544 = CARTESIAN_POINT('',(4.293443113434,-1.565370467364));
#545 = CARTESIAN_POINT('',(4.364503511671,-1.565532621377));
#546 = CARTESIAN_POINT('',(4.476399360003,-1.565723819815));
#547 = CARTESIAN_POINT('',(4.51392680976,-1.565778387033));
#548 = CARTESIAN_POINT('',(4.552369158549,-1.565824750181));
#549 = CARTESIAN_POINT('',(4.591596840399,-1.565862566126));
#550 = CARTESIAN_POINT('',(4.631448430235,-1.565891549756));
#551 = CARTESIAN_POINT('',(4.67173659475,-1.5659114965));
#552 = CARTESIAN_POINT('',(4.712259161217,-1.565922297866));
#553 = CARTESIAN_POINT('',(4.792733203879,-1.565925559313));
#554 = CARTESIAN_POINT('',(4.83268368448,-1.565918303336));
#555 = CARTESIAN_POINT('',(4.872470693704,-1.565902161792));
#556 = CARTESIAN_POINT('',(4.911898930362,-1.565877213124));
#557 = CARTESIAN_POINT('',(4.950784281219,-1.565843627892));
#558 = CARTESIAN_POINT('',(4.988964882435,-1.565801656226));
#559 = CARTESIAN_POINT('',(5.0263078019,-1.565751608032));
#560 = CARTESIAN_POINT('',(5.134372770681,-1.565580089034));
#561 = CARTESIAN_POINT('',(5.202385447652,-1.565436396889));
#562 = CARTESIAN_POINT('',(5.265950662524,-1.565265425111));
#563 = CARTESIAN_POINT('',(5.324705282135,-1.56507045646));
#564 = CARTESIAN_POINT('',(5.378742623896,-1.56485476927));
#565 = CARTESIAN_POINT('',(5.428325475172,-1.564621214796));
#566 = CARTESIAN_POINT('',(5.47380156046,-1.564372264445));
#567 = CARTESIAN_POINT('',(5.555966299371,-1.563855940298));
#568 = CARTESIAN_POINT('',(5.592885137065,-1.563589385408));
#569 = CARTESIAN_POINT('',(5.626625153167,-1.563312239274));
#570 = CARTESIAN_POINT('',(5.657534884507,-1.563026066359));
#571 = CARTESIAN_POINT('',(5.685932602108,-1.562732135161));
#572 = CARTESIAN_POINT('',(5.712096906276,-1.562431479975));
#573 = CARTESIAN_POINT('',(5.73627286487,-1.562124959797));
#574 = CARTESIAN_POINT('',(5.802071644091,-1.561209426083));
#575 = CARTESIAN_POINT('',(5.838802572989,-1.560586227916));
#576 = CARTESIAN_POINT('',(5.870410035976,-1.559948893554));
#577 = CARTESIAN_POINT('',(5.897983809828,-1.559300617124));
#578 = CARTESIAN_POINT('',(5.922286656874,-1.558643630366));
#579 = CARTESIAN_POINT('',(5.943900659862,-1.55797954937));
#580 = CARTESIAN_POINT('',(5.963265711699,-1.557309592757));
#581 = CARTESIAN_POINT('',(5.99710030755,-1.556001990273));
#582 = CARTESIAN_POINT('',(6.011800132178,-1.555364942063));
#583 = CARTESIAN_POINT('',(6.025113508293,-1.554724331272));
#584 = CARTESIAN_POINT('',(6.037252138819,-1.554080720057));
#585 = CARTESIAN_POINT('',(6.048381075691,-1.553434541908));
#586 = CARTESIAN_POINT('',(6.058633041347,-1.552786143168));
#587 = CARTESIAN_POINT('',(6.06811596629,-1.552135803));
#588 = CARTESIAN_POINT('',(6.093426381024,-1.550261158327));
#589 = CARTESIAN_POINT('',(6.107544981664,-1.549032551614));
#590 = CARTESIAN_POINT('',(6.119866246725,-1.547799454419));
#591 = CARTESIAN_POINT('',(6.130753734964,-1.546562785662));
#592 = CARTESIAN_POINT('',(6.140473149171,-1.545323216651));
#593 = CARTESIAN_POINT('',(6.149218744413,-1.544081233882));
#594 = CARTESIAN_POINT('',(6.157141861053,-1.542837216244));
#595 = CARTESIAN_POINT('',(6.176995253455,-1.539411386397));
#596 = CARTESIAN_POINT('',(6.187474252484,-1.537225988491));
#597 = CARTESIAN_POINT('',(6.196435057354,-1.535036854609));
#598 = CARTESIAN_POINT('',(6.204218956376,-1.532844827371));
#599 = CARTESIAN_POINT('',(6.211073927054,-1.530650520347));
#600 = CARTESIAN_POINT('',(6.217168771932,-1.528454348777));
#601 = CARTESIAN_POINT('',(6.222634177513,-1.526256634603));
#602 = CARTESIAN_POINT('',(6.234971757395,-1.520759101328));
#603 = CARTESIAN_POINT('',(6.241181087717,-1.517457658636));
#604 = CARTESIAN_POINT('',(6.246532563291,-1.514154117659));
#605 = CARTESIAN_POINT('',(6.251212494528,-1.510848934839));
#606 = CARTESIAN_POINT('',(6.255356703256,-1.507542442988));
#607 = CARTESIAN_POINT('',(6.259059553924,-1.504234872985));
#608 = CARTESIAN_POINT('',(6.262394332031,-1.500926404123));
#609 = CARTESIAN_POINT('',(6.26844006476,-1.494307943316));
#610 = CARTESIAN_POINT('',(6.271151091687,-1.49099795155));
#611 = CARTESIAN_POINT('',(6.273606342218,-1.4876873355));
#612 = CARTESIAN_POINT('',(6.275846429617,-1.484376194405));
#613 = CARTESIAN_POINT('',(6.277902013895,-1.481064603151));
#614 = CARTESIAN_POINT('',(6.279797542296,-1.477752621434));
#615 = CARTESIAN_POINT('',(6.281553233734,-1.474440298623));
#616 = CARTESIAN_POINT('',(6.28318530718,-1.471127674304));
#617 = ( GEOMETRIC_REPRESENTATION_CONTEXT(2) 
PARAMETRIC_REPRESENTATION_CONTEXT() REPRESENTATION_CONTEXT('2D SPACE',''
  ) );
#618 = ORIENTED_EDGE('',*,*,#619,.F.);
#619 = EDGE_CURVE('',#620,#396,#622,.T.);
#620 = VERTEX_POINT('',#621);
#621 = CARTESIAN_POINT('',(1.022565328627,-155.9257285205,341.));
#622 = SEAM_CURVE('',#623,(#627,#634),.PCURVE_S1.);
#623 = LINE('',#624,#625);
#624 = CARTESIAN_POINT('',(1.022565328627,-155.9257285205,341.));
#625 = VECTOR('',#626,1.);
#626 = DIRECTION('',(4.872197541446E-02,-0.998800495996,
    4.872197541446E-03));
#627 = PCURVE('',#407,#628);
#628 = DEFINITIONAL_REPRESENTATION('',(#629),#633);
#629 = LINE('',#630,#631);
#630 = CARTESIAN_POINT('',(6.28318530718,-0.));
#631 = VECTOR('',#632,1.);
#632 = DIRECTION('',(0.,1.));
#633 = ( GEOMETRIC_REPRESENTATION_CONTEXT(2) 
PARAMETRIC_REPRESENTATION_CONTEXT() REPRESENTATION_CONTEXT('2D SPACE',''
  ) );
#634 = PCURVE('',#407,#635);
#635 = DEFINITIONAL_REPRESENTATION('',(#636),#640);
#636 = LINE('',#637,#638);
#637 = CARTESIAN_POINT('',(0.,-0.));
#638 = VECTOR('',#639,1.);
#639 = DIRECTION('',(0.,1.));
#640 = ( GEOMETRIC_REPRESENTATION_CONTEXT(2) 
PARAMETRIC_REPRESENTATION_CONTEXT() REPRESENTATION_CONTEXT('2D SPACE',''
  ) );
#641 = ORIENTED_EDGE('',*,*,#642,.T.);
#642 = EDGE_CURVE('',#620,#620,#643,.T.);
#643 = SURFACE_CURVE('',#644,(#649,#656),.PCURVE_S1.);
#644 = CIRCLE('',#645,19.);
#645 = AXIS2_PLACEMENT_3D('',#646,#647,#648);
#646 = CARTESIAN_POINT('',(20.,-155.,341.));
#647 = DIRECTION('',(4.872197541446E-02,-0.998800495996,
    4.872197541446E-03));
#648 = DIRECTION('',(-0.998812351125,-4.872255371341E-02,
    5.421010862428E-20));
#649 = PCURVE('',#407,#650);
#650 = DEFINITIONAL_REPRESENTATION('',(#651),#655);
#651 = LINE('',#652,#653);
#652 = CARTESIAN_POINT('',(0.,0.));
#653 = VECTOR('',#654,1.);
#654 = DIRECTION('',(1.,0.));
#655 = ( GEOMETRIC_REPRESENTATION_CONTEXT(2) 
PARAMETRIC_REPRESENTATION_CONTEXT() REPRESENTATION_CONTEXT('2D SPACE',''
  ) );
#656 = PCURVE('',#657,#662);
#657 = PLANE('',#658);
#658 = AXIS2_PLACEMENT_3D('',#659,#660,#661);
#659 = CARTESIAN_POINT('',(20.,-155.,341.));
#660 = DIRECTION('',(4.872197541446E-02,-0.998800495996,
    4.872197541446E-03));
#661 = DIRECTION('',(-0.998812351125,-4.872255371341E-02,
    5.421010862428E-20));
#662 = DEFINITIONAL_REPRESENTATION('',(#663),#667);
#663 = CIRCLE('',#664,19.);
#664 = AXIS2_PLACEMENT_2D('',#665,#666);
#665 = CARTESIAN_POINT('',(0.,0.));
#666 = DIRECTION('',(1.,0.));
#667 = ( GEOMETRIC_REPRESENTATION_CONTEXT(2) 
PARAMETRIC_REPRESENTATION_CONTEXT() REPRESENTATION_CONTEXT('2D SPACE',''
  ) );
#668 = ORIENTED_EDGE('',*,*,#619,.T.);
#669 = ORIENTED_EDGE('',*,*,#670,.F.);
#670 = EDGE_CURVE('',#671,#396,#673,.T.);
#671 = VERTEX_POINT('',#672);
#672 = CARTESIAN_POINT('',(29.78078586378,-359.9180174775,
    360.99855847238));
#673 = SURFACE_CURVE('',#674,(#679,#686),.PCURVE_S1.);
#674 = CIRCLE('',#675,19.);
#675 = AXIS2_PLACEMENT_3D('',#676,#677,#678);
#676 = CARTESIAN_POINT('',(30.,-360.,342.));
#677 = DIRECTION('',(4.872197541446E-02,-0.998800495996,
    4.872197541446E-03));
#678 = DIRECTION('',(-0.998812351125,-4.872255371341E-02,
    5.421010862428E-20));
#679 = PCURVE('',#407,#680);
#680 = DEFINITIONAL_REPRESENTATION('',(#681),#685);
#681 = LINE('',#682,#683);
#682 = CARTESIAN_POINT('',(0.,205.24619363096));
#683 = VECTOR('',#684,1.);
#684 = DIRECTION('',(1.,0.));
#685 = ( GEOMETRIC_REPRESENTATION_CONTEXT(2) 
PARAMETRIC_REPRESENTATION_CONTEXT() REPRESENTATION_CONTEXT('2D SPACE',''
  ) );
#686 = PCURVE('',#419,#687);
#687 = DEFINITIONAL_REPRESENTATION('',(#688),#936);
#688 = B_SPLINE_CURVE_WITH_KNOTS('',8,(#689,#690,#691,#692,#693,#694,
    #695,#696,#697,#698,#699,#700,#701,#702,#703,#704,#705,#706,#707,
    #708,#709,#710,#711,#712,#713,#714,#715,#716,#717,#718,#719,#720,
    #721,#722,#723,#724,#725,#726,#727,#728,#729,#730,#731,#732,#733,
    #734,#735,#736,#737,#738,#739,#740,#741,#742,#743,#744,#745,#746,
    #747,#748,#749,#750,#751,#752,#753,#754,#755,#756,#757,#758,#759,
    #760,#761,#762,#763,#764,#765,#766,#767,#768,#769,#770,#771,#772,
    #773,#774,#775,#776,#777,#778,#779,#780,#781,#782,#783,#784,#785,
    #786,#787,#788,#789,#790,#791,#792,#793,#794,#795,#796,#797,#798,
    #799,#800,#801,#802,#803,#804,#805,#806,#807,#808,#809,#810,#811,
    #812,#813,#814,#815,#816,#817,#818,#819,#820,#821,#822,#823,#824,
    #825,#826,#827,#828,#829,#830,#831,#832,#833,#834,#835,#836,#837,
    #838,#839,#840,#841,#842,#843,#844,#845,#846,#847,#848,#849,#850,
    #851,#852,#853,#854,#855,#856,#857,#858,#859,#860,#861,#862,#863,
    #864,#865,#866,#867,#868,#869,#870,#871,#872,#873,#874,#875,#876,
    #877,#878,#879,#880,#881,#882,#883,#884,#885,#886,#887,#888,#889,
    #890,#891,#892,#893,#894,#895,#896,#897,#898,#899,#900,#901,#902,
    #903,#904,#905,#906,#907,#908,#909,#910,#911,#912,#913,#914,#915,
    #916,#917,#918,#919,#920,#921,#922,#923,#924,#925,#926,#927,#928,
    #929,#930,#931,#932,#933,#934,#935),.UNSPECIFIED.,.F.,.F.,(9,7,7,7,7
    ,7,7,7,7,7,7,7,7,7,7,7,7,7,7,7,7,7,7,7,7,7,7,7,7,7,7,7,7,7,7,9),(
    1.670346215104,1.742421825917,1.884320684707,2.159249723611,
    2.674741671557,3.576852580463,3.915144171303,4.211149313287,
    4.340651562906,4.462059921923,4.575880258501,4.629233541273,
    4.655076537615,4.667796137377,4.680416365266,4.692937997625,
    4.699149901178,4.70224372033,4.705331496867,4.70841324259,
    4.709951105935,4.713023828984,4.714557189802,4.717620916594,
    4.720678659545,4.726782201137,4.73286190077,4.744973802382,
    4.756991079764,4.780837864567,4.827786222149,4.918748664963,
    5.08930324524,5.387773760725,5.835479533952,6.28318530718),
  .UNSPECIFIED.);
#689 = CARTESIAN_POINT('',(3.006680470684E-14,-1.471127674304));
#690 = CARTESIAN_POINT('',(4.433478499308E-03,-1.462129029825));
#691 = CARTESIAN_POINT('',(7.95513707096E-03,-1.453128161392));
#692 = CARTESIAN_POINT('',(1.089333846444E-02,-1.444125870545));
#693 = CARTESIAN_POINT('',(1.339066216961E-02,-1.435122504836));
#694 = CARTESIAN_POINT('',(1.555593758123E-02,-1.426118329838));
#695 = CARTESIAN_POINT('',(1.745385944539E-02,-1.417113503155));
#696 = CARTESIAN_POINT('',(1.913620799624E-02,-1.408108151096));
#697 = CARTESIAN_POINT('',(2.360056078873E-02,-1.381372220212));
#698 = CARTESIAN_POINT('',(2.586931426765E-02,-1.363640390551));
#699 = CARTESIAN_POINT('',(2.773097975644E-02,-1.345907568971));
#700 = CARTESIAN_POINT('',(2.928753817929E-02,-1.328174003916));
#701 = CARTESIAN_POINT('',(3.062442608244E-02,-1.310439903662));
#702 = CARTESIAN_POINT('',(3.178512694231E-02,-1.292705374107));
#703 = CARTESIAN_POINT('',(3.28070988342E-02,-1.274970506557));
#704 = CARTESIAN_POINT('',(3.547535783877E-02,-1.222873519893));
#705 = CARTESIAN_POINT('',(3.680907504335E-02,-1.188510639234));
#706 = CARTESIAN_POINT('',(3.790276913064E-02,-1.154147173816));
#707 = CARTESIAN_POINT('',(3.881643835831E-02,-1.119783269811));
#708 = CARTESIAN_POINT('',(3.960388904176E-02,-1.085419058305));
#709 = CARTESIAN_POINT('',(4.028997776875E-02,-1.051054599864));
#710 = CARTESIAN_POINT('',(4.089740673455E-02,-1.01668994979));
#711 = CARTESIAN_POINT('',(4.245971428073E-02,-0.917891132442));
#712 = CARTESIAN_POINT('',(4.325379320139E-02,-0.85345657343));
#713 = CARTESIAN_POINT('',(4.392234549522E-02,-0.789021708617));
#714 = CARTESIAN_POINT('',(4.449768303789E-02,-0.724586616709));
#715 = CARTESIAN_POINT('',(4.500884718527E-02,-0.660151368484));
#716 = CARTESIAN_POINT('',(4.546957064982E-02,-0.595715997365));
#717 = CARTESIAN_POINT('',(4.589252081108E-02,-0.53128053423));
#718 = CARTESIAN_POINT('',(4.69751847187E-02,-0.354082814619));
#719 = CARTESIAN_POINT('',(4.75746874299E-02,-0.241320411463));
#720 = CARTESIAN_POINT('',(4.813147931383E-02,-0.128557904258));
#721 = CARTESIAN_POINT('',(4.866699700469E-02,-1.579534522615E-02));
#722 = CARTESIAN_POINT('',(4.920048845525E-02,9.696721874169E-02));
#723 = CARTESIAN_POINT('',(4.97511012228E-02,0.209729741));
#724 = CARTESIAN_POINT('',(5.033923115134E-02,0.322492171861));
#725 = CARTESIAN_POINT('',(5.125800820787E-02,0.477540246082));
#726 = CARTESIAN_POINT('',(5.151985523317E-02,0.519826057047));
#727 = CARTESIAN_POINT('',(5.179517961501E-02,0.562111835179));
#728 = CARTESIAN_POINT('',(5.208675972677E-02,0.60439757371));
#729 = CARTESIAN_POINT('',(5.239792285748E-02,0.646683264534));
#730 = CARTESIAN_POINT('',(5.273287874298E-02,0.688968897396));
#731 = CARTESIAN_POINT('',(5.309741019389E-02,0.731254458207));
#732 = CARTESIAN_POINT('',(5.385211761847E-02,0.810539711247));
#733 = CARTESIAN_POINT('',(5.42333856548E-02,0.847539425177));
#734 = CARTESIAN_POINT('',(5.464950334324E-02,0.884539054207));
#735 = CARTESIAN_POINT('',(5.510751239364E-02,0.921538581184));
#736 = CARTESIAN_POINT('',(5.561754345469E-02,0.958537981425));
#737 = CARTESIAN_POINT('',(5.619294912105E-02,0.995537222402));
#738 = CARTESIAN_POINT('',(5.685318711882E-02,1.032536256712));
#739 = CARTESIAN_POINT('',(5.797545683057E-02,1.085721946632));
#740 = CARTESIAN_POINT('',(5.834008712859E-02,1.101908839534));
#741 = CARTESIAN_POINT('',(5.873075386616E-02,1.118095669006));
#742 = CARTESIAN_POINT('',(5.915112400143E-02,1.134282426113));
#743 = CARTESIAN_POINT('',(5.96056160065E-02,1.150469100091));
#744 = CARTESIAN_POINT('',(6.009973815196E-02,1.166655677519));
#745 = CARTESIAN_POINT('',(6.064071403182E-02,1.182842140797));
#746 = CARTESIAN_POINT('',(6.179872154474E-02,1.214203145729));
#747 = CARTESIAN_POINT('',(6.2408884318E-02,1.229377704117));
#748 = CARTESIAN_POINT('',(6.307709844607E-02,1.244552121072));
#749 = CARTESIAN_POINT('',(6.381347571393E-02,1.259726371958));
#750 = CARTESIAN_POINT('',(6.463152913459E-02,1.274900423848));
#751 = CARTESIAN_POINT('',(6.554885546116E-02,1.290074233867));
#752 = CARTESIAN_POINT('',(6.658999380303E-02,1.305247742222));
#753 = CARTESIAN_POINT('',(6.892364353178E-02,1.33464564362));
#754 = CARTESIAN_POINT('',(7.019648182684E-02,1.348870084597));
#755 = CARTESIAN_POINT('',(7.164479741851E-02,1.36309409801));
#756 = CARTESIAN_POINT('',(7.331630618131E-02,1.377317567536));
#757 = CARTESIAN_POINT('',(7.526605645234E-02,1.391540359107));
#758 = CARTESIAN_POINT('',(7.760344229591E-02,1.405762205972));
#759 = CARTESIAN_POINT('',(8.045807450467E-02,1.419982792342));
#760 = CARTESIAN_POINT('',(8.594886819899E-02,1.440866114361));
#761 = CARTESIAN_POINT('',(8.789549667662E-02,1.447530530857));
#762 = CARTESIAN_POINT('',(9.00740309558E-02,1.454194382011));
#763 = CARTESIAN_POINT('',(9.253512696921E-02,1.460857544246));
#764 = CARTESIAN_POINT('',(9.534368261603E-02,1.46751985932));
#765 = CARTESIAN_POINT('',(9.859943169197E-02,1.474181083785));
#766 = CARTESIAN_POINT('',(0.102437831381,1.480840887173));
#767 = CARTESIAN_POINT('',(0.109405349301,1.490723433924));
#768 = CARTESIAN_POINT('',(0.111879663095,1.493947775199));
#769 = CARTESIAN_POINT('',(0.114585887575,1.497171550452));
#770 = CARTESIAN_POINT('',(0.117562310446,1.500394666134));
#771 = CARTESIAN_POINT('',(0.12085890461,1.503617000058));
#772 = CARTESIAN_POINT('',(0.124540138228,1.506838394558));
#773 = CARTESIAN_POINT('',(0.128694178543,1.51005863389));
#774 = CARTESIAN_POINT('',(0.135800721671,1.514861614961));
#775 = CARTESIAN_POINT('',(0.138292186131,1.516445483889));
#776 = CARTESIAN_POINT('',(0.140947200333,1.518028952863));
#777 = CARTESIAN_POINT('',(0.143784925689,1.519611974894));
#778 = CARTESIAN_POINT('',(0.146827982433,1.521194494491));
#779 = CARTESIAN_POINT('',(0.150103663122,1.522776444662));
#780 = CARTESIAN_POINT('',(0.153645933908,1.524357741946));
#781 = CARTESIAN_POINT('',(0.161320417303,1.5275064691));
#782 = CARTESIAN_POINT('',(0.165447807433,1.529073910788));
#783 = CARTESIAN_POINT('',(0.169923005016,1.530640499708));
#784 = CARTESIAN_POINT('',(0.174797674591,1.532206108665));
#785 = CARTESIAN_POINT('',(0.180136855646,1.533770577261));
#786 = CARTESIAN_POINT('',(0.186022701817,1.535333702685));
#787 = CARTESIAN_POINT('',(0.192563557613,1.536895216977));
#788 = CARTESIAN_POINT('',(0.207207599669,1.540002070367));
#789 = CARTESIAN_POINT('',(0.2152982581,1.541547440305));
#790 = CARTESIAN_POINT('',(0.224337158436,1.543090470872));
#791 = CARTESIAN_POINT('',(0.234523410047,1.544630665446));
#792 = CARTESIAN_POINT('',(0.246115641537,1.546167380887));
#793 = CARTESIAN_POINT('',(0.259492441415,1.547699663718));
#794 = CARTESIAN_POINT('',(0.27517903089,1.549226197653));
#795 = CARTESIAN_POINT('',(0.303558512819,1.551497702569));
#796 = CARTESIAN_POINT('',(0.313776773322,1.552248888275));
#797 = CARTESIAN_POINT('',(0.324921916182,1.552997739595));
#798 = CARTESIAN_POINT('',(0.337139561217,1.553743881849));
#799 = CARTESIAN_POINT('',(0.350613702339,1.554486836379));
#800 = CARTESIAN_POINT('',(0.36557869217,1.555225990205));
#801 = CARTESIAN_POINT('',(0.382345572347,1.555960520585));
#802 = CARTESIAN_POINT('',(0.410825455473,1.557052153585));
#803 = CARTESIAN_POINT('',(0.420850753173,1.557413637128));
#804 = CARTESIAN_POINT('',(0.431487475298,1.557773526926));
#805 = CARTESIAN_POINT('',(0.442798554502,1.558131650143));
#806 = CARTESIAN_POINT('',(0.454856750764,1.558487805264));
#807 = CARTESIAN_POINT('',(0.467747093821,1.558841753901));
#808 = CARTESIAN_POINT('',(0.481570206606,1.559193208693));
#809 = CARTESIAN_POINT('',(0.511293757506,1.559889745041));
#810 = CARTESIAN_POINT('',(0.527190103908,1.560234837642));
#811 = CARTESIAN_POINT('',(0.544255236283,1.560576744522));
#812 = CARTESIAN_POINT('',(0.562628842193,1.560915049733));
#813 = CARTESIAN_POINT('',(0.582474269243,1.561249254176));
#814 = CARTESIAN_POINT('',(0.603984841119,1.561578751104));
#815 = CARTESIAN_POINT('',(0.627390226989,1.56190278952));
#816 = CARTESIAN_POINT('',(0.678480354413,1.562537430242));
#817 = CARTESIAN_POINT('',(0.706156692104,1.562848057324));
#818 = CARTESIAN_POINT('',(0.736257051918,1.563151359089));
#819 = CARTESIAN_POINT('',(0.769090244154,1.563446190777));
#820 = CARTESIAN_POINT('',(0.80500399498,1.563731168446));
#821 = CARTESIAN_POINT('',(0.844388545177,1.564004580418));
#822 = CARTESIAN_POINT('',(0.887649239842,1.564264312943));
#823 = CARTESIAN_POINT('',(0.95879610671,1.564629389965));
#824 = CARTESIAN_POINT('',(0.983527102638,1.564746892332));
#825 = CARTESIAN_POINT('',(1.009344666805,1.564860051427));
#826 = CARTESIAN_POINT('',(1.036284317959,1.564968531881));
#827 = CARTESIAN_POINT('',(1.06437338249,1.565071974615));
#828 = CARTESIAN_POINT('',(1.093626955443,1.565170000615));
#829 = CARTESIAN_POINT('',(1.124043238886,1.565262218672));
#830 = CARTESIAN_POINT('',(1.218646664253,1.565520105895));
#831 = CARTESIAN_POINT('',(1.286241156478,1.565667225343));
#832 = CARTESIAN_POINT('',(1.358192460068,1.565786466344));
#833 = CARTESIAN_POINT('',(1.433958838115,1.565874729657));
#834 = CARTESIAN_POINT('',(1.512536649404,1.565929222057));
#835 = CARTESIAN_POINT('',(1.592284738377,1.565948436061));
#836 = CARTESIAN_POINT('',(1.671591432519,1.565932551051));
#837 = CARTESIAN_POINT('',(1.787791268199,1.565858159053));
#838 = CARTESIAN_POINT('',(1.826028457914,1.565824991798));
#839 = CARTESIAN_POINT('',(1.863652494583,1.565783590879));
#840 = CARTESIAN_POINT('',(1.90051286707,1.565734202209));
#841 = CARTESIAN_POINT('',(1.936484302494,1.565677132421));
#842 = CARTESIAN_POINT('',(1.971470608136,1.565612731673));
#843 = CARTESIAN_POINT('',(2.005404136873,1.565541375889));
#844 = CARTESIAN_POINT('',(2.10385022041,1.565307745729));
#845 = CARTESIAN_POINT('',(2.165081206936,1.56512580841));
#846 = CARTESIAN_POINT('',(2.221583882923,1.564920699149));
#847 = CARTESIAN_POINT('',(2.273398376237,1.564695637569));
#848 = CARTESIAN_POINT('',(2.320831003606,1.564453504663));
#849 = CARTESIAN_POINT('',(2.36424416071,1.564196730059));
#850 = CARTESIAN_POINT('',(2.404022138102,1.563927359783));
#851 = CARTESIAN_POINT('',(2.476964516411,1.563367388598));
#852 = CARTESIAN_POINT('',(2.510141702162,1.563076830186));
#853 = CARTESIAN_POINT('',(2.540423384157,1.562777123333));
#854 = CARTESIAN_POINT('',(2.568154115128,1.562469630644));
#855 = CARTESIAN_POINT('',(2.593635104992,1.562155445816));
#856 = CARTESIAN_POINT('',(2.617124062898,1.561835457345));
#857 = CARTESIAN_POINT('',(2.63884418745,1.561510399959));
#858 = CARTESIAN_POINT('',(2.699192636352,1.560523140285));
#859 = CARTESIAN_POINT('',(2.733112448387,1.559847633214));
#860 = CARTESIAN_POINT('',(2.762268600774,1.559159223056));
#861 = CARTESIAN_POINT('',(2.787687112062,1.558460827593));
#862 = CARTESIAN_POINT('',(2.810086366642,1.557754494645));
#863 = CARTESIAN_POINT('',(2.830006668506,1.557041693718));
#864 = CARTESIAN_POINT('',(2.847856498468,1.556323536312));
#865 = CARTESIAN_POINT('',(2.879993408286,1.554881042771));
#866 = CARTESIAN_POINT('',(2.894294112252,1.554156741865));
#867 = CARTESIAN_POINT('',(2.907174806511,1.553428820996));
#868 = CARTESIAN_POINT('',(2.91886407587,1.552697878949));
#869 = CARTESIAN_POINT('',(2.929537424998,1.551964371162));
#870 = CARTESIAN_POINT('',(2.939334542607,1.551228658255));
#871 = CARTESIAN_POINT('',(2.94836765802,1.550491027596));
#872 = CARTESIAN_POINT('',(2.973387706163,1.548278868281));
#873 = CARTESIAN_POINT('',(2.987381575517,1.546799348704));
#874 = CARTESIAN_POINT('',(2.999442474475,1.545315023771));
#875 = CARTESIAN_POINT('',(3.00998890739,1.543826942161));
#876 = CARTESIAN_POINT('',(3.019323789005,1.542335864406));
#877 = CARTESIAN_POINT('',(3.027660626823,1.540842321579));
#878 = CARTESIAN_POINT('',(3.035164451774,1.539346724653));
#879 = CARTESIAN_POINT('',(3.048707127479,1.536363751008));
#880 = CARTESIAN_POINT('',(3.054757009565,1.534876401481));
#881 = CARTESIAN_POINT('',(3.0602363118,1.533387648796));
#882 = CARTESIAN_POINT('',(3.065234342234,1.531897713785));
#883 = CARTESIAN_POINT('',(3.069819849191,1.530406766138));
#884 = CARTESIAN_POINT('',(3.0740478081,1.52891494141));
#885 = CARTESIAN_POINT('',(3.077962464356,1.527422348536));
#886 = CARTESIAN_POINT('',(3.088819891903,1.52296586902));
#887 = CARTESIAN_POINT('',(3.094950163552,1.519999991264));
#888 = CARTESIAN_POINT('',(3.100277775186,1.517032149302));
#889 = CARTESIAN_POINT('',(3.104969876853,1.514062752951));
#890 = CARTESIAN_POINT('',(3.109148686053,1.51109210191));
#891 = CARTESIAN_POINT('',(3.112901381792,1.508120409578));
#892 = CARTESIAN_POINT('',(3.116295876387,1.505147842212));
#893 = CARTESIAN_POINT('',(3.125466438834,1.496320818081));
#894 = CARTESIAN_POINT('',(3.130364122243,1.490464216064));
#895 = CARTESIAN_POINT('',(3.134480571105,1.484605707706));
#896 = CARTESIAN_POINT('',(3.138002870257,1.47874574965));
#897 = CARTESIAN_POINT('',(3.14107070229,1.472884683138));
#898 = CARTESIAN_POINT('',(3.14377114747,1.467022720593));
#899 = CARTESIAN_POINT('',(3.146172808594,1.461160029469));
#900 = CARTESIAN_POINT('',(3.152496989764,1.44393659264));
#901 = CARTESIAN_POINT('',(3.15573478095,1.432574177378));
#902 = CARTESIAN_POINT('',(3.158405090307,1.421210378956));
#903 = CARTESIAN_POINT('',(3.16064947584,1.409845542378));
#904 = CARTESIAN_POINT('',(3.162581599196,1.398479944821));
#905 = CARTESIAN_POINT('',(3.164263228222,1.387113736799));
#906 = CARTESIAN_POINT('',(3.165745762799,1.375747043616));
#907 = CARTESIAN_POINT('',(3.169537370996,1.343066653766));
#908 = CARTESIAN_POINT('',(3.171434958753,1.321751954398));
#909 = CARTESIAN_POINT('',(3.172994091861,1.300436430392));
#910 = CARTESIAN_POINT('',(3.174299563281,1.279120288334));
#911 = CARTESIAN_POINT('',(3.175422419836,1.257803701361));
#912 = CARTESIAN_POINT('',(3.176398821332,1.236486757566));
#913 = CARTESIAN_POINT('',(3.177259921048,1.215169532858));
#914 = CARTESIAN_POINT('',(3.179368278501,1.15654653228));
#915 = CARTESIAN_POINT('',(3.180421003093,1.119240282467));
#916 = CARTESIAN_POINT('',(3.181299037989,1.081933607066));
#917 = CARTESIAN_POINT('',(3.182046147191,1.044626612717));
#918 = CARTESIAN_POINT('',(3.182697696599,1.007319385538));
#919 = CARTESIAN_POINT('',(3.18327276756,0.970011972065));
#920 = CARTESIAN_POINT('',(3.183787329909,0.932704411175));
#921 = CARTESIAN_POINT('',(3.184949917215,0.839435207306));
#922 = CARTESIAN_POINT('',(3.185536122557,0.783473413724));
#923 = CARTESIAN_POINT('',(3.186048511832,0.727511440315));
#924 = CARTESIAN_POINT('',(3.186505835894,0.671549332759));
#925 = CARTESIAN_POINT('',(3.186920773512,0.615587121944));
#926 = CARTESIAN_POINT('',(3.187303065779,0.5596248316));
#927 = CARTESIAN_POINT('',(3.187659196788,0.503662477524));
#928 = CARTESIAN_POINT('',(3.188330284086,0.391737669064));
#929 = CARTESIAN_POINT('',(3.18864522293,0.335775214638));
#930 = CARTESIAN_POINT('',(3.188944941093,0.279812723132));
#931 = CARTESIAN_POINT('',(3.18923344188,0.223850204299));
#932 = CARTESIAN_POINT('',(3.189513920096,0.167887665923));
#933 = CARTESIAN_POINT('',(3.189789171732,0.111925114813));
#934 = CARTESIAN_POINT('',(3.190061841029,5.596255741336E-02));
#935 = CARTESIAN_POINT('',(3.1903345049,0.));
#936 = ( GEOMETRIC_REPRESENTATION_CONTEXT(2) 
PARAMETRIC_REPRESENTATION_CONTEXT() REPRESENTATION_CONTEXT('2D SPACE',''
  ) );
#937 = ORIENTED_EDGE('',*,*,#938,.F.);
#938 = EDGE_CURVE('',#398,#671,#939,.T.);
#939 = SURFACE_CURVE('',#940,(#945,#965),.PCURVE_S1.);
#940 = ELLIPSE('',#941,26.237801776966,19.);
#941 = AXIS2_PLACEMENT_3D('',#942,#943,#944);
#942 = CARTESIAN_POINT('',(30.,-360.,342.));
#943 = DIRECTION('',(0.72406349698,-0.689640248123,1.133051233979E-02));
#944 = DIRECTION('',(-0.689636814888,-0.724139289135,-4.83254417739E-03)
  );
#945 = PCURVE('',#407,#946);
#946 = DEFINITIONAL_REPRESENTATION('',(#947),#964);
#947 = B_SPLINE_CURVE_WITH_KNOTS('',8,(#948,#949,#950,#951,#952,#953,
    #954,#955,#956,#957,#958,#959,#960,#961,#962,#963),.UNSPECIFIED.,.F.
  ,.F.,(9,7,9),(1.570796284358,3.141592640661,4.712388996964),
  .UNSPECIFIED.);
#948 = CARTESIAN_POINT('',(1.582110177777,205.24619439885));
#949 = CARTESIAN_POINT('',(1.778459722315,201.69328619145));
#950 = CARTESIAN_POINT('',(1.974809266853,198.14037710672));
#951 = CARTESIAN_POINT('',(2.17115881138,194.79619988787));
#952 = CARTESIAN_POINT('',(2.367508355945,191.86944544408));
#953 = CARTESIAN_POINT('',(2.563857900455,189.54318895831));
#954 = CARTESIAN_POINT('',(2.760207445006,187.94865266219));
#955 = CARTESIAN_POINT('',(2.956556989542,187.15138110292));
#956 = CARTESIAN_POINT('',(3.349256078618,187.15138101105));
#957 = CARTESIAN_POINT('',(3.54560562316,187.94865247822));
#958 = CARTESIAN_POINT('',(3.741955167676,189.54318868892));
#959 = CARTESIAN_POINT('',(3.938304712246,191.86944509681));
#960 = CARTESIAN_POINT('',(4.134654256757,194.79619948205));
#961 = CARTESIAN_POINT('',(4.331003801309,198.14037665928));
#962 = CARTESIAN_POINT('',(4.527353345845,201.69328572356));
#963 = CARTESIAN_POINT('',(4.723702890383,205.24619393096));
#964 = ( GEOMETRIC_REPRESENTATION_CONTEXT(2) 
PARAMETRIC_REPRESENTATION_CONTEXT() REPRESENTATION_CONTEXT('2D SPACE',''
  ) );
#965 = PCURVE('',#966,#971);
#966 = CYLINDRICAL_SURFACE('',#967,19.);
#967 = AXIS2_PLACEMENT_3D('',#968,#969,#970);
#968 = CARTESIAN_POINT('',(30.,-360.,342.));
#969 = DIRECTION('',(0.999933438599,0.,1.153769352229E-02));
#970 = DIRECTION('',(-1.153769352229E-02,0.,0.999933438599));
#971 = DEFINITIONAL_REPRESENTATION('',(#972),#989);
#972 = B_SPLINE_CURVE_WITH_KNOTS('',8,(#973,#974,#975,#976,#977,#978,
    #979,#980,#981,#982,#983,#984,#985,#986,#987,#988),.UNSPECIFIED.,.F.
  ,.F.,(9,7,9),(1.570796284358,3.141592640661,4.712388996964),
  .UNSPECIFIED.);
#973 = CARTESIAN_POINT('',(3.137277728159,-7.678919331511E-07));
#974 = CARTESIAN_POINT('',(3.333627272697,3.552907439507));
#975 = CARTESIAN_POINT('',(3.529976817229,7.105816524303));
#976 = CARTESIAN_POINT('',(3.726326361784,10.449993742659));
#977 = CARTESIAN_POINT('',(3.922675906299,13.376748187555));
#978 = CARTESIAN_POINT('',(4.119025450851,15.703004671836));
#979 = CARTESIAN_POINT('',(4.315374995384,17.297540968813));
#980 = CARTESIAN_POINT('',(4.511724539924,18.094812528042));
#981 = CARTESIAN_POINT('',(4.904423629,18.094812619913));
#982 = CARTESIAN_POINT('',(5.100773173544,17.297541152533));
#983 = CARTESIAN_POINT('',(5.297122718057,15.70300494213));
#984 = CARTESIAN_POINT('',(5.493472262635,13.376748533359));
#985 = CARTESIAN_POINT('',(5.689821807126,10.449994148796));
#986 = CARTESIAN_POINT('',(5.886171351693,7.105816971571));
#987 = CARTESIAN_POINT('',(6.082520896227,3.552907907404));
#988 = CARTESIAN_POINT('',(6.278870440765,-2.999946104865E-07));
#989 = ( GEOMETRIC_REPRESENTATION_CONTEXT(2) 
PARAMETRIC_REPRESENTATION_CONTEXT() REPRESENTATION_CONTEXT('2D SPACE',''
  ) );
#990 = ADVANCED_FACE('',(#991),#419,.T.);
#991 = FACE_BOUND('',#992,.T.);
#992 = EDGE_LOOP('',(#993,#994,#1220,#1247));
#993 = ORIENTED_EDGE('',*,*,#395,.T.);
#994 = ORIENTED_EDGE('',*,*,#995,.F.);
#995 = EDGE_CURVE('',#996,#398,#998,.T.);
#996 = VERTEX_POINT('',#997);
#997 = CARTESIAN_POINT('',(29.780783823076,-360.,360.99873533337));
#998 = SURFACE_CURVE('',#999,(#1004,#1213),.PCURVE_S1.);
#999 = CIRCLE('',#1000,19.);
#1000 = AXIS2_PLACEMENT_3D('',#1001,#1002,#1003);
#1001 = CARTESIAN_POINT('',(30.,-360.,342.));
#1002 = DIRECTION('',(0.999933438599,0.,1.153769352229E-02));
#1003 = DIRECTION('',(-1.153769352229E-02,0.,0.999933438599));
#1004 = PCURVE('',#419,#1005);
#1005 = DEFINITIONAL_REPRESENTATION('',(#1006),#1212);
#1006 = B_SPLINE_CURVE_WITH_KNOTS('',8,(#1007,#1008,#1009,#1010,#1011,
    #1012,#1013,#1014,#1015,#1016,#1017,#1018,#1019,#1020,#1021,#1022,
    #1023,#1024,#1025,#1026,#1027,#1028,#1029,#1030,#1031,#1032,#1033,
    #1034,#1035,#1036,#1037,#1038,#1039,#1040,#1041,#1042,#1043,#1044,
    #1045,#1046,#1047,#1048,#1049,#1050,#1051,#1052,#1053,#1054,#1055,
    #1056,#1057,#1058,#1059,#1060,#1061,#1062,#1063,#1064,#1065,#1066,
    #1067,#1068,#1069,#1070,#1071,#1072,#1073,#1074,#1075,#1076,#1077,
    #1078,#1079,#1080,#1081,#1082,#1083,#1084,#1085,#1086,#1087,#1088,
    #1089,#1090,#1091,#1092,#1093,#1094,#1095,#1096,#1097,#1098,#1099,
    #1100,#1101,#1102,#1103,#1104,#1105,#1106,#1107,#1108,#1109,#1110,
    #1111,#1112,#1113,#1114,#1115,#1116,#1117,#1118,#1119,#1120,#1121,
    #1122,#1123,#1124,#1125,#1126,#1127,#1128,#1129,#1130,#1131,#1132,
    #1133,#1134,#1135,#1136,#1137,#1138,#1139,#1140,#1141,#1142,#1143,
    #1144,#1145,#1146,#1147,#1148,#1149,#1150,#1151,#1152,#1153,#1154,
    #1155,#1156,#1157,#1158,#1159,#1160,#1161,#1162,#1163,#1164,#1165,
    #1166,#1167,#1168,#1169,#1170,#1171,#1172,#1173,#1174,#1175,#1176,
    #1177,#1178,#1179,#1180,#1181,#1182,#1183,#1184,#1185,#1186,#1187,
    #1188,#1189,#1190,#1191,#1192,#1193,#1194,#1195,#1196,#1197,#1198,
    #1199,#1200,#1201,#1202,#1203,#1204,#1205,#1206,#1207,#1208,#1209,
    #1210,#1211),.UNSPECIFIED.,.F.,.F.,(9,7,7,7,7,7,7,7,7,7,7,7,7,7,7,7,
    7,7,7,7,7,7,7,7,7,7,7,7,7,9),(0.,6.127495645694E-03,
    1.224302352645E-02,1.834660701682E-02,3.052993187455E-02,
    4.266566561956E-02,6.684232268968E-02,9.083009962645E-02,
    0.138430844485,0.232144810926,0.413715620906,0.754160889617,
    1.349940109862,1.796774525045,2.131900336433,2.383244694974,
    2.571752963879,2.713134165558,2.819170066818,2.898696992762,
    2.958342187221,3.003076083065,3.036626504947,3.06178932136,
    3.080661433669,3.0948155179,3.116046644248,3.126662207422,
    3.131969989009,3.137277770596),.UNSPECIFIED.);
#1007 = CARTESIAN_POINT('',(3.14159265359,1.559258377277));
#1008 = CARTESIAN_POINT('',(3.207978275138,1.559258377277));
#1009 = CARTESIAN_POINT('',(3.274363847273,1.55920026975));
#1010 = CARTESIAN_POINT('',(3.33985827757,1.559084057554));
#1011 = CARTESIAN_POINT('',(3.403568512929,1.558911366734));
#1012 = CARTESIAN_POINT('',(3.464756993939,1.558685512677));
#1013 = CARTESIAN_POINT('',(3.522983766215,1.558410741275));
#1014 = CARTESIAN_POINT('',(3.578020631179,1.558091535099));
#1015 = CARTESIAN_POINT('',(3.681484384085,1.557373765023));
#1016 = CARTESIAN_POINT('',(3.729923921567,1.556975357141));
#1017 = CARTESIAN_POINT('',(3.775056808745,1.556541452396));
#1018 = CARTESIAN_POINT('',(3.816978030987,1.556076342762));
#1019 = CARTESIAN_POINT('',(3.855878044607,1.555583874164));
#1020 = CARTESIAN_POINT('',(3.891976027967,1.555067385039));
#1021 = CARTESIAN_POINT('',(3.925499212807,1.554529753071));
#1022 = CARTESIAN_POINT('',(3.987773529437,1.553418229363));
#1023 = CARTESIAN_POINT('',(4.01653385378,1.552844410457));
#1024 = CARTESIAN_POINT('',(4.043165928659,1.55225444723));
#1025 = CARTESIAN_POINT('',(4.067880201501,1.551650390175));
#1026 = CARTESIAN_POINT('',(4.090867223407,1.551033947867));
#1027 = CARTESIAN_POINT('',(4.112295873986,1.55040655364));
#1028 = CARTESIAN_POINT('',(4.13231602951,1.549769423622));
#1029 = CARTESIAN_POINT('',(4.188473813147,1.547834458607));
#1030 = CARTESIAN_POINT('',(4.220801917039,1.546510661876));
#1031 = CARTESIAN_POINT('',(4.249094903809,1.545160451151));
#1032 = CARTESIAN_POINT('',(4.274123275507,1.543789243109));
#1033 = CARTESIAN_POINT('',(4.296451769098,1.542400945325));
#1034 = CARTESIAN_POINT('',(4.316519058542,1.540998475749));
#1035 = CARTESIAN_POINT('',(4.33466671965,1.539584084308));
#1036 = CARTESIAN_POINT('',(4.367606087886,1.53674056633));
#1037 = CARTESIAN_POINT('',(4.382410611742,1.535311519051));
#1038 = CARTESIAN_POINT('',(4.395852604031,1.533874151817));
#1039 = CARTESIAN_POINT('',(4.408135001056,1.532429748485));
#1040 = CARTESIAN_POINT('',(4.419417120148,1.530979305298));
#1041 = CARTESIAN_POINT('',(4.429827690548,1.529523621607));
#1042 = CARTESIAN_POINT('',(4.439471950625,1.528063344962));
#1043 = CARTESIAN_POINT('',(4.466299123981,1.523681790299));
#1044 = CARTESIAN_POINT('',(4.481467630439,1.520748473776));
#1045 = CARTESIAN_POINT('',(4.494636605785,1.517803310813));
#1046 = CARTESIAN_POINT('',(4.506222525295,1.514848797659));
#1047 = CARTESIAN_POINT('',(4.516527934682,1.511886748739));
#1048 = CARTESIAN_POINT('',(4.5257713205,1.508918460946));
#1049 = CARTESIAN_POINT('',(4.534122116693,1.505944940196));
#1050 = CARTESIAN_POINT('',(4.549243313824,1.500012259091));
#1051 = CARTESIAN_POINT('',(4.556025583909,1.497053168265));
#1052 = CARTESIAN_POINT('',(4.562188260447,1.494090457712));
#1053 = CARTESIAN_POINT('',(4.567825447572,1.491124681285));
#1054 = CARTESIAN_POINT('',(4.573010189977,1.488156267889));
#1055 = CARTESIAN_POINT('',(4.577801221873,1.48518556191));
#1056 = CARTESIAN_POINT('',(4.582246142581,1.482212841911));
#1057 = CARTESIAN_POINT('',(4.594596906454,1.473335812281));
#1058 = CARTESIAN_POINT('',(4.601602475283,1.467426267254));
#1059 = CARTESIAN_POINT('',(4.607710682865,1.461511513467));
#1060 = CARTESIAN_POINT('',(4.613105423381,1.455592621224));
#1061 = CARTESIAN_POINT('',(4.617921375773,1.449670374396));
#1062 = CARTESIAN_POINT('',(4.622255513486,1.443745336189));
#1063 = CARTESIAN_POINT('',(4.626183488208,1.437817945943));
#1064 = CARTESIAN_POINT('',(4.636814101784,1.420215040238));
#1065 = CARTESIAN_POINT('',(4.642518505521,1.408533746028));
#1066 = CARTESIAN_POINT('',(4.647328071249,1.396847277615));
#1067 = CARTESIAN_POINT('',(4.651455834191,1.385156867334));
#1068 = CARTESIAN_POINT('',(4.655060077605,1.373463431887));
#1069 = CARTESIAN_POINT('',(4.658240632697,1.36176754828));
#1070 = CARTESIAN_POINT('',(4.661075883955,1.350069669927));
#1071 = CARTESIAN_POINT('',(4.668558882459,1.315702268258));
#1072 = CARTESIAN_POINT('',(4.672414247287,1.293028168072));
#1073 = CARTESIAN_POINT('',(4.675609394699,1.270350256376));
#1074 = CARTESIAN_POINT('',(4.678308914277,1.247669483245));
#1075 = CARTESIAN_POINT('',(4.680644085725,1.224986607162));
#1076 = CARTESIAN_POINT('',(4.682687027144,1.202302044302));
#1077 = CARTESIAN_POINT('',(4.68449744053,1.179616139432));
#1078 = CARTESIAN_POINT('',(4.689152553374,1.114390989756));
#1079 = CARTESIAN_POINT('',(4.691516556261,1.071848970747));
#1080 = CARTESIAN_POINT('',(4.69348465093,1.029304667269));
#1081 = CARTESIAN_POINT('',(4.695156607911,0.986758654962));
#1082 = CARTESIAN_POINT('',(4.696615687875,0.944211414408));
#1083 = CARTESIAN_POINT('',(4.697904683748,0.901663192471));
#1084 = CARTESIAN_POINT('',(4.699060377672,0.859114201423));
#1085 = CARTESIAN_POINT('',(4.701940239211,0.742102754963));
#1086 = CARTESIAN_POINT('',(4.703440933547,0.667639010186));
#1087 = CARTESIAN_POINT('',(4.704745477475,0.593174133745));
#1088 = CARTESIAN_POINT('',(4.705907269901,0.518708433706));
#1089 = CARTESIAN_POINT('',(4.706970054858,0.444242162474));
#1090 = CARTESIAN_POINT('',(4.707958947893,0.369775464932));
#1091 = CARTESIAN_POINT('',(4.708896012291,0.295308468378));
#1092 = CARTESIAN_POINT('',(4.710475469165,0.164990875913));
#1093 = CARTESIAN_POINT('',(4.711132985802,0.109140367257));
#1094 = CARTESIAN_POINT('',(4.711778483382,5.328978925931E-02));
#1095 = CARTESIAN_POINT('',(4.712418322615,-2.560821382148E-03));
#1096 = CARTESIAN_POINT('',(4.713058363322,-5.841143086126E-02));
#1097 = CARTESIAN_POINT('',(4.713704477242,-0.114262005303));
#1098 = CARTESIAN_POINT('',(4.714363060831,-0.170112507804));
#1099 = CARTESIAN_POINT('',(4.715550413496,-0.26785068623));
#1100 = CARTESIAN_POINT('',(4.716070483736,-0.30973841234));
#1101 = CARTESIAN_POINT('',(4.716604890141,-0.351626055742));
#1102 = CARTESIAN_POINT('',(4.71715718138,-0.393513595961));
#1103 = CARTESIAN_POINT('',(4.717731395728,-0.435401009699));
#1104 = CARTESIAN_POINT('',(4.718332324047,-0.477288269316));
#1105 = CARTESIAN_POINT('',(4.718965963453,-0.519175340212));
#1106 = CARTESIAN_POINT('',(4.720145810331,-0.592477304781));
#1107 = CARTESIAN_POINT('',(4.720674282241,-0.623892300778));
#1108 = CARTESIAN_POINT('',(4.721228872698,-0.655307146086));
#1109 = CARTESIAN_POINT('',(4.72181356041,-0.68672181775));
#1110 = CARTESIAN_POINT('',(4.722433074746,-0.718136288482));
#1111 = CARTESIAN_POINT('',(4.72309322146,-0.749550524785));
#1112 = CARTESIAN_POINT('',(4.723801466881,-0.78096448358));
#1113 = CARTESIAN_POINT('',(4.725142515823,-0.83593832516));
#1114 = CARTESIAN_POINT('',(4.725749926156,-0.859498354457));
#1115 = CARTESIAN_POINT('',(4.72639419704,-0.883058171078));
#1116 = CARTESIAN_POINT('',(4.727080434278,-0.906617745564));
#1117 = CARTESIAN_POINT('',(4.727814751142,-0.930177042639));
#1118 = CARTESIAN_POINT('',(4.728604696181,-0.953736018744));
#1119 = CARTESIAN_POINT('',(4.72946002168,-0.977294617603));
#1120 = CARTESIAN_POINT('',(4.731094121117,-1.018521373479));
#1121 = CARTESIAN_POINT('',(4.731838590381,-1.036189728439));
#1122 = CARTESIAN_POINT('',(4.732632685835,-1.053857797045));
#1123 = CARTESIAN_POINT('',(4.733483108805,-1.07152554062));
#1124 = CARTESIAN_POINT('',(4.734397892689,-1.089192912802));
#1125 = CARTESIAN_POINT('',(4.735386965275,-1.106859856294));
#1126 = CARTESIAN_POINT('',(4.736463157374,-1.124526297036));
#1127 = CARTESIAN_POINT('',(4.738529033106,-1.155441514885));
#1128 = CARTESIAN_POINT('',(4.739473101711,-1.16869055524));
#1129 = CARTESIAN_POINT('',(4.740483080819,-1.181939215212));
#1130 = CARTESIAN_POINT('',(4.741567784631,-1.195187443916));
#1131 = CARTESIAN_POINT('',(4.742737779203,-1.208435180355));
#1132 = CARTESIAN_POINT('',(4.744006118068,-1.221682349165));
#1133 = CARTESIAN_POINT('',(4.74538965863,-1.234928853008));
#1134 = CARTESIAN_POINT('',(4.748051934836,-1.258108843057));
#1135 = CARTESIAN_POINT('',(4.749270425977,-1.268042677034));
#1136 = CARTESIAN_POINT('',(4.750575905928,-1.277976008831));
#1137 = CARTESIAN_POINT('',(4.751979932139,-1.287908771695));
#1138 = CARTESIAN_POINT('',(4.753496353285,-1.297840885631));
#1139 = CARTESIAN_POINT('',(4.75514226461,-1.307772251884));
#1140 = CARTESIAN_POINT('',(4.756939711671,-1.317702743071));
#1141 = CARTESIAN_POINT('',(4.76040196555,-1.335079273431));
#1142 = CARTESIAN_POINT('',(4.76198762438,-1.342525769719));
#1143 = CARTESIAN_POINT('',(4.763687487909,-1.34997160637));
#1144 = CARTESIAN_POINT('',(4.765516622427,-1.357416696282));
#1145 = CARTESIAN_POINT('',(4.767493068336,-1.364860935152));
#1146 = CARTESIAN_POINT('',(4.769639067803,-1.372304194357));
#1147 = CARTESIAN_POINT('',(4.7719832433,-1.379746308313));
#1148 = CARTESIAN_POINT('',(4.776499089783,-1.392767617314));
#1149 = CARTESIAN_POINT('',(4.778567416094,-1.39834740973));
#1150 = CARTESIAN_POINT('',(4.780784727192,-1.403926340839));
#1151 = CARTESIAN_POINT('',(4.783170493077,-1.409504297903));
#1152 = CARTESIAN_POINT('',(4.785748002731,-1.415081146048));
#1153 = CARTESIAN_POINT('',(4.788545917605,-1.420656719227));
#1154 = CARTESIAN_POINT('',(4.791601008356,-1.426230804274));
#1155 = CARTESIAN_POINT('',(4.797482874699,-1.43598235337));
#1156 = CARTESIAN_POINT('',(4.800175834105,-1.440160592069));
#1157 = CARTESIAN_POINT('',(4.803061464715,-1.444337715141));
#1158 = CARTESIAN_POINT('',(4.806164610971,-1.448513578335));
#1159 = CARTESIAN_POINT('',(4.80951494441,-1.452688009314));
#1160 = CARTESIAN_POINT('',(4.813148885311,-1.456860796414));
#1161 = CARTESIAN_POINT('',(4.817112951701,-1.461031668982));
#1162 = CARTESIAN_POINT('',(4.824735223706,-1.468326719528));
#1163 = CARTESIAN_POINT('',(4.828222195392,-1.471451891288));
#1164 = CARTESIAN_POINT('',(4.831955269562,-1.474575634159));
#1165 = CARTESIAN_POINT('',(4.835965570624,-1.47769776657));
#1166 = CARTESIAN_POINT('',(4.840290183683,-1.480818072049));
#1167 = CARTESIAN_POINT('',(4.844974452455,-1.483936285634));
#1168 = CARTESIAN_POINT('',(4.850075919992,-1.48705207043));
#1169 = CARTESIAN_POINT('',(4.859865406408,-1.492499669754));
#1170 = CARTESIAN_POINT('',(4.864338003956,-1.494832739938));
#1171 = CARTESIAN_POINT('',(4.869119406489,-1.497164008865));
#1172 = CARTESIAN_POINT('',(4.874247573052,-1.499493253307));
#1173 = CARTESIAN_POINT('',(4.879767571323,-1.501820207949));
#1174 = CARTESIAN_POINT('',(4.885734189082,-1.504144549655));
#1175 = CARTESIAN_POINT('',(4.892216305927,-1.506465870876));
#1176 = CARTESIAN_POINT('',(4.904618064768,-1.51052197068));
#1177 = CARTESIAN_POINT('',(4.910273247985,-1.512258301988));
#1178 = CARTESIAN_POINT('',(4.916306107304,-1.513992413193));
#1179 = CARTESIAN_POINT('',(4.922761162417,-1.51572403894));
#1180 = CARTESIAN_POINT('',(4.929690978805,-1.517452865312));
#1181 = CARTESIAN_POINT('',(4.937158916316,-1.519178512734));
#1182 = CARTESIAN_POINT('',(4.945243567815,-1.5209005079));
#1183 = CARTESIAN_POINT('',(4.967246868095,-1.525194849989));
#1184 = CARTESIAN_POINT('',(4.982061502827,-1.527761872099));
#1185 = CARTESIAN_POINT('',(4.998826156398,-1.530317273014));
#1186 = CARTESIAN_POINT('',(5.017992305529,-1.532858264161));
#1187 = CARTESIAN_POINT('',(5.040167934272,-1.535381180061));
#1188 = CARTESIAN_POINT('',(5.066249652659,-1.537880286151));
#1189 = CARTESIAN_POINT('',(5.097545491689,-1.540347516419));
#1190 = CARTESIAN_POINT('',(5.156018260798,-1.543975383824));
#1191 = CARTESIAN_POINT('',(5.177430664077,-1.545172509629));
#1192 = CARTESIAN_POINT('',(5.201073908987,-1.546355372227));
#1193 = CARTESIAN_POINT('',(5.227328630674,-1.547521325921));
#1194 = CARTESIAN_POINT('',(5.25667670507,-1.548666951703));
#1195 = CARTESIAN_POINT('',(5.289720148244,-1.549787758754));
#1196 = CARTESIAN_POINT('',(5.327257410493,-1.550877567178));
#1197 = CARTESIAN_POINT('',(5.391767118153,-1.552452467006));
#1198 = CARTESIAN_POINT('',(5.414637648434,-1.552967464793));
#1199 = CARTESIAN_POINT('',(5.438997321313,-1.553471384733));
#1200 = CARTESIAN_POINT('',(5.464978994634,-1.553962948317));
#1201 = CARTESIAN_POINT('',(5.49272529953,-1.554440681318));
#1202 = CARTESIAN_POINT('',(5.522386111137,-1.554902874375));
#1203 = CARTESIAN_POINT('',(5.554110241649,-1.555347553585));
#1204 = CARTESIAN_POINT('',(5.621943500503,-1.556197414987));
#1205 = CARTESIAN_POINT('',(5.658052557277,-1.556602597415));
#1206 = CARTESIAN_POINT('',(5.696483680709,-1.556985796201));
#1207 = CARTESIAN_POINT('',(5.73734504089,-1.557344520988));
#1208 = CARTESIAN_POINT('',(5.780709997242,-1.557676024814));
#1209 = CARTESIAN_POINT('',(5.826581636041,-1.55797736939));
#1210 = CARTESIAN_POINT('',(5.874856134904,-1.558245588409));
#1211 = CARTESIAN_POINT('',(5.925305902272,-1.558477979985));
#1212 = ( GEOMETRIC_REPRESENTATION_CONTEXT(2) 
PARAMETRIC_REPRESENTATION_CONTEXT() REPRESENTATION_CONTEXT('2D SPACE',''
  ) );
#1213 = PCURVE('',#966,#1214);
#1214 = DEFINITIONAL_REPRESENTATION('',(#1215),#1219);
#1215 = LINE('',#1216,#1217);
#1216 = CARTESIAN_POINT('',(0.,0.));
#1217 = VECTOR('',#1218,1.);
#1218 = DIRECTION('',(1.,0.));
#1219 = ( GEOMETRIC_REPRESENTATION_CONTEXT(2) 
PARAMETRIC_REPRESENTATION_CONTEXT() REPRESENTATION_CONTEXT('2D SPACE',''
  ) );
#1220 = ORIENTED_EDGE('',*,*,#1221,.F.);
#1221 = EDGE_CURVE('',#671,#996,#1222,.T.);
#1222 = SURFACE_CURVE('',#1223,(#1228,#1240),.PCURVE_S1.);
#1223 = CIRCLE('',#1224,19.);
#1224 = AXIS2_PLACEMENT_3D('',#1225,#1226,#1227);
#1225 = CARTESIAN_POINT('',(30.,-360.,342.));
#1226 = DIRECTION('',(0.999933438599,0.,1.153769352229E-02));
#1227 = DIRECTION('',(-1.153769352229E-02,0.,0.999933438599));
#1228 = PCURVE('',#419,#1229);
#1229 = DEFINITIONAL_REPRESENTATION('',(#1230),#1239);
#1230 = B_SPLINE_CURVE_WITH_KNOTS('',7,(#1231,#1232,#1233,#1234,#1235,
    #1236,#1237,#1238),.UNSPECIFIED.,.F.,.F.,(8,8),(6.278870424186,
    6.28318530718),.PIECEWISE_BEZIER_KNOTS.);
#1231 = CARTESIAN_POINT('',(2.78371324868,1.558477979985));
#1232 = CARTESIAN_POINT('',(2.830584559027,1.558693887773));
#1233 = CARTESIAN_POINT('',(2.879372731336,1.558878225907));
#1234 = CARTESIAN_POINT('',(2.929882080287,1.559028670541));
#1235 = CARTESIAN_POINT('',(2.981812689609,1.559143122081));
#1236 = CARTESIAN_POINT('',(3.034740877955,1.559219958669));
#1237 = CARTESIAN_POINT('',(3.088166736609,1.559258377277));
#1238 = CARTESIAN_POINT('',(3.14159265359,1.559258377277));
#1239 = ( GEOMETRIC_REPRESENTATION_CONTEXT(2) 
PARAMETRIC_REPRESENTATION_CONTEXT() REPRESENTATION_CONTEXT('2D SPACE',''
  ) );
#1240 = PCURVE('',#966,#1241);
#1241 = DEFINITIONAL_REPRESENTATION('',(#1242),#1246);
#1242 = LINE('',#1243,#1244);
#1243 = CARTESIAN_POINT('',(0.,0.));
#1244 = VECTOR('',#1245,1.);
#1245 = DIRECTION('',(1.,0.));
#1246 = ( GEOMETRIC_REPRESENTATION_CONTEXT(2) 
PARAMETRIC_REPRESENTATION_CONTEXT() REPRESENTATION_CONTEXT('2D SPACE',''
  ) );
#1247 = ORIENTED_EDGE('',*,*,#670,.T.);
#1248 = ADVANCED_FACE('',(#1249),#966,.T.);
#1249 = FACE_BOUND('',#1250,.T.);
#1250 = EDGE_LOOP('',(#1251,#1505,#1540,#1561,#1562,#1563,#1564,#1565));
#1251 = ORIENTED_EDGE('',*,*,#1252,.T.);
#1252 = EDGE_CURVE('',#1253,#1255,#1257,.T.);
#1253 = VERTEX_POINT('',#1254);
#1254 = CARTESIAN_POINT('',(550.21920797003,-359.8355940224,
    329.00197593062));
#1255 = VERTEX_POINT('',#1256);
#1256 = CARTESIAN_POINT('',(549.78079202996,-360.1644059775,
    366.99802406937));
#1257 = SURFACE_CURVE('',#1258,(#1263,#1270),.PCURVE_S1.);
#1258 = CIRCLE('',#1259,19.);
#1259 = AXIS2_PLACEMENT_3D('',#1260,#1261,#1262);
#1260 = CARTESIAN_POINT('',(550.,-360.,348.));
#1261 = DIRECTION('',(-0.999933438599,1.291076945874E-12,
    -1.15376935223E-02));
#1262 = DIRECTION('',(1.15372615806E-02,8.652946185428E-03,
    -0.999896003651));
#1263 = PCURVE('',#966,#1264);
#1264 = DEFINITIONAL_REPRESENTATION('',(#1265),#1269);
#1265 = LINE('',#1266,#1267);
#1266 = CARTESIAN_POINT('',(3.150245707758,520.03461423255));
#1267 = VECTOR('',#1268,1.);
#1268 = DIRECTION('',(-1.,-0.));
#1269 = ( GEOMETRIC_REPRESENTATION_CONTEXT(2) 
PARAMETRIC_REPRESENTATION_CONTEXT() REPRESENTATION_CONTEXT('2D SPACE',''
  ) );
#1270 = PCURVE('',#1271,#1276);
#1271 = SPHERICAL_SURFACE('',#1272,19.);
#1272 = AXIS2_PLACEMENT_3D('',#1273,#1274,#1275);
#1273 = CARTESIAN_POINT('',(550.,-360.,348.));
#1274 = DIRECTION('',(0.,0.,1.));
#1275 = DIRECTION('',(1.,0.,-0.));
#1276 = DEFINITIONAL_REPRESENTATION('',(#1277),#1504);
#1277 = B_SPLINE_CURVE_WITH_KNOTS('',8,(#1278,#1279,#1280,#1281,#1282,
    #1283,#1284,#1285,#1286,#1287,#1288,#1289,#1290,#1291,#1292,#1293,
    #1294,#1295,#1296,#1297,#1298,#1299,#1300,#1301,#1302,#1303,#1304,
    #1305,#1306,#1307,#1308,#1309,#1310,#1311,#1312,#1313,#1314,#1315,
    #1316,#1317,#1318,#1319,#1320,#1321,#1322,#1323,#1324,#1325,#1326,
    #1327,#1328,#1329,#1330,#1331,#1332,#1333,#1334,#1335,#1336,#1337,
    #1338,#1339,#1340,#1341,#1342,#1343,#1344,#1345,#1346,#1347,#1348,
    #1349,#1350,#1351,#1352,#1353,#1354,#1355,#1356,#1357,#1358,#1359,
    #1360,#1361,#1362,#1363,#1364,#1365,#1366,#1367,#1368,#1369,#1370,
    #1371,#1372,#1373,#1374,#1375,#1376,#1377,#1378,#1379,#1380,#1381,
    #1382,#1383,#1384,#1385,#1386,#1387,#1388,#1389,#1390,#1391,#1392,
    #1393,#1394,#1395,#1396,#1397,#1398,#1399,#1400,#1401,#1402,#1403,
    #1404,#1405,#1406,#1407,#1408,#1409,#1410,#1411,#1412,#1413,#1414,
    #1415,#1416,#1417,#1418,#1419,#1420,#1421,#1422,#1423,#1424,#1425,
    #1426,#1427,#1428,#1429,#1430,#1431,#1432,#1433,#1434,#1435,#1436,
    #1437,#1438,#1439,#1440,#1441,#1442,#1443,#1444,#1445,#1446,#1447,
    #1448,#1449,#1450,#1451,#1452,#1453,#1454,#1455,#1456,#1457,#1458,
    #1459,#1460,#1461,#1462,#1463,#1464,#1465,#1466,#1467,#1468,#1469,
    #1470,#1471,#1472,#1473,#1474,#1475,#1476,#1477,#1478,#1479,#1480,
    #1481,#1482,#1483,#1484,#1485,#1486,#1487,#1488,#1489,#1490,#1491,
    #1492,#1493,#1494,#1495,#1496,#1497,#1498,#1499,#1500,#1501,#1502,
    #1503),.UNSPECIFIED.,.F.,.F.,(9,7,7,7,7,7,7,7,7,7,7,7,7,7,7,7,7,7,7,
    7,7,7,7,7,7,7,7,7,7,7,7,7,9),(0.,2.517131016887E-03,
    8.653054168433E-03,1.313765434584E-02,1.762225452324E-02,
    2.659145487805E-02,3.257092178125E-02,4.054354431886E-02,
    5.117370770233E-02,6.53472588803E-02,8.424532711758E-02,
    0.109442751434,0.143039317189,0.187834738196,0.247561966205,
    0.327198270217,0.4333800089,0.574955660478,0.763723195914,
    1.015413243162,1.350999972827,1.798448945713,2.395047576228,
    2.735961079379,2.917781614393,3.011624471175,3.059290684143,
    3.083311452883,3.107521361534,3.119673786269,3.131873867572,
    3.13798584568,3.14159265359),.UNSPECIFIED.);
#1278 = CARTESIAN_POINT('',(6.926686416863,-1.556374249869));
#1279 = CARTESIAN_POINT('',(6.909231840053,-1.556563022131));
#1280 = CARTESIAN_POINT('',(6.891255093071,-1.55674677353));
#1281 = CARTESIAN_POINT('',(6.87274503989,-1.556925241191));
#1282 = CARTESIAN_POINT('',(6.853692327158,-1.557098150008));
#1283 = CARTESIAN_POINT('',(6.83408996139,-1.557265213609));
#1284 = CARTESIAN_POINT('',(6.813933994621,-1.557426136079));
#1285 = CARTESIAN_POINT('',(6.793224295984,-1.557580614758));
#1286 = CARTESIAN_POINT('',(6.720143026796,-1.558088460175));
#1287 = CARTESIAN_POINT('',(6.665056828921,-1.55840847242));
#1288 = CARTESIAN_POINT('',(6.60677038645,-1.55868395854));
#1289 = CARTESIAN_POINT('',(6.545511638033,-1.558910416029));
#1290 = CARTESIAN_POINT('',(6.481721164227,-1.559083577737));
#1291 = CARTESIAN_POINT('',(6.416139108197,-1.559200109798));
#1292 = CARTESIAN_POINT('',(6.349662232785,-1.559258377277));
#1293 = CARTESIAN_POINT('',(6.234598904612,-1.559258377277));
#1294 = CARTESIAN_POINT('',(6.18601256133,-1.559227252062));
#1295 = CARTESIAN_POINT('',(6.137775376324,-1.559165002096));
#1296 = CARTESIAN_POINT('',(6.090238011689,-1.559072095913));
#1297 = CARTESIAN_POINT('',(6.043716473269,-1.558949477758));
#1298 = CARTESIAN_POINT('',(5.998466515366,-1.558798462281));
#1299 = CARTESIAN_POINT('',(5.954673615762,-1.558620589497));
#1300 = CARTESIAN_POINT('',(5.870253318789,-1.558214436957));
#1301 = CARTESIAN_POINT('',(5.829625844892,-1.557986157288));
#1302 = CARTESIAN_POINT('',(5.790706478064,-1.557734327575));
#1303 = CARTESIAN_POINT('',(5.753558883581,-1.55746071701));
#1304 = CARTESIAN_POINT('',(5.71819258225,-1.557167090926));
#1305 = CARTESIAN_POINT('',(5.684578053832,-1.556855135527));
#1306 = CARTESIAN_POINT('',(5.652662008897,-1.55652641964));
#1307 = CARTESIAN_POINT('',(5.561802532685,-1.555494318856));
#1308 = CARTESIAN_POINT('',(5.507747795438,-1.554744980296));
#1309 = CARTESIAN_POINT('',(5.459661299785,-1.553945912437));
#1310 = CARTESIAN_POINT('',(5.416748227675,-1.553106604214));
#1311 = CARTESIAN_POINT('',(5.378288692318,-1.552234154616));
#1312 = CARTESIAN_POINT('',(5.343663316962,-1.551334148503));
#1313 = CARTESIAN_POINT('',(5.312349384461,-1.550410944446));
#1314 = CARTESIAN_POINT('',(5.264948656325,-1.548839421335));
#1315 = CARTESIAN_POINT('',(5.247265480461,-1.548202052123));
#1316 = CARTESIAN_POINT('',(5.230729555031,-1.547556955299));
#1317 = CARTESIAN_POINT('',(5.215227872751,-1.546904989622));
#1318 = CARTESIAN_POINT('',(5.200662071116,-1.546246877791));
#1319 = CARTESIAN_POINT('',(5.186946357599,-1.545583235995));
#1320 = CARTESIAN_POINT('',(5.174005572975,-1.544914595466));
#1321 = CARTESIAN_POINT('',(5.145463819088,-1.543343843533));
#1322 = CARTESIAN_POINT('',(5.130413989008,-1.542438202299));
#1323 = CARTESIAN_POINT('',(5.116466862532,-1.541525581989));
#1324 = CARTESIAN_POINT('',(5.103493480337,-1.540606853754));
#1325 = CARTESIAN_POINT('',(5.091386529092,-1.539682728083));
#1326 = CARTESIAN_POINT('',(5.080055337227,-1.5387537978));
#1327 = CARTESIAN_POINT('',(5.069422301143,-1.537820566204));
#1328 = CARTESIAN_POINT('',(5.046085329451,-1.535633985952));
#1329 = CARTESIAN_POINT('',(5.033872469317,-1.534377624832));
#1330 = CARTESIAN_POINT('',(5.022624173116,-1.533115389942));
#1331 = CARTESIAN_POINT('',(5.012215677867,-1.531848068727));
#1332 = CARTESIAN_POINT('',(5.002546233859,-1.53057628958));
#1333 = CARTESIAN_POINT('',(4.993532342584,-1.529300569698));
#1334 = CARTESIAN_POINT('',(4.985103444673,-1.52802134436));
#1335 = CARTESIAN_POINT('',(4.966662208737,-1.525029155314));
#1336 = CARTESIAN_POINT('',(4.957058522957,-1.523313748957));
#1337 = CARTESIAN_POINT('',(4.948247582201,-1.521593625113));
#1338 = CARTESIAN_POINT('',(4.940121174651,-1.519869440211));
#1339 = CARTESIAN_POINT('',(4.932592866311,-1.518141715626));
#1340 = CARTESIAN_POINT('',(4.925591774886,-1.516410877346));
#1341 = CARTESIAN_POINT('',(4.919059153033,-1.514677276947));
#1342 = CARTESIAN_POINT('',(4.904793700716,-1.510626455584));
#1343 = CARTESIAN_POINT('',(4.897386649741,-1.508307316676));
#1344 = CARTESIAN_POINT('',(4.890606753557,-1.50598449522));
#1345 = CARTESIAN_POINT('',(4.884365597829,-1.503658515938));
#1346 = CARTESIAN_POINT('',(4.87859322143,-1.501329792727));
#1347 = CARTESIAN_POINT('',(4.873232606869,-1.498998662213));
#1348 = CARTESIAN_POINT('',(4.868236828944,-1.496665400765));
#1349 = CARTESIAN_POINT('',(4.857339197923,-1.491216693623));
#1350 = CARTESIAN_POINT('',(4.851690355856,-1.488099771421));
#1351 = CARTESIAN_POINT('',(4.846526714601,-1.484980021891));
#1352 = CARTESIAN_POINT('',(4.8417781767,-1.481857856043));
#1353 = CARTESIAN_POINT('',(4.837390196224,-1.478733592986));
#1354 = CARTESIAN_POINT('',(4.833318522256,-1.475607491291));
#1355 = CARTESIAN_POINT('',(4.82952621174,-1.4724797667));
#1356 = CARTESIAN_POINT('',(4.821258511577,-1.465178368814));
#1357 = CARTESIAN_POINT('',(4.816976660003,-1.461003571732));
#1358 = CARTESIAN_POINT('',(4.813065114312,-1.456826626229));
#1359 = CARTESIAN_POINT('',(4.80946979903,-1.452647847131));
#1360 = CARTESIAN_POINT('',(4.806148797909,-1.448467478165));
#1361 = CARTESIAN_POINT('',(4.803068175894,-1.444285716517));
#1362 = CARTESIAN_POINT('',(4.800199631013,-1.44010272659));
#1363 = CARTESIAN_POINT('',(4.793947103048,-1.430339864752));
#1364 = CARTESIAN_POINT('',(4.790709923557,-1.424759142829));
#1365 = CARTESIAN_POINT('',(4.787753226242,-1.419176797635));
#1366 = CARTESIAN_POINT('',(4.785035802907,-1.413593068127));
#1367 = CARTESIAN_POINT('',(4.782525781559,-1.40800813899));
#1368 = CARTESIAN_POINT('',(4.780197388737,-1.402422159516));
#1369 = CARTESIAN_POINT('',(4.778029141261,-1.396835254122));
#1370 = CARTESIAN_POINT('',(4.773302568852,-1.383797218379));
#1371 = CARTESIAN_POINT('',(4.770855047593,-1.376345447486));
#1372 = CARTESIAN_POINT('',(4.768619052039,-1.368892454111));
#1373 = CARTESIAN_POINT('',(4.766563396308,-1.361438418684));
#1374 = CARTESIAN_POINT('',(4.764663990012,-1.35398348053));
#1375 = CARTESIAN_POINT('',(4.762901364904,-1.346527752218));
#1376 = CARTESIAN_POINT('',(4.76125929836,-1.33907132754));
#1377 = CARTESIAN_POINT('',(4.757678180825,-1.32167155722));
#1378 = CARTESIAN_POINT('',(4.75582252006,-1.311727729943));
#1379 = CARTESIAN_POINT('',(4.754125972516,-1.301782983815));
#1380 = CARTESIAN_POINT('',(4.752565028334,-1.291837454686));
#1381 = CARTESIAN_POINT('',(4.751121539095,-1.281891247401));
#1382 = CARTESIAN_POINT('',(4.749780843495,-1.271944446649));
#1383 = CARTESIAN_POINT('',(4.748530726279,-1.261997122986));
#1384 = CARTESIAN_POINT('',(4.745801856005,-1.238785615422));
#1385 = CARTESIAN_POINT('',(4.744385742115,-1.225521069921));
#1386 = CARTESIAN_POINT('',(4.743089100404,-1.212255834795));
#1387 = CARTESIAN_POINT('',(4.74189424387,-1.198990012173));
#1388 = CARTESIAN_POINT('',(4.740787523442,-1.185723680858));
#1389 = CARTESIAN_POINT('',(4.739757914008,-1.172456904501));
#1390 = CARTESIAN_POINT('',(4.738796229931,-1.159189736129));
#1391 = CARTESIAN_POINT('',(4.73669329018,-1.128232196261));
#1392 = CARTESIAN_POINT('',(4.735598992696,-1.110541553764));
#1393 = CARTESIAN_POINT('',(4.734594206594,-1.092850394712));
#1394 = CARTESIAN_POINT('',(4.733665634195,-1.075158795858));
#1395 = CARTESIAN_POINT('',(4.732803013119,-1.057466816433));
#1396 = CARTESIAN_POINT('',(4.731998052296,-1.039774504287));
#1397 = CARTESIAN_POINT('',(4.731243842001,-1.022081899296));
#1398 = CARTESIAN_POINT('',(4.729589265825,-0.98079854702));
#1399 = CARTESIAN_POINT('',(4.728723953634,-0.957207597467));
#1400 = CARTESIAN_POINT('',(4.72792535398,-0.933616262982));
#1401 = CARTESIAN_POINT('',(4.727183453468,-0.910024601347));
#1402 = CARTESIAN_POINT('',(4.726490516727,-0.886432657199));
#1403 = CARTESIAN_POINT('',(4.725840286755,-0.862840466643));
#1404 = CARTESIAN_POINT('',(4.725227541575,-0.839248059811));
#1405 = CARTESIAN_POINT('',(4.723875294687,-0.784198663433));
#1406 = CARTESIAN_POINT('',(4.72316160185,-0.752741524979));
#1407 = CARTESIAN_POINT('',(4.722496746359,-0.721284104754));
#1408 = CARTESIAN_POINT('',(4.721873116851,-0.689826446675));
#1409 = CARTESIAN_POINT('',(4.721284804018,-0.658368584838));
#1410 = CARTESIAN_POINT('',(4.720726998942,-0.626910546988));
#1411 = CARTESIAN_POINT('',(4.7201956587,-0.595452356451));
#1412 = CARTESIAN_POINT('',(4.719009813206,-0.522049600617));
#1413 = CARTESIAN_POINT('',(4.718373274343,-0.480104931664));
#1414 = CARTESIAN_POINT('',(4.71776985757,-0.438160071619));
#1415 = CARTESIAN_POINT('',(4.71719348615,-0.39621505554));
#1416 = CARTESIAN_POINT('',(4.716639312676,-0.354269911396));
#1417 = CARTESIAN_POINT('',(4.716103255695,-0.312324662732));
#1418 = CARTESIAN_POINT('',(4.715581731927,-0.270379330222));
#1419 = CARTESIAN_POINT('',(4.714391386963,-0.172506734562));
#1420 = CARTESIAN_POINT('',(4.713731396746,-0.116579420463));
#1421 = CARTESIAN_POINT('',(4.713084119123,-6.065203302262E-02));
#1422 = CARTESIAN_POINT('',(4.712443114847,-4.724609389559E-03));
#1423 = CARTESIAN_POINT('',(4.711802483262,5.120281639363E-02));
#1424 = CARTESIAN_POINT('',(4.711156345823,0.107130210412));
#1425 = CARTESIAN_POINT('',(4.710498329616,0.1630575359));
#1426 = CARTESIAN_POINT('',(4.708918012583,0.2935543694));
#1427 = CARTESIAN_POINT('',(4.707980690501,0.368123790751));
#1428 = CARTESIAN_POINT('',(4.706991755293,0.44269291433));
#1429 = CARTESIAN_POINT('',(4.705929145744,0.517261612865));
#1430 = CARTESIAN_POINT('',(4.704767758951,0.591829741521));
#1431 = CARTESIAN_POINT('',(4.703463894621,0.666397048172));
#1432 = CARTESIAN_POINT('',(4.701964213587,0.740963225078));
#1433 = CARTESIAN_POINT('',(4.699086744153,0.858135640931));
#1434 = CARTESIAN_POINT('',(4.697932086379,0.900743167263));
#1435 = CARTESIAN_POINT('',(4.696644324942,0.943349925631));
#1436 = CARTESIAN_POINT('',(4.695186726283,0.985955704033));
#1437 = CARTESIAN_POINT('',(4.693516554631,1.028560255954));
#1438 = CARTESIAN_POINT('',(4.691550661707,1.07116310144));
#1439 = CARTESIAN_POINT('',(4.689189412552,1.113763665648));
#1440 = CARTESIAN_POINT('',(4.684539944864,1.179078592844));
#1441 = CARTESIAN_POINT('',(4.682731759092,1.201795726203));
#1442 = CARTESIAN_POINT('',(4.680691365671,1.224511519401));
#1443 = CARTESIAN_POINT('',(4.678359143651,1.247225628144));
#1444 = CARTESIAN_POINT('',(4.675663073727,1.269937636822));
#1445 = CARTESIAN_POINT('',(4.672472054041,1.292646787993));
#1446 = CARTESIAN_POINT('',(4.668621719908,1.315352132869));
#1447 = CARTESIAN_POINT('',(4.661148577685,1.349766918428));
#1448 = CARTESIAN_POINT('',(4.658317073517,1.361480929733));
#1449 = CARTESIAN_POINT('',(4.655140735002,1.373192949025));
#1450 = CARTESIAN_POINT('',(4.651541282848,1.38490252346));
#1451 = CARTESIAN_POINT('',(4.647419021077,1.396609076877));
#1452 = CARTESIAN_POINT('',(4.642615876887,1.408311693746));
#1453 = CARTESIAN_POINT('',(4.636919101401,1.420009143435));
#1454 = CARTESIAN_POINT('',(4.626302700694,1.437636426371));
#1455 = CARTESIAN_POINT('',(4.622379977148,1.443572030598));
#1456 = CARTESIAN_POINT('',(4.61805163176,1.44950528595));
#1457 = CARTESIAN_POINT('',(4.613242111056,1.455435753643));
#1458 = CARTESIAN_POINT('',(4.607854567983,1.46136287125));
#1459 = CARTESIAN_POINT('',(4.601754495288,1.467285855889));
#1460 = CARTESIAN_POINT('',(4.594758233802,1.473203638666));
#1461 = CARTESIAN_POINT('',(4.582423802224,1.482093071156));
#1462 = CARTESIAN_POINT('',(4.577984748343,1.48506994942));
#1463 = CARTESIAN_POINT('',(4.573200026167,1.488044816286));
#1464 = CARTESIAN_POINT('',(4.568022094346,1.491017393546));
#1465 = CARTESIAN_POINT('',(4.562392289005,1.493987337238));
#1466 = CARTESIAN_POINT('',(4.556237651801,1.496954218986));
#1467 = CARTESIAN_POINT('',(4.549464187494,1.499917485609));
#1468 = CARTESIAN_POINT('',(4.534362497458,1.505858562227));
#1469 = CARTESIAN_POINT('',(4.526022416932,1.508836302781));
#1470 = CARTESIAN_POINT('',(4.516790817457,1.511808816877));
#1471 = CARTESIAN_POINT('',(4.506498445837,1.51477509977));
#1472 = CARTESIAN_POINT('',(4.49492704805,1.517733856022));
#1473 = CARTESIAN_POINT('',(4.481774369709,1.520683273167));
#1474 = CARTESIAN_POINT('',(4.466624335856,1.523620857608));
#1475 = CARTESIAN_POINT('',(4.439828951312,1.528008848943));
#1476 = CARTESIAN_POINT('',(4.430195993561,1.52947128118));
#1477 = CARTESIAN_POINT('',(4.419797468893,1.530929125382));
#1478 = CARTESIAN_POINT('',(4.408528212232,1.532381734565));
#1479 = CARTESIAN_POINT('',(4.396259572901,1.533828310021));
#1480 = CARTESIAN_POINT('',(4.38283231925,1.535267856261));
#1481 = CARTESIAN_POINT('',(4.36804360082,1.536699090296));
#1482 = CARTESIAN_POINT('',(4.335138156535,1.539547007704));
#1483 = CARTESIAN_POINT('',(4.317008622684,1.540963611886));
#1484 = CARTESIAN_POINT('',(4.296960649852,1.542368303846));
#1485 = CARTESIAN_POINT('',(4.274652685966,1.543758834567));
#1486 = CARTESIAN_POINT('',(4.249646021048,1.545132287099));
#1487 = CARTESIAN_POINT('',(4.221375724615,1.546484754252));
#1488 = CARTESIAN_POINT('',(4.189070832135,1.547810819292));
#1489 = CARTESIAN_POINT('',(4.132946497358,1.549749199757));
#1490 = CARTESIAN_POINT('',(4.112937273315,1.550387471542));
#1491 = CARTESIAN_POINT('',(4.09151914005,1.551016008744));
#1492 = CARTESIAN_POINT('',(4.068541975624,1.551633594349));
#1493 = CARTESIAN_POINT('',(4.043836573741,1.552238793702));
#1494 = CARTESIAN_POINT('',(4.017211937089,1.552829896269));
#1495 = CARTESIAN_POINT('',(3.988457009966,1.55340484859));
#1496 = CARTESIAN_POINT('',(3.938997618596,1.554289499031));
#1497 = CARTESIAN_POINT('',(3.919824286029,1.554611326885));
#1498 = CARTESIAN_POINT('',(3.899787898795,1.554926168166));
#1499 = CARTESIAN_POINT('',(3.878842518941,1.555233468079));
#1500 = CARTESIAN_POINT('',(3.85694235916,1.55553261877));
#1501 = CARTESIAN_POINT('',(3.834043112805,1.555822955782));
#1502 = CARTESIAN_POINT('',(3.810104501797,1.55610375728));
#1503 = CARTESIAN_POINT('',(3.785093763271,1.556374249869));
#1504 = ( GEOMETRIC_REPRESENTATION_CONTEXT(2) 
PARAMETRIC_REPRESENTATION_CONTEXT() REPRESENTATION_CONTEXT('2D SPACE',''
  ) );
#1505 = ORIENTED_EDGE('',*,*,#1506,.F.);
#1506 = EDGE_CURVE('',#1507,#1255,#1509,.T.);
#1507 = VERTEX_POINT('',#1508);
#1508 = CARTESIAN_POINT('',(549.69480815471,-360.,366.99774330643));
#1509 = SURFACE_CURVE('',#1510,(#1515,#1525),.PCURVE_S1.);
#1510 = ELLIPSE('',#1511,21.441483782315,19.);
#1511 = AXIS2_PLACEMENT_3D('',#1512,#1513,#1514);
#1512 = CARTESIAN_POINT('',(550.,-360.,348.));
#1513 = DIRECTION('',(0.886027454971,0.463414232152,1.423370918175E-02)
  );
#1514 = DIRECTION('',(0.463489202283,-0.886099529377,-2.320216670185E-03
    ));
#1515 = PCURVE('',#966,#1516);
#1516 = DEFINITIONAL_REPRESENTATION('',(#1517),#1524);
#1517 = B_SPLINE_CURVE_WITH_KNOTS('',5,(#1518,#1519,#1520,#1521,#1522,
    #1523),.UNSPECIFIED.,.F.,.F.,(6,6),(4.703735926207,4.712389010576),
  .PIECEWISE_BEZIER_KNOTS.);
#1518 = CARTESIAN_POINT('',(-8.843592524954E-12,519.94863284176));
#1519 = CARTESIAN_POINT('',(1.730616864862E-03,519.96582875072));
#1520 = CARTESIAN_POINT('',(3.461233738562E-03,519.98302498158));
#1521 = CARTESIAN_POINT('',(5.191850612276E-03,520.00022142704));
#1522 = CARTESIAN_POINT('',(6.922467485979E-03,520.01741797979));
#1523 = CARTESIAN_POINT('',(8.653084359685E-03,520.03461453255));
#1524 = ( GEOMETRIC_REPRESENTATION_CONTEXT(2) 
PARAMETRIC_REPRESENTATION_CONTEXT() REPRESENTATION_CONTEXT('2D SPACE',''
  ) );
#1525 = PCURVE('',#1526,#1531);
#1526 = CYLINDRICAL_SURFACE('',#1527,19.);
#1527 = AXIS2_PLACEMENT_3D('',#1528,#1529,#1530);
#1528 = CARTESIAN_POINT('',(550.,-360.,348.));
#1529 = DIRECTION('',(0.570342370236,0.82129301314,1.368821688566E-02));
#1530 = DIRECTION('',(0.821369965673,-0.570395809495,8.673617379884E-19)
  );
#1531 = DEFINITIONAL_REPRESENTATION('',(#1532),#1539);
#1532 = B_SPLINE_CURVE_WITH_KNOTS('',5,(#1533,#1534,#1535,#1536,#1537,
    #1538),.UNSPECIFIED.,.F.,.F.,(6,6),(4.703735926207,4.712389010576),
  .PIECEWISE_BEZIER_KNOTS.);
#1533 = CARTESIAN_POINT('',(4.699195154699,8.598139078867E-02));
#1534 = CARTESIAN_POINT('',(4.700925771573,6.878548182772E-02));
#1535 = CARTESIAN_POINT('',(4.702656388446,5.158925097043E-02));
#1536 = CARTESIAN_POINT('',(4.70438700532,3.439280551256E-02));
#1537 = CARTESIAN_POINT('',(4.706117622194,1.719625275573E-02));
#1538 = CARTESIAN_POINT('',(4.707848239067,-3.000001278508E-07));
#1539 = ( GEOMETRIC_REPRESENTATION_CONTEXT(2) 
PARAMETRIC_REPRESENTATION_CONTEXT() REPRESENTATION_CONTEXT('2D SPACE',''
  ) );
#1540 = ORIENTED_EDGE('',*,*,#1541,.F.);
#1541 = EDGE_CURVE('',#996,#1507,#1542,.T.);
#1542 = SEAM_CURVE('',#1543,(#1547,#1554),.PCURVE_S1.);
#1543 = LINE('',#1544,#1545);
#1544 = CARTESIAN_POINT('',(29.780783823076,-360.,360.99873533337));
#1545 = VECTOR('',#1546,1.);
#1546 = DIRECTION('',(0.999933438599,3.851859888774E-34,
    1.153769352229E-02));
#1547 = PCURVE('',#966,#1548);
#1548 = DEFINITIONAL_REPRESENTATION('',(#1549),#1553);
#1549 = LINE('',#1550,#1551);
#1550 = CARTESIAN_POINT('',(0.,-0.));
#1551 = VECTOR('',#1552,1.);
#1552 = DIRECTION('',(0.,1.));
#1553 = ( GEOMETRIC_REPRESENTATION_CONTEXT(2) 
PARAMETRIC_REPRESENTATION_CONTEXT() REPRESENTATION_CONTEXT('2D SPACE',''
  ) );
#1554 = PCURVE('',#966,#1555);
#1555 = DEFINITIONAL_REPRESENTATION('',(#1556),#1560);
#1556 = LINE('',#1557,#1558);
#1557 = CARTESIAN_POINT('',(6.28318530718,-0.));
#1558 = VECTOR('',#1559,1.);
#1559 = DIRECTION('',(0.,1.));
#1560 = ( GEOMETRIC_REPRESENTATION_CONTEXT(2) 
PARAMETRIC_REPRESENTATION_CONTEXT() REPRESENTATION_CONTEXT('2D SPACE',''
  ) );
#1561 = ORIENTED_EDGE('',*,*,#995,.T.);
#1562 = ORIENTED_EDGE('',*,*,#938,.T.);
#1563 = ORIENTED_EDGE('',*,*,#1221,.T.);
#1564 = ORIENTED_EDGE('',*,*,#1541,.T.);
#1565 = ORIENTED_EDGE('',*,*,#1566,.F.);
#1566 = EDGE_CURVE('',#1253,#1507,#1567,.T.);
#1567 = SURFACE_CURVE('',#1568,(#1573,#1593),.PCURVE_S1.);
#1568 = ELLIPSE('',#1569,21.441483782315,19.);
#1569 = AXIS2_PLACEMENT_3D('',#1570,#1571,#1572);
#1570 = CARTESIAN_POINT('',(550.,-360.,348.));
#1571 = DIRECTION('',(0.886027454971,0.463414232152,1.423370918175E-02)
  );
#1572 = DIRECTION('',(0.463489202283,-0.886099529377,-2.320216670185E-03
    ));
#1573 = PCURVE('',#966,#1574);
#1574 = DEFINITIONAL_REPRESENTATION('',(#1575),#1592);
#1575 = B_SPLINE_CURVE_WITH_KNOTS('',8,(#1576,#1577,#1578,#1579,#1580,
    #1581,#1582,#1583,#1584,#1585,#1586,#1587,#1588,#1589,#1590,#1591),
  .UNSPECIFIED.,.F.,.F.,(9,7,9),(1.57079634694,3.137266136574,
    4.703735926207),.UNSPECIFIED.);
#1576 = CARTESIAN_POINT('',(3.150245727903,520.03461403237));
#1577 = CARTESIAN_POINT('',(3.346054451608,518.08892917376));
#1578 = CARTESIAN_POINT('',(3.54186317531,516.14324387133));
#1579 = CARTESIAN_POINT('',(3.737671899018,514.31123787839));
#1580 = CARTESIAN_POINT('',(3.933480622716,512.70656851027));
#1581 = CARTESIAN_POINT('',(4.12928934642,511.42901830328));
#1582 = CARTESIAN_POINT('',(4.325098070127,510.55028692423));
#1583 = CARTESIAN_POINT('',(4.520906793833,510.10646449941));
#1584 = CARTESIAN_POINT('',(4.912524241241,510.08962847464));
#1585 = CARTESIAN_POINT('',(5.108332964941,510.5166148704));
#1586 = CARTESIAN_POINT('',(5.304141688644,511.37949389033));
#1587 = CARTESIAN_POINT('',(5.499950412352,512.6431588768));
#1588 = CARTESIAN_POINT('',(5.695759136048,514.23677360056));
#1589 = CARTESIAN_POINT('',(5.891567859759,516.06117592076));
#1590 = CARTESIAN_POINT('',(6.087376583467,518.0030208246));
#1591 = CARTESIAN_POINT('',(6.283185307171,519.94863284176));
#1592 = ( GEOMETRIC_REPRESENTATION_CONTEXT(2) 
PARAMETRIC_REPRESENTATION_CONTEXT() REPRESENTATION_CONTEXT('2D SPACE',''
  ) );
#1593 = PCURVE('',#1526,#1594);
#1594 = DEFINITIONAL_REPRESENTATION('',(#1595),#1612);
#1595 = B_SPLINE_CURVE_WITH_KNOTS('',8,(#1596,#1597,#1598,#1599,#1600,
    #1601,#1602,#1603,#1604,#1605,#1606,#1607,#1608,#1609,#1610,#1611),
  .UNSPECIFIED.,.F.,.F.,(9,7,9),(1.57079634694,3.137266136574,
    4.703735926207),.UNSPECIFIED.);
#1596 = CARTESIAN_POINT('',(1.566255575432,2.00175840348E-07));
#1597 = CARTESIAN_POINT('',(1.762064299136,1.945685058793));
#1598 = CARTESIAN_POINT('',(1.957873022842,3.891370361385));
#1599 = CARTESIAN_POINT('',(2.153681746538,5.723376351245));
#1600 = CARTESIAN_POINT('',(2.349490470253,7.328045723625));
#1601 = CARTESIAN_POINT('',(2.545299193942,8.605595927573));
#1602 = CARTESIAN_POINT('',(2.741107917657,9.484327308442));
#1603 = CARTESIAN_POINT('',(2.936916641361,9.928149733139));
#1604 = CARTESIAN_POINT('',(3.328534088769,9.944985757911));
#1605 = CARTESIAN_POINT('',(3.524342812467,9.517999361911));
#1606 = CARTESIAN_POINT('',(3.72015153619,8.655120341886));
#1607 = CARTESIAN_POINT('',(3.915960259837,7.391455353558));
#1608 = CARTESIAN_POINT('',(4.111768983603,5.797840632353));
#1609 = CARTESIAN_POINT('',(4.307577707284,3.973438311639));
#1610 = CARTESIAN_POINT('',(4.503386430995,2.031593407946));
#1611 = CARTESIAN_POINT('',(4.699195154699,8.598139078867E-02));
#1612 = ( GEOMETRIC_REPRESENTATION_CONTEXT(2) 
PARAMETRIC_REPRESENTATION_CONTEXT() REPRESENTATION_CONTEXT('2D SPACE',''
  ) );
#1613 = ADVANCED_FACE('',(#1614),#657,.F.);
#1614 = FACE_BOUND('',#1615,.T.);
#1615 = EDGE_LOOP('',(#1616));
#1616 = ORIENTED_EDGE('',*,*,#642,.F.);
#1617 = ADVANCED_FACE('',(#1618),#1271,.T.);
#1618 = FACE_BOUND('',#1619,.T.);
#1619 = EDGE_LOOP('',(#1620,#1621,#1753));
#1620 = ORIENTED_EDGE('',*,*,#1252,.F.);
#1621 = ORIENTED_EDGE('',*,*,#1622,.T.);
#1622 = EDGE_CURVE('',#1253,#1623,#1625,.T.);
#1623 = VERTEX_POINT('',#1624);
#1624 = CARTESIAN_POINT('',(565.60602934779,-370.8375203804,348.));
#1625 = SURFACE_CURVE('',#1626,(#1631,#1746),.PCURVE_S1.);
#1626 = CIRCLE('',#1627,19.);
#1627 = AXIS2_PLACEMENT_3D('',#1628,#1629,#1630);
#1628 = CARTESIAN_POINT('',(550.,-360.,348.));
#1629 = DIRECTION('',(-0.570342370236,-0.82129301314,-1.368821688566E-02
    ));
#1630 = DIRECTION('',(1.15372615806E-02,8.652946185428E-03,
    -0.999896003651));
#1631 = PCURVE('',#1271,#1632);
#1632 = DEFINITIONAL_REPRESENTATION('',(#1633),#1745);
#1633 = B_SPLINE_CURVE_WITH_KNOTS('',8,(#1634,#1635,#1636,#1637,#1638,
    #1639,#1640,#1641,#1642,#1643,#1644,#1645,#1646,#1647,#1648,#1649,
    #1650,#1651,#1652,#1653,#1654,#1655,#1656,#1657,#1658,#1659,#1660,
    #1661,#1662,#1663,#1664,#1665,#1666,#1667,#1668,#1669,#1670,#1671,
    #1672,#1673,#1674,#1675,#1676,#1677,#1678,#1679,#1680,#1681,#1682,
    #1683,#1684,#1685,#1686,#1687,#1688,#1689,#1690,#1691,#1692,#1693,
    #1694,#1695,#1696,#1697,#1698,#1699,#1700,#1701,#1702,#1703,#1704,
    #1705,#1706,#1707,#1708,#1709,#1710,#1711,#1712,#1713,#1714,#1715,
    #1716,#1717,#1718,#1719,#1720,#1721,#1722,#1723,#1724,#1725,#1726,
    #1727,#1728,#1729,#1730,#1731,#1732,#1733,#1734,#1735,#1736,#1737,
    #1738,#1739,#1740,#1741,#1742,#1743,#1744),.UNSPECIFIED.,.F.,.F.,(9,
    7,4,7,7,7,7,7,7,7,7,7,7,7,7,7,9),(0.,7.583854330101E-03,
    1.51677086602E-02,2.608610969354E-02,3.700451072687E-02,
    5.884131279354E-02,0.102514916927,0.131630653016,0.170451634468,
    0.22221294307,0.291228021207,0.383248125389,0.505941597632,
    0.669532893956,0.887654622387,1.17848359363,1.566255555286),
  .UNSPECIFIED.);
#1634 = CARTESIAN_POINT('',(6.926686415972,-1.556374249868));
#1635 = CARTESIAN_POINT('',(6.864295498991,-1.55607579772));
#1636 = CARTESIAN_POINT('',(6.804855522562,-1.555713194955));
#1637 = CARTESIAN_POINT('',(6.748862181012,-1.555291749809));
#1638 = CARTESIAN_POINT('',(6.696549867134,-1.554817675548));
#1639 = CARTESIAN_POINT('',(6.647893639853,-1.554297201345));
#1640 = CARTESIAN_POINT('',(6.602743463551,-1.55373594597));
#1641 = CARTESIAN_POINT('',(6.560883147982,-1.553138892483));
#1642 = CARTESIAN_POINT('',(6.483260274245,-1.551881839944));
#1643 = CARTESIAN_POINT('',(6.447497727022,-1.551221840852));
#1644 = CARTESIAN_POINT('',(6.414542869285,-1.550534697732));
#1645 = CARTESIAN_POINT('',(6.384129647644,-1.549824083974));
#1646 = CARTESIAN_POINT('',(6.315513492479,-1.548040595833));
#1647 = CARTESIAN_POINT('',(6.259153269517,-1.546150707003));
#1648 = CARTESIAN_POINT('',(6.212062071632,-1.544185497386));
#1649 = CARTESIAN_POINT('',(6.172090512115,-1.542164271327));
#1650 = CARTESIAN_POINT('',(6.150628533818,-1.54095506836));
#1651 = CARTESIAN_POINT('',(6.131007199568,-1.539731806139));
#1652 = CARTESIAN_POINT('',(6.112990429187,-1.538496408054));
#1653 = CARTESIAN_POINT('',(6.079775724572,-1.536004480167));
#1654 = CARTESIAN_POINT('',(6.064577707027,-1.534747950896));
#1655 = CARTESIAN_POINT('',(6.050593763227,-1.533482423224));
#1656 = CARTESIAN_POINT('',(6.03766794712,-1.532209117775));
#1657 = CARTESIAN_POINT('',(6.025673421103,-1.530929009068));
#1658 = CARTESIAN_POINT('',(6.014504785544,-1.529642898236));
#1659 = CARTESIAN_POINT('',(6.004072944354,-1.528351458272));
#1660 = CARTESIAN_POINT('',(5.974761631104,-1.524462838878));
#1661 = CARTESIAN_POINT('',(5.957866219627,-1.521851362011));
#1662 = CARTESIAN_POINT('',(5.94301190654,-1.51922533956));
#1663 = CARTESIAN_POINT('',(5.929805849206,-1.516587628518));
#1664 = CARTESIAN_POINT('',(5.917958348706,-1.513940329463));
#1665 = CARTESIAN_POINT('',(5.907252262679,-1.5112849982));
#1666 = CARTESIAN_POINT('',(5.897517311228,-1.508622852241));
#1667 = CARTESIAN_POINT('',(5.870819836914,-1.500618857234));
#1668 = CARTESIAN_POINT('',(5.856364525421,-1.495259452527));
#1669 = CARTESIAN_POINT('',(5.84417013231,-1.48988433524));
#1670 = CARTESIAN_POINT('',(5.833699873783,-1.484497248042));
#1671 = CARTESIAN_POINT('',(5.824562729827,-1.479100936042));
#1672 = CARTESIAN_POINT('',(5.816504408011,-1.473697162365));
#1673 = CARTESIAN_POINT('',(5.809327944749,-1.46828729902));
#1674 = CARTESIAN_POINT('',(5.798593596643,-1.459262397559));
#1675 = CARTESIAN_POINT('',(5.79462684485,-1.455650180748));
#1676 = CARTESIAN_POINT('',(5.790943643995,-1.452036009052));
#1677 = CARTESIAN_POINT('',(5.787509544216,-1.448420121066));
#1678 = CARTESIAN_POINT('',(5.784296546322,-1.444802710455));
#1679 = CARTESIAN_POINT('',(5.781281261302,-1.441183938861));
#1680 = CARTESIAN_POINT('',(5.778443765326,-1.437563943905));
#1681 = CARTESIAN_POINT('',(5.772198330107,-1.429114706769));
#1682 = CARTESIAN_POINT('',(5.768915480318,-1.424284604127));
#1683 = CARTESIAN_POINT('',(5.765878464278,-1.419452811364));
#1684 = CARTESIAN_POINT('',(5.763055910942,-1.41461954476));
#1685 = CARTESIAN_POINT('',(5.760422625358,-1.409784977869));
#1686 = CARTESIAN_POINT('',(5.757957731872,-1.404949254416));
#1687 = CARTESIAN_POINT('',(5.755643549945,-1.400112496091));
#1688 = CARTESIAN_POINT('',(5.750560739517,-1.388824550744));
#1689 = CARTESIAN_POINT('',(5.74789771728,-1.382372638713));
#1690 = CARTESIAN_POINT('',(5.745440800085,-1.375919312215));
#1691 = CARTESIAN_POINT('',(5.743162689338,-1.369464758908));
#1692 = CARTESIAN_POINT('',(5.74104166767,-1.363009128006));
#1693 = CARTESIAN_POINT('',(5.73905985381,-1.356552542327));
#1694 = CARTESIAN_POINT('',(5.737202168307,-1.350095105425));
#1695 = CARTESIAN_POINT('',(5.733127799209,-1.335025968308));
#1696 = CARTESIAN_POINT('',(5.730997817042,-1.326413673601));
#1697 = CARTESIAN_POINT('',(5.729036116581,-1.31780022527));
#1698 = CARTESIAN_POINT('',(5.727219772313,-1.309185780631));
#1699 = CARTESIAN_POINT('',(5.725530680373,-1.300570463875));
#1700 = CARTESIAN_POINT('',(5.723954006065,-1.291954376747));
#1701 = CARTESIAN_POINT('',(5.722477278788,-1.283337604767));
#1702 = CARTESIAN_POINT('',(5.719240608495,-1.263230371302));
#1703 = CARTESIAN_POINT('',(5.717550302441,-1.25173943269));
#1704 = CARTESIAN_POINT('',(5.715994572706,-1.240247572126));
#1705 = CARTESIAN_POINT('',(5.714554685593,-1.228754918025));
#1706 = CARTESIAN_POINT('',(5.713215931179,-1.217261571201));
#1707 = CARTESIAN_POINT('',(5.711966299106,-1.205767613954));
#1708 = CARTESIAN_POINT('',(5.710795716237,-1.19427311531));
#1709 = CARTESIAN_POINT('',(5.708229352697,-1.167451488478));
#1710 = CARTESIAN_POINT('',(5.706888537158,-1.152123983858));
#1711 = CARTESIAN_POINT('',(5.70565356896,-1.136795754388));
#1712 = CARTESIAN_POINT('',(5.704509452147,-1.121466902796));
#1713 = CARTESIAN_POINT('',(5.703444461221,-1.106137509396));
#1714 = CARTESIAN_POINT('',(5.702449047129,-1.090807639591));
#1715 = CARTESIAN_POINT('',(5.701515213391,-1.075477348148));
#1716 = CARTESIAN_POINT('',(5.699464561024,-1.039705789717));
#1717 = CARTESIAN_POINT('',(5.698390478413,-1.019264230126));
#1718 = CARTESIAN_POINT('',(5.697398414687,-0.998822108993));
#1719 = CARTESIAN_POINT('',(5.696476540138,-0.978379507326));
#1720 = CARTESIAN_POINT('',(5.695615630039,-0.95793648829));
#1721 = CARTESIAN_POINT('',(5.694808182254,-0.937493103252));
#1722 = CARTESIAN_POINT('',(5.694047917589,-0.917049395205));
#1723 = CARTESIAN_POINT('',(5.692371989993,-0.86934673872));
#1724 = CARTESIAN_POINT('',(5.691488978356,-0.842087566759));
#1725 = CARTESIAN_POINT('',(5.690668314649,-0.81482796799));
#1726 = CARTESIAN_POINT('',(5.689900730591,-0.787568005866));
#1727 = CARTESIAN_POINT('',(5.689178998359,-0.760307729871));
#1728 = CARTESIAN_POINT('',(5.688497231142,-0.733047180303));
#1729 = CARTESIAN_POINT('',(5.687850488848,-0.705786390982));
#1730 = CARTESIAN_POINT('',(5.68641362248,-0.642177388352));
#1731 = CARTESIAN_POINT('',(5.685647546215,-0.605829010432));
#1732 = CARTESIAN_POINT('',(5.684926741623,-0.569480322624));
#1733 = CARTESIAN_POINT('',(5.684243839635,-0.533131375373));
#1734 = CARTESIAN_POINT('',(5.683593031373,-0.496782208442));
#1735 = CARTESIAN_POINT('',(5.682969516971,-0.460432854687));
#1736 = CARTESIAN_POINT('',(5.682369192548,-0.424083342199));
#1737 = CARTESIAN_POINT('',(5.681014418947,-0.339267498311));
#1738 = CARTESIAN_POINT('',(5.680275282403,-0.290801062098));
#1739 = CARTESIAN_POINT('',(5.679562879391,-0.242334442899));
#1740 = CARTESIAN_POINT('',(5.678870594504,-0.193867685996));
#1741 = CARTESIAN_POINT('',(5.678192849667,-0.14540082957));
#1742 = CARTESIAN_POINT('',(5.677524624629,-9.693390798341E-02));
#1743 = CARTESIAN_POINT('',(5.676861131472,-4.84669540082E-02));
#1744 = CARTESIAN_POINT('',(5.676197643133,0.));
#1745 = ( GEOMETRIC_REPRESENTATION_CONTEXT(2) 
PARAMETRIC_REPRESENTATION_CONTEXT() REPRESENTATION_CONTEXT('2D SPACE',''
  ) );
#1746 = PCURVE('',#1526,#1747);
#1747 = DEFINITIONAL_REPRESENTATION('',(#1748),#1752);
#1748 = LINE('',#1749,#1750);
#1749 = CARTESIAN_POINT('',(1.566255555286,0.));
#1750 = VECTOR('',#1751,1.);
#1751 = DIRECTION('',(-1.,-0.));
#1752 = ( GEOMETRIC_REPRESENTATION_CONTEXT(2) 
PARAMETRIC_REPRESENTATION_CONTEXT() REPRESENTATION_CONTEXT('2D SPACE',''
  ) );
#1753 = ORIENTED_EDGE('',*,*,#1754,.F.);
#1754 = EDGE_CURVE('',#1255,#1623,#1755,.T.);
#1755 = SURFACE_CURVE('',#1756,(#1761,#1858),.PCURVE_S1.);
#1756 = CIRCLE('',#1757,19.);
#1757 = AXIS2_PLACEMENT_3D('',#1758,#1759,#1760);
#1758 = CARTESIAN_POINT('',(550.,-360.,348.));
#1759 = DIRECTION('',(0.570342370236,0.82129301314,1.368821688566E-02));
#1760 = DIRECTION('',(0.821369965673,-0.570395809495,2.602085213965E-18)
  );
#1761 = PCURVE('',#1271,#1762);
#1762 = DEFINITIONAL_REPRESENTATION('',(#1763),#1857);
#1763 = B_SPLINE_CURVE_WITH_KNOTS('',8,(#1764,#1765,#1766,#1767,#1768,
    #1769,#1770,#1771,#1772,#1773,#1774,#1775,#1776,#1777,#1778,#1779,
    #1780,#1781,#1782,#1783,#1784,#1785,#1786,#1787,#1788,#1789,#1790,
    #1791,#1792,#1793,#1794,#1795,#1796,#1797,#1798,#1799,#1800,#1801,
    #1802,#1803,#1804,#1805,#1806,#1807,#1808,#1809,#1810,#1811,#1812,
    #1813,#1814,#1815,#1816,#1817,#1818,#1819,#1820,#1821,#1822,#1823,
    #1824,#1825,#1826,#1827,#1828,#1829,#1830,#1831,#1832,#1833,#1834,
    #1835,#1836,#1837,#1838,#1839,#1840,#1841,#1842,#1843,#1844,#1845,
    #1846,#1847,#1848,#1849,#1850,#1851,#1852,#1853,#1854,#1855,#1856),
  .UNSPECIFIED.,.F.,.F.,(9,7,7,7,7,7,7,7,7,7,7,7,7,9),(4.707848208876,
    4.714001869416,4.72013149222,4.726237171185,4.738400828497,
    4.762538085977,4.786298198808,4.833075920945,4.878391839265,
    4.966191431009,5.130815665531,5.418908075943,5.851046691561,
    6.28318530718),.UNSPECIFIED.);
#1764 = CARTESIAN_POINT('',(3.785093762385,1.556374249868));
#1765 = CARTESIAN_POINT('',(3.835718748993,1.556616418708));
#1766 = CARTESIAN_POINT('',(3.888286634433,1.556816350999));
#1767 = CARTESIAN_POINT('',(3.942532468174,1.556971209019));
#1768 = CARTESIAN_POINT('',(3.998078399443,1.557078547457));
#1769 = CARTESIAN_POINT('',(4.054430298833,1.55713659193));
#1770 = CARTESIAN_POINT('',(4.111012862083,1.557144620084));
#1771 = CARTESIAN_POINT('',(4.167265579049,1.557103000085));
#1772 = CARTESIAN_POINT('',(4.27790004573,1.55692334164));
#1773 = CARTESIAN_POINT('',(4.332288174132,1.556785680951));
#1774 = CARTESIAN_POINT('',(4.385364707873,1.556601259397));
#1775 = CARTESIAN_POINT('',(4.436699267797,1.556372217591));
#1776 = CARTESIAN_POINT('',(4.485982708012,1.556101385146));
#1777 = CARTESIAN_POINT('',(4.533032314353,1.555791933239));
#1778 = CARTESIAN_POINT('',(4.577766776077,1.555447057142));
#1779 = CARTESIAN_POINT('',(4.662420312186,1.554694138048));
#1780 = CARTESIAN_POINT('',(4.702357629407,1.554286345251));
#1781 = CARTESIAN_POINT('',(4.739978719923,1.553849553668));
#1782 = CARTESIAN_POINT('',(4.775346899653,1.553386714004));
#1783 = CARTESIAN_POINT('',(4.808568271565,1.552900541248));
#1784 = CARTESIAN_POINT('',(4.839769425323,1.552393456791));
#1785 = CARTESIAN_POINT('',(4.869082972531,1.55186758792));
#1786 = CARTESIAN_POINT('',(4.951541511341,1.550243538513));
#1787 = CARTESIAN_POINT('',(4.999474408993,1.549095196078));
#1788 = CARTESIAN_POINT('',(5.041483761235,1.547894697657));
#1789 = CARTESIAN_POINT('',(5.078598219126,1.54665291282));
#1790 = CARTESIAN_POINT('',(5.11160928867,1.545377598975));
#1791 = CARTESIAN_POINT('',(5.141166153298,1.544074691586));
#1792 = CARTESIAN_POINT('',(5.167783174917,1.542748717526));
#1793 = CARTESIAN_POINT('',(5.239696510842,1.538733337881));
#1794 = CARTESIAN_POINT('',(5.277588157102,1.535986666304));
#1795 = CARTESIAN_POINT('',(5.308829238844,1.533191102104));
#1796 = CARTESIAN_POINT('',(5.335169823858,1.530359550713));
#1797 = CARTESIAN_POINT('',(5.357762409934,1.527501071605));
#1798 = CARTESIAN_POINT('',(5.37739955571,1.524621344905));
#1799 = CARTESIAN_POINT('',(5.394653265642,1.521724649055));
#1800 = CARTESIAN_POINT('',(5.42500961691,1.515948975521));
#1801 = CARTESIAN_POINT('',(5.438172942438,1.513070430827));
#1802 = CARTESIAN_POINT('',(5.449847968057,1.510181400024));
#1803 = CARTESIAN_POINT('',(5.460307222952,1.507283834334));
#1804 = CARTESIAN_POINT('',(5.469751750073,1.504379164574));
#1805 = CARTESIAN_POINT('',(5.478337714444,1.501468499382));
#1806 = CARTESIAN_POINT('',(5.486186185648,1.498552692331));
#1807 = CARTESIAN_POINT('',(5.507589377703,1.4898831862));
#1808 = CARTESIAN_POINT('',(5.519306291396,1.484116694609));
#1809 = CARTESIAN_POINT('',(5.52929488066,1.478338232498));
#1810 = CARTESIAN_POINT('',(5.537949295784,1.472550539705));
#1811 = CARTESIAN_POINT('',(5.545555785193,1.466755612069));
#1812 = CARTESIAN_POINT('',(5.552307239592,1.460954784723));
#1813 = CARTESIAN_POINT('',(5.558352892477,1.455149092606));
#1814 = CARTESIAN_POINT('',(5.569087296424,1.443711090915));
#1815 = CARTESIAN_POINT('',(5.573812608954,1.438079033226));
#1816 = CARTESIAN_POINT('',(5.578083894124,1.432443851135));
#1817 = CARTESIAN_POINT('',(5.581973946694,1.426806047137));
#1818 = CARTESIAN_POINT('',(5.585538413852,1.421166004972));
#1819 = CARTESIAN_POINT('',(5.588821598716,1.415524029976));
#1820 = CARTESIAN_POINT('',(5.591858943655,1.409880366191));
#1821 = CARTESIAN_POINT('',(5.60014519698,1.393297736426));
#1822 = CARTESIAN_POINT('',(5.604797957046,1.38235467637));
#1823 = CARTESIAN_POINT('',(5.608850457436,1.371407497266));
#1824 = CARTESIAN_POINT('',(5.612428639056,1.360457064416));
#1825 = CARTESIAN_POINT('',(5.615621125975,1.34950398644));
#1826 = CARTESIAN_POINT('',(5.618495424882,1.338548726908));
#1827 = CARTESIAN_POINT('',(5.621100749204,1.327591623452));
#1828 = CARTESIAN_POINT('',(5.627932518291,1.296085437233));
#1829 = CARTESIAN_POINT('',(5.631582549406,1.275532403567));
#1830 = CARTESIAN_POINT('',(5.634687082802,1.254975632633));
#1831 = CARTESIAN_POINT('',(5.637373712281,1.234415998773));
#1832 = CARTESIAN_POINT('',(5.639736591587,1.21385414748));
#1833 = CARTESIAN_POINT('',(5.641836555816,1.193290495466));
#1834 = CARTESIAN_POINT('',(5.643721161385,1.172725368606));
#1835 = CARTESIAN_POINT('',(5.648408522782,1.116167877898));
#1836 = CARTESIAN_POINT('',(5.650839917416,1.080172970973));
#1837 = CARTESIAN_POINT('',(5.652909658918,1.044175587907));
#1838 = CARTESIAN_POINT('',(5.654705037476,1.008176326383));
#1839 = CARTESIAN_POINT('',(5.656291547453,0.972175634934));
#1840 = CARTESIAN_POINT('',(5.657709775944,0.936173791427));
#1841 = CARTESIAN_POINT('',(5.658991841145,0.90017101578));
#1842 = CARTESIAN_POINT('',(5.661915140737,0.81016214713));
#1843 = CARTESIAN_POINT('',(5.663415554333,0.756155090119));
#1844 = CARTESIAN_POINT('',(5.664741759399,0.702146840605));
#1845 = CARTESIAN_POINT('',(5.665936255943,0.648137689525));
#1846 = CARTESIAN_POINT('',(5.66702827348,0.594127836969));
#1847 = CARTESIAN_POINT('',(5.668040253019,0.540117436556));
#1848 = CARTESIAN_POINT('',(5.668987909102,0.486106595853));
#1849 = CARTESIAN_POINT('',(5.670781204961,0.378084216157));
#1850 = CARTESIAN_POINT('',(5.671626818757,0.324072676986));
#1851 = CARTESIAN_POINT('',(5.672434384815,0.270060877385));
#1852 = CARTESIAN_POINT('',(5.673213748412,0.216048884745));
#1853 = CARTESIAN_POINT('',(5.673972886159,0.162036753664));
#1854 = CARTESIAN_POINT('',(5.67471882993,0.108024532273));
#1855 = CARTESIAN_POINT('',(5.675458242246,5.401226617538E-02));
#1856 = CARTESIAN_POINT('',(5.676197643133,0.));
#1857 = ( GEOMETRIC_REPRESENTATION_CONTEXT(2) 
PARAMETRIC_REPRESENTATION_CONTEXT() REPRESENTATION_CONTEXT('2D SPACE',''
  ) );
#1858 = PCURVE('',#1526,#1859);
#1859 = DEFINITIONAL_REPRESENTATION('',(#1860),#1864);
#1860 = LINE('',#1861,#1862);
#1861 = CARTESIAN_POINT('',(0.,0.));
#1862 = VECTOR('',#1863,1.);
#1863 = DIRECTION('',(1.,0.));
#1864 = ( GEOMETRIC_REPRESENTATION_CONTEXT(2) 
PARAMETRIC_REPRESENTATION_CONTEXT() REPRESENTATION_CONTEXT('2D SPACE',''
  ) );
#1865 = ADVANCED_FACE('',(#1866),#1526,.T.);
#1866 = FACE_BOUND('',#1867,.T.);
#1867 = EDGE_LOOP('',(#1868,#1911,#2226,#2260,#2281,#2282,#2283,#2284,
    #2285));
#1868 = ORIENTED_EDGE('',*,*,#1869,.F.);
#1869 = EDGE_CURVE('',#1870,#1872,#1874,.T.);
#1870 = VERTEX_POINT('',#1871);
#1871 = CARTESIAN_POINT('',(799.70004226369,-0.108318071446,
    372.99732329966));
#1872 = VERTEX_POINT('',#1873);
#1873 = CARTESIAN_POINT('',(809.9392086455,-18.9977421917,
    353.86399630314));
#1874 = SURFACE_CURVE('',#1875,(#1880,#1893),.PCURVE_S1.);
#1875 = ELLIPSE('',#1876,21.441312759536,19.);
#1876 = AXIS2_PLACEMENT_3D('',#1877,#1878,#1879);
#1877 = CARTESIAN_POINT('',(800.,0.,354.));
#1878 = DIRECTION('',(0.885987622621,0.463410535841,1.663153130715E-02)
  );
#1879 = DIRECTION('',(-0.463440066591,0.886125371732,-2.265005510861E-03
    ));
#1880 = PCURVE('',#1526,#1881);
#1881 = DEFINITIONAL_REPRESENTATION('',(#1882),#1892);
#1882 = B_SPLINE_CURVE_WITH_KNOTS('',8,(#1883,#1884,#1885,#1886,#1887,
    #1888,#1889,#1890,#1891),.UNSPECIFIED.,.F.,.F.,(9,9),(1.570796296594
    ,3.151308180198),.PIECEWISE_BEZIER_KNOTS.);
#1883 = CARTESIAN_POINT('',(4.702673423576,438.33320689069));
#1884 = CARTESIAN_POINT('',(4.900237409026,436.37015350079));
#1885 = CARTESIAN_POINT('',(5.097801394478,434.40709960972));
#1886 = CARTESIAN_POINT('',(5.295365379926,432.56080546579));
#1887 = CARTESIAN_POINT('',(5.492929365382,430.94800712214));
#1888 = CARTESIAN_POINT('',(5.690493350828,429.67093565501));
#1889 = CARTESIAN_POINT('',(5.888057336279,428.80245250178));
#1890 = CARTESIAN_POINT('',(6.085621321729,428.37831203476));
#1891 = CARTESIAN_POINT('',(6.28318530718,428.39738383217));
#1892 = ( GEOMETRIC_REPRESENTATION_CONTEXT(2) 
PARAMETRIC_REPRESENTATION_CONTEXT() REPRESENTATION_CONTEXT('2D SPACE',''
  ) );
#1893 = PCURVE('',#1894,#1899);
#1894 = CYLINDRICAL_SURFACE('',#1895,19.);
#1895 = AXIS2_PLACEMENT_3D('',#1896,#1897,#1898);
#1896 = CARTESIAN_POINT('',(800.,0.,354.));
#1897 = DIRECTION('',(0.999875369563,0.,1.578750583521E-02));
#1898 = DIRECTION('',(-1.578750583521E-02,0.,0.999875369563));
#1899 = DEFINITIONAL_REPRESENTATION('',(#1900),#1910);
#1900 = B_SPLINE_CURVE_WITH_KNOTS('',8,(#1901,#1902,#1903,#1904,#1905,
    #1906,#1907,#1908,#1909),.UNSPECIFIED.,.F.,.F.,(9,9),(1.570796296594
    ,3.151308180198),.PIECEWISE_BEZIER_KNOTS.);
#1901 = CARTESIAN_POINT('',(5.700951808903E-03,-3.000880042237E-07));
#1902 = CARTESIAN_POINT('',(0.203264937259,1.963053089804));
#1903 = CARTESIAN_POINT('',(0.40082892271,3.926106980614));
#1904 = CARTESIAN_POINT('',(0.598392908159,5.772401125319));
#1905 = CARTESIAN_POINT('',(0.795956893608,7.385199467528));
#1906 = CARTESIAN_POINT('',(0.993520879062,8.662270936555));
#1907 = CARTESIAN_POINT('',(1.191084864512,9.530754088308));
#1908 = CARTESIAN_POINT('',(1.388648849962,9.954894555836));
#1909 = CARTESIAN_POINT('',(1.586212835413,9.935822758433));
#1910 = ( GEOMETRIC_REPRESENTATION_CONTEXT(2) 
PARAMETRIC_REPRESENTATION_CONTEXT() REPRESENTATION_CONTEXT('2D SPACE',''
  ) );
#1911 = ORIENTED_EDGE('',*,*,#1912,.F.);
#1912 = EDGE_CURVE('',#1913,#1870,#1915,.T.);
#1913 = VERTEX_POINT('',#1914);
#1914 = CARTESIAN_POINT('',(800.29995773631,0.108318071445,
    335.00267670033));
#1915 = SURFACE_CURVE('',#1916,(#1921,#1928),.PCURVE_S1.);
#1916 = CIRCLE('',#1917,19.);
#1917 = AXIS2_PLACEMENT_3D('',#1918,#1919,#1920);
#1918 = CARTESIAN_POINT('',(800.,5.684341886081E-14,354.));
#1919 = DIRECTION('',(0.570342370236,0.82129301314,1.368821688566E-02));
#1920 = DIRECTION('',(0.821369965673,-0.570395809495,2.602085213965E-18)
  );
#1921 = PCURVE('',#1526,#1922);
#1922 = DEFINITIONAL_REPRESENTATION('',(#1923),#1927);
#1923 = LINE('',#1924,#1925);
#1924 = CARTESIAN_POINT('',(0.,438.3332065906));
#1925 = VECTOR('',#1926,1.);
#1926 = DIRECTION('',(1.,0.));
#1927 = ( GEOMETRIC_REPRESENTATION_CONTEXT(2) 
PARAMETRIC_REPRESENTATION_CONTEXT() REPRESENTATION_CONTEXT('2D SPACE',''
  ) );
#1928 = PCURVE('',#1929,#1934);
#1929 = SPHERICAL_SURFACE('',#1930,19.);
#1930 = AXIS2_PLACEMENT_3D('',#1931,#1932,#1933);
#1931 = CARTESIAN_POINT('',(800.,0.,354.));
#1932 = DIRECTION('',(0.,0.,1.));
#1933 = DIRECTION('',(1.,0.,-0.));
#1934 = DEFINITIONAL_REPRESENTATION('',(#1935),#2225);
#1935 = B_SPLINE_CURVE_WITH_KNOTS('',8,(#1936,#1937,#1938,#1939,#1940,
    #1941,#1942,#1943,#1944,#1945,#1946,#1947,#1948,#1949,#1950,#1951,
    #1952,#1953,#1954,#1955,#1956,#1957,#1958,#1959,#1960,#1961,#1962,
    #1963,#1964,#1965,#1966,#1967,#1968,#1969,#1970,#1971,#1972,#1973,
    #1974,#1975,#1976,#1977,#1978,#1979,#1980,#1981,#1982,#1983,#1984,
    #1985,#1986,#1987,#1988,#1989,#1990,#1991,#1992,#1993,#1994,#1995,
    #1996,#1997,#1998,#1999,#2000,#2001,#2002,#2003,#2004,#2005,#2006,
    #2007,#2008,#2009,#2010,#2011,#2012,#2013,#2014,#2015,#2016,#2017,
    #2018,#2019,#2020,#2021,#2022,#2023,#2024,#2025,#2026,#2027,#2028,
    #2029,#2030,#2031,#2032,#2033,#2034,#2035,#2036,#2037,#2038,#2039,
    #2040,#2041,#2042,#2043,#2044,#2045,#2046,#2047,#2048,#2049,#2050,
    #2051,#2052,#2053,#2054,#2055,#2056,#2057,#2058,#2059,#2060,#2061,
    #2062,#2063,#2064,#2065,#2066,#2067,#2068,#2069,#2070,#2071,#2072,
    #2073,#2074,#2075,#2076,#2077,#2078,#2079,#2080,#2081,#2082,#2083,
    #2084,#2085,#2086,#2087,#2088,#2089,#2090,#2091,#2092,#2093,#2094,
    #2095,#2096,#2097,#2098,#2099,#2100,#2101,#2102,#2103,#2104,#2105,
    #2106,#2107,#2108,#2109,#2110,#2111,#2112,#2113,#2114,#2115,#2116,
    #2117,#2118,#2119,#2120,#2121,#2122,#2123,#2124,#2125,#2126,#2127,
    #2128,#2129,#2130,#2131,#2132,#2133,#2134,#2135,#2136,#2137,#2138,
    #2139,#2140,#2141,#2142,#2143,#2144,#2145,#2146,#2147,#2148,#2149,
    #2150,#2151,#2152,#2153,#2154,#2155,#2156,#2157,#2158,#2159,#2160,
    #2161,#2162,#2163,#2164,#2165,#2166,#2167,#2168,#2169,#2170,#2171,
    #2172,#2173,#2174,#2175,#2176,#2177,#2178,#2179,#2180,#2181,#2182,
    #2183,#2184,#2185,#2186,#2187,#2188,#2189,#2190,#2191,#2192,#2193,
    #2194,#2195,#2196,#2197,#2198,#2199,#2200,#2201,#2202,#2203,#2204,
    #2205,#2206,#2207,#2208,#2209,#2210,#2211,#2212,#2213,#2214,#2215,
    #2216,#2217,#2218,#2219,#2220,#2221,#2222,#2223,#2224),
  .UNSPECIFIED.,.F.,.F.,(9,7,7,7,7,7,7,7,7,7,7,7,7,7,7,7,7,7,7,7,7,7,7,7
    ,7,7,7,7,7,7,7,7,7,7,7,7,7,7,7,7,7,9),(1.551087846626,1.560330224479
    ,1.564942387646,1.569550046747,1.574153206181,1.583350534503,
    1.592529899293,1.601691335637,1.619978421463,1.638194073361,
    1.674483067375,1.746494039872,1.817379840923,1.956936261744,
    2.227326827084,2.734309137096,3.621528179617,3.954235320562,
    4.245354068889,4.372718521282,4.492122695401,4.548093402019,
    4.602315024055,4.628578622229,4.654431851681,4.679881124424,
    4.692406938351,4.698620916355,4.704810621006,4.710976147124,
    4.717117589156,4.723235041179,4.735422152632,4.747514052277,
    4.771508915635,4.795128859253,4.841630623251,4.931727790996,
    5.100659980519,5.396291312184,5.839738309682,6.28318530718),
  .UNSPECIFIED.);
#1936 = CARTESIAN_POINT('',(-9.38804589623E-13,-1.546800933203));
#1937 = CARTESIAN_POINT('',(2.747060401583E-02,-1.547749770747));
#1938 = CARTESIAN_POINT('',(5.742368311007E-02,-1.548677920443));
#1939 = CARTESIAN_POINT('',(9.018816674823E-02,-1.549582118402));
#1940 = CARTESIAN_POINT('',(0.12614674434,-1.550458341873));
#1941 = CARTESIAN_POINT('',(0.165731855155,-1.551301686042));
#1942 = CARTESIAN_POINT('',(0.209430906661,-1.552105986063));
#1943 = CARTESIAN_POINT('',(0.257740195037,-1.552863530003));
#1944 = CARTESIAN_POINT('',(0.337588386555,-1.553915362388));
#1945 = CARTESIAN_POINT('',(0.365404296834,-1.554251604859));
#1946 = CARTESIAN_POINT('',(0.394497899132,-1.554572804915));
#1947 = CARTESIAN_POINT('',(0.424902924633,-1.554877747943));
#1948 = CARTESIAN_POINT('',(0.456639267136,-1.555165142829));
#1949 = CARTESIAN_POINT('',(0.489705929926,-1.555433643453));
#1950 = CARTESIAN_POINT('',(0.524073803693,-1.555681888691));
#1951 = CARTESIAN_POINT('',(0.595252939402,-1.556135020166));
#1952 = CARTESIAN_POINT('',(0.632061832098,-1.556339947731));
#1953 = CARTESIAN_POINT('',(0.670045291369,-1.556522041667));
#1954 = CARTESIAN_POINT('',(0.709109197305,-1.556680032904));
#1955 = CARTESIAN_POINT('',(0.74912126116,-1.556812767911));
#1956 = CARTESIAN_POINT('',(0.789911631368,-1.556919279602));
#1957 = CARTESIAN_POINT('',(0.831280298931,-1.556998850674));
#1958 = CARTESIAN_POINT('',(0.914701552569,-1.557103237063));
#1959 = CARTESIAN_POINT('',(0.956753433741,-1.557128104899));
#1960 = CARTESIAN_POINT('',(0.998951710414,-1.557125258998));
#1961 = CARTESIAN_POINT('',(1.041064957349,-1.557094576764));
#1962 = CARTESIAN_POINT('',(1.082859657873,-1.557036268037));
#1963 = CARTESIAN_POINT('',(1.124117704091,-1.556950860455));
#1964 = CARTESIAN_POINT('',(1.164650378616,-1.556839146652));
#1965 = CARTESIAN_POINT('',(1.283527491231,-1.556428307201));
#1966 = CARTESIAN_POINT('',(1.359235297157,-1.556053415038));
#1967 = CARTESIAN_POINT('',(1.430184534155,-1.55558527943));
#1968 = CARTESIAN_POINT('',(1.495658734759,-1.555034882673));
#1969 = CARTESIAN_POINT('',(1.555653030334,-1.554413957736));
#1970 = CARTESIAN_POINT('',(1.610440192078,-1.553732653312));
#1971 = CARTESIAN_POINT('',(1.660424654033,-1.552999794544));
#1972 = CARTESIAN_POINT('',(1.7515803291,-1.551447249117));
#1973 = CARTESIAN_POINT('',(1.792768557731,-1.550627735886));
#1974 = CARTESIAN_POINT('',(1.830049810717,-1.549771572649));
#1975 = CARTESIAN_POINT('',(1.863898859567,-1.548884724329));
#1976 = CARTESIAN_POINT('',(1.894738041109,-1.547971878739));
#1977 = CARTESIAN_POINT('',(1.922935212142,-1.547036817376));
#1978 = CARTESIAN_POINT('',(1.948805507876,-1.54608260124));
#1979 = CARTESIAN_POINT('',(1.996385652303,-1.54414278837));
#1980 = CARTESIAN_POINT('',(2.018103484686,-1.543157257026));
#1981 = CARTESIAN_POINT('',(2.038040853105,-1.542157651005));
#1982 = CARTESIAN_POINT('',(2.056420536441,-1.54114593204));
#1983 = CARTESIAN_POINT('',(2.073428050958,-1.540123670601));
#1984 = CARTESIAN_POINT('',(2.089218940874,-1.539092154323));
#1985 = CARTESIAN_POINT('',(2.103924880331,-1.538052459524));
#1986 = CARTESIAN_POINT('',(2.145072352358,-1.534915628152));
#1987 = CARTESIAN_POINT('',(2.168612347884,-1.532796772044));
#1988 = CARTESIAN_POINT('',(2.189173645649,-1.530656080859));
#1989 = CARTESIAN_POINT('',(2.207348628792,-1.528498062797));
#1990 = CARTESIAN_POINT('',(2.223565020403,-1.526325923038));
#1991 = CARTESIAN_POINT('',(2.238148674391,-1.524142093698));
#1992 = CARTESIAN_POINT('',(2.251349120787,-1.521948396052));
#1993 = CARTESIAN_POINT('',(2.275335655234,-1.51755278484));
#1994 = CARTESIAN_POINT('',(2.286130907801,-1.515350935703));
#1995 = CARTESIAN_POINT('',(2.295948194449,-1.513142175516));
#1996 = CARTESIAN_POINT('',(2.304933212607,-1.510927554008));
#1997 = CARTESIAN_POINT('',(2.313199909805,-1.508707887119));
#1998 = CARTESIAN_POINT('',(2.320840281532,-1.506483831128));
#1999 = CARTESIAN_POINT('',(2.327929329125,-1.504255918457));
#2000 = CARTESIAN_POINT('',(2.347678789919,-1.49757937327));
#2001 = CARTESIAN_POINT('',(2.358888312262,-1.493120607632));
#2002 = CARTESIAN_POINT('',(2.368652618847,-1.488651796481));
#2003 = CARTESIAN_POINT('',(2.377268381792,-1.484175016103));
#2004 = CARTESIAN_POINT('',(2.384952320794,-1.4796917833));
#2005 = CARTESIAN_POINT('',(2.391861077592,-1.475203188329));
#2006 = CARTESIAN_POINT('',(2.398116628726,-1.470710080088));
#2007 = CARTESIAN_POINT('',(2.415120400529,-1.457289464494));
#2008 = CARTESIAN_POINT('',(2.424229692004,-1.448350642497));
#2009 = CARTESIAN_POINT('',(2.431886416235,-1.439401822123));
#2010 = CARTESIAN_POINT('',(2.438439341936,-1.430445406149));
#2011 = CARTESIAN_POINT('',(2.444147468029,-1.421483184623));
#2012 = CARTESIAN_POINT('',(2.449173179685,-1.412516273954));
#2013 = CARTESIAN_POINT('',(2.453643917762,-1.40354555226));
#2014 = CARTESIAN_POINT('',(2.461599029256,-1.385737984444));
#2015 = CARTESIAN_POINT('',(2.465097822531,-1.376901237345));
#2016 = CARTESIAN_POINT('',(2.468238620436,-1.368062033823));
#2017 = CARTESIAN_POINT('',(2.471082670474,-1.359220794723));
#2018 = CARTESIAN_POINT('',(2.47367593163,-1.350377835689));
#2019 = CARTESIAN_POINT('',(2.476054569406,-1.341533405041));
#2020 = CARTESIAN_POINT('',(2.478247031684,-1.332687698015));
#2021 = CARTESIAN_POINT('',(2.484272618152,-1.306423692425));
#2022 = CARTESIAN_POINT('',(2.487637610797,-1.289002184887));
#2023 = CARTESIAN_POINT('',(2.490548895273,-1.271577568468));
#2024 = CARTESIAN_POINT('',(2.493106481796,-1.254150528809));
#2025 = CARTESIAN_POINT('',(2.495379580659,-1.236721540302));
#2026 = CARTESIAN_POINT('',(2.497420668414,-1.219290962648));
#2027 = CARTESIAN_POINT('',(2.499266890445,-1.20185905033));
#2028 = CARTESIAN_POINT('',(2.504206543373,-1.150649495739));
#2029 = CARTESIAN_POINT('',(2.506846358349,-1.116868746819));
#2030 = CARTESIAN_POINT('',(2.509084088095,-1.083085244775));
#2031 = CARTESIAN_POINT('',(2.5110172588,-1.049299657416));
#2032 = CARTESIAN_POINT('',(2.512719435934,-1.0155124886));
#2033 = CARTESIAN_POINT('',(2.514235596344,-0.981724046263));
#2034 = CARTESIAN_POINT('',(2.515601454888,-0.947934574962));
#2035 = CARTESIAN_POINT('',(2.519170562417,-0.850787395974));
#2036 = CARTESIAN_POINT('',(2.521060946827,-0.787427546468));
#2037 = CARTESIAN_POINT('',(2.522685813183,-0.724065879435));
#2038 = CARTESIAN_POINT('',(2.524114139331,-0.660702867028));
#2039 = CARTESIAN_POINT('',(2.525401017175,-0.597338886415));
#2040 = CARTESIAN_POINT('',(2.526577838237,-0.53397415246));
#2041 = CARTESIAN_POINT('',(2.52767101978,-0.470608846003));
#2042 = CARTESIAN_POINT('',(2.530500407277,-0.296353042647));
#2043 = CARTESIAN_POINT('',(2.532104064388,-0.18546163847));
#2044 = CARTESIAN_POINT('',(2.53361590844,-7.456960586348E-02));
#2045 = CARTESIAN_POINT('',(2.535089227067,3.632269044105E-02));
#2046 = CARTESIAN_POINT('',(2.536575227214,0.147214899944));
#2047 = CARTESIAN_POINT('',(2.538125819083,0.258106667332));
#2048 = CARTESIAN_POINT('',(2.539800705801,0.368997583962));
#2049 = CARTESIAN_POINT('',(2.542453459787,0.521470200078));
#2050 = CARTESIAN_POINT('',(2.543212762766,0.56305339562));
#2051 = CARTESIAN_POINT('',(2.54401463997,0.604636299744));
#2052 = CARTESIAN_POINT('',(2.544867742643,0.646218853228));
#2053 = CARTESIAN_POINT('',(2.545782487128,0.687800984769));
#2054 = CARTESIAN_POINT('',(2.546772161105,0.729382603407));
#2055 = CARTESIAN_POINT('',(2.547855272608,0.770963582439));
#2056 = CARTESIAN_POINT('',(2.550112527373,0.848926368172));
#2057 = CARTESIAN_POINT('',(2.551258335296,0.88530836884));
#2058 = CARTESIAN_POINT('',(2.552515460182,0.921689607475));
#2059 = CARTESIAN_POINT('',(2.553906771274,0.958069927517));
#2060 = CARTESIAN_POINT('',(2.555466149893,0.994449096977));
#2061 = CARTESIAN_POINT('',(2.557238295719,1.030826809798));
#2062 = CARTESIAN_POINT('',(2.559289112854,1.06720261472));
#2063 = CARTESIAN_POINT('',(2.562818712604,1.119488852267));
#2064 = CARTESIAN_POINT('',(2.563970422468,1.135401524444));
#2065 = CARTESIAN_POINT('',(2.565210068934,1.151313594478));
#2066 = CARTESIAN_POINT('',(2.566550790542,1.167224972369));
#2067 = CARTESIAN_POINT('',(2.568008511953,1.183135549032));
#2068 = CARTESIAN_POINT('',(2.569603310372,1.199045186923));
#2069 = CARTESIAN_POINT('',(2.571362048088,1.214953701986));
#2070 = CARTESIAN_POINT('',(2.575159980184,1.245773775879));
#2071 = CARTESIAN_POINT('',(2.577174751476,1.260685502008));
#2072 = CARTESIAN_POINT('',(2.579398072265,1.275595799463));
#2073 = CARTESIAN_POINT('',(2.581868725051,1.29050440246));
#2074 = CARTESIAN_POINT('',(2.584640498143,1.305410942164));
#2075 = CARTESIAN_POINT('',(2.587784145291,1.320314933397));
#2076 = CARTESIAN_POINT('',(2.591400876192,1.33521568196));
#2077 = CARTESIAN_POINT('',(2.597663308272,1.357094639306));
#2078 = CARTESIAN_POINT('',(2.599804184154,1.364076309936));
#2079 = CARTESIAN_POINT('',(2.602105099,1.371056882947));
#2080 = CARTESIAN_POINT('',(2.604587928117,1.378036208073));
#2081 = CARTESIAN_POINT('',(2.607278969185,1.385014104643));
#2082 = CARTESIAN_POINT('',(2.610210855498,1.391990348376));
#2083 = CARTESIAN_POINT('',(2.613426023765,1.398964647417));
#2084 = CARTESIAN_POINT('',(2.620426333152,1.412690694006));
#2085 = CARTESIAN_POINT('',(2.624190505948,1.419442585575));
#2086 = CARTESIAN_POINT('',(2.628326893564,1.426191919847));
#2087 = CARTESIAN_POINT('',(2.632900369095,1.4329382502));
#2088 = CARTESIAN_POINT('',(2.637997452762,1.43968097992));
#2089 = CARTESIAN_POINT('',(2.643730866172,1.44641933133));
#2090 = CARTESIAN_POINT('',(2.650257687641,1.453152219467));
#2091 = CARTESIAN_POINT('',(2.661497197727,1.463135651212));
#2092 = CARTESIAN_POINT('',(2.665410071082,1.466391711152));
#2093 = CARTESIAN_POINT('',(2.669596681786,1.469645882139));
#2094 = CARTESIAN_POINT('',(2.674091291872,1.472897926307));
#2095 = CARTESIAN_POINT('',(2.678934672542,1.47614756038));
#2096 = CARTESIAN_POINT('',(2.684176569114,1.479394438257));
#2097 = CARTESIAN_POINT('',(2.689879890182,1.482638121196));
#2098 = CARTESIAN_POINT('',(2.702275746607,1.489067326331));
#2099 = CARTESIAN_POINT('',(2.708951436714,1.492252965376));
#2100 = CARTESIAN_POINT('',(2.716232345293,1.495434402108));
#2101 = CARTESIAN_POINT('',(2.72421470729,1.498610962365));
#2102 = CARTESIAN_POINT('',(2.733021681508,1.501781779219));
#2103 = CARTESIAN_POINT('',(2.742810846554,1.504945741148));
#2104 = CARTESIAN_POINT('',(2.753793918628,1.508101348031));
#2105 = CARTESIAN_POINT('',(2.778576463189,1.514342241926));
#2106 = CARTESIAN_POINT('',(2.792329364292,1.517427855683));
#2107 = CARTESIAN_POINT('',(2.807838614871,1.520501083484));
#2108 = CARTESIAN_POINT('',(2.825499982556,1.523559047751));
#2109 = CARTESIAN_POINT('',(2.845841383537,1.526597973614));
#2110 = CARTESIAN_POINT('',(2.869637452336,1.529612061563));
#2111 = CARTESIAN_POINT('',(2.898003707263,1.532593171165));
#2112 = CARTESIAN_POINT('',(2.950254113369,1.536967857632));
#2113 = CARTESIAN_POINT('',(2.969099427218,1.53839885384));
#2114 = CARTESIAN_POINT('',(2.989803808327,1.539815928929));
#2115 = CARTESIAN_POINT('',(3.012671443158,1.541216636338));
#2116 = CARTESIAN_POINT('',(3.038083924516,1.54259785475));
#2117 = CARTESIAN_POINT('',(3.06651982771,1.543955513266));
#2118 = CARTESIAN_POINT('',(3.098607448248,1.545284107546));
#2119 = CARTESIAN_POINT('',(3.153276033438,1.547216534755));
#2120 = CARTESIAN_POINT('',(3.172499723315,1.547848220777));
#2121 = CARTESIAN_POINT('',(3.19291720671,1.548469852068));
#2122 = CARTESIAN_POINT('',(3.214636829557,1.549080322023));
#2123 = CARTESIAN_POINT('',(3.237777680741,1.54967835372));
#2124 = CARTESIAN_POINT('',(3.262469864398,1.550262463292));
#2125 = CARTESIAN_POINT('',(3.288852037705,1.550830921901));
#2126 = CARTESIAN_POINT('',(3.345164583917,1.551930378118));
#2127 = CARTESIAN_POINT('',(3.375080706832,1.552461514852));
#2128 = CARTESIAN_POINT('',(3.406949297921,1.552973149003));
#2129 = CARTESIAN_POINT('',(3.440908224001,1.553463042606));
#2130 = CARTESIAN_POINT('',(3.477088161945,1.55392864499));
#2131 = CARTESIAN_POINT('',(3.515596637543,1.554367095631));
#2132 = CARTESIAN_POINT('',(3.55649364194,1.554775291601));
#2133 = CARTESIAN_POINT('',(3.642855004763,1.555523283839));
#2134 = CARTESIAN_POINT('',(3.68830095984,1.555863342566));
#2135 = CARTESIAN_POINT('',(3.736077206265,1.556167026873));
#2136 = CARTESIAN_POINT('',(3.786085938719,1.556431079911));
#2137 = CARTESIAN_POINT('',(3.838126729509,1.556652319777));
#2138 = CARTESIAN_POINT('',(3.891862568348,1.556827925884));
#2139 = CARTESIAN_POINT('',(3.946840327049,1.556955850035));
#2140 = CARTESIAN_POINT('',(4.058042387163,1.557113779658));
#2141 = CARTESIAN_POINT('',(4.114260979141,1.557144165636));
#2142 = CARTESIAN_POINT('',(4.17070174003,1.557125018765));
#2143 = CARTESIAN_POINT('',(4.226804702802,1.557056140315));
#2144 = CARTESIAN_POINT('',(4.282005291487,1.556938417354));
#2145 = CARTESIAN_POINT('',(4.335828068172,1.556773747766));
#2146 = CARTESIAN_POINT('',(4.387915083674,1.556564654954));
#2147 = CARTESIAN_POINT('',(4.487929547748,1.556064355885));
#2148 = CARTESIAN_POINT('',(4.53587251398,1.555773473775));
#2149 = CARTESIAN_POINT('',(4.581605509256,1.555444210007));
#2150 = CARTESIAN_POINT('',(4.624996754643,1.555079757086));
#2151 = CARTESIAN_POINT('',(4.66601804999,1.55468334651));
#2152 = CARTESIAN_POINT('',(4.704713680206,1.554258051895));
#2153 = CARTESIAN_POINT('',(4.741167385706,1.553806693491));
#2154 = CARTESIAN_POINT('',(4.843862134053,1.552385810869));
#2155 = CARTESIAN_POINT('',(4.903771278831,1.551346500432));
#2156 = CARTESIAN_POINT('',(4.956075458552,1.550234121964));
#2157 = CARTESIAN_POINT('',(5.002015104689,1.549064626985));
#2158 = CARTESIAN_POINT('',(5.042611652226,1.547849183905));
#2159 = CARTESIAN_POINT('',(5.078716152878,1.546596390615));
#2160 = CARTESIAN_POINT('',(5.111015738276,1.545312701673));
#2161 = CARTESIAN_POINT('',(5.168897836876,1.542703883191));
#2162 = CARTESIAN_POINT('',(5.194530812859,1.541379157746));
#2163 = CARTESIAN_POINT('',(5.217516141674,1.540033919526));
#2164 = CARTESIAN_POINT('',(5.238275347684,1.538671733858));
#2165 = CARTESIAN_POINT('',(5.257137827671,1.537295269627));
#2166 = CARTESIAN_POINT('',(5.274366483795,1.535906619325));
#2167 = CARTESIAN_POINT('',(5.290175709644,1.534507482173));
#2168 = CARTESIAN_POINT('',(5.333646174657,1.530304670799));
#2169 = CARTESIAN_POINT('',(5.357655321199,1.527474172128));
#2170 = CARTESIAN_POINT('',(5.378146887194,1.524618370911));
#2171 = CARTESIAN_POINT('',(5.395916567414,1.521743092705));
#2172 = CARTESIAN_POINT('',(5.411527192239,1.518852495798));
#2173 = CARTESIAN_POINT('',(5.425376435664,1.515949437117));
#2174 = CARTESIAN_POINT('',(5.437766720771,1.513036101086));
#2175 = CARTESIAN_POINT('',(5.459918553336,1.507237841519));
#2176 = CARTESIAN_POINT('',(5.469718207592,1.504353185997));
#2177 = CARTESIAN_POINT('',(5.478550073287,1.501461759526));
#2178 = CARTESIAN_POINT('',(5.486571332535,1.498564675924));
#2179 = CARTESIAN_POINT('',(5.493901970815,1.495662781771));
#2180 = CARTESIAN_POINT('',(5.500637306006,1.492756747999));
#2181 = CARTESIAN_POINT('',(5.506853517635,1.489847108756));
#2182 = CARTESIAN_POINT('',(5.523953555068,1.481199721756));
#2183 = CARTESIAN_POINT('',(5.533525323249,1.475452871777));
#2184 = CARTESIAN_POINT('',(5.541807808736,1.469697108031));
#2185 = CARTESIAN_POINT('',(5.54907571818,1.463934337545));
#2186 = CARTESIAN_POINT('',(5.555529054266,1.458165949618));
#2187 = CARTESIAN_POINT('',(5.561309099616,1.452392921567));
#2188 = CARTESIAN_POINT('',(5.566525533921,1.446616012299));
#2189 = CARTESIAN_POINT('',(5.580441960436,1.429636658501));
#2190 = CARTESIAN_POINT('',(5.587823226581,1.418425137728));
#2191 = CARTESIAN_POINT('',(5.594023166178,1.407205502112));
#2192 = CARTESIAN_POINT('',(5.599326219952,1.395979706514));
#2193 = CARTESIAN_POINT('',(5.603944810534,1.38474921406));
#2194 = CARTESIAN_POINT('',(5.608010761877,1.373514929535));
#2195 = CARTESIAN_POINT('',(5.611627940476,1.362277566923));
#2196 = CARTESIAN_POINT('',(5.620954389919,1.329962791539));
#2197 = CARTESIAN_POINT('',(5.62572525167,1.308878943517));
#2198 = CARTESIAN_POINT('',(5.629685802964,1.287789543078));
#2199 = CARTESIAN_POINT('',(5.633037474571,1.266695970288));
#2200 = CARTESIAN_POINT('',(5.635938950659,1.245599313754));
#2201 = CARTESIAN_POINT('',(5.638479176953,1.224500182614));
#2202 = CARTESIAN_POINT('',(5.640731074096,1.203399076724));
#2203 = CARTESIAN_POINT('',(5.646270702848,1.145366562781));
#2204 = CARTESIAN_POINT('',(5.649068986035,1.108431802707));
#2205 = CARTESIAN_POINT('',(5.651416529833,1.071493956479));
#2206 = CARTESIAN_POINT('',(5.653425511595,1.034553792134));
#2207 = CARTESIAN_POINT('',(5.655184019703,0.997611913021));
#2208 = CARTESIAN_POINT('',(5.656741890067,0.960668660298));
#2209 = CARTESIAN_POINT('',(5.658139905285,0.923724313237));
#2210 = CARTESIAN_POINT('',(5.661306807333,0.831361199255));
#2211 = CARTESIAN_POINT('',(5.662911824629,0.775941310533));
#2212 = CARTESIAN_POINT('',(5.664319151142,0.720520068559));
#2213 = CARTESIAN_POINT('',(5.665578462344,0.665097813392));
#2214 = CARTESIAN_POINT('',(5.666723497352,0.609674775993));
#2215 = CARTESIAN_POINT('',(5.667780157702,0.554251133673));
#2216 = CARTESIAN_POINT('',(5.668765951921,0.498827006278));
#2217 = CARTESIAN_POINT('',(5.670625756466,0.387977986338));
#2218 = CARTESIAN_POINT('',(5.671499725578,0.332553093512));
#2219 = CARTESIAN_POINT('',(5.672332269712,0.277127917139));
#2220 = CARTESIAN_POINT('',(5.673134235061,0.22170253146));
#2221 = CARTESIAN_POINT('',(5.673914314076,0.166276995976));
#2222 = CARTESIAN_POINT('',(5.674680129374,0.110851362859));
#2223 = CARTESIAN_POINT('',(5.675438893298,5.542568147779E-02));
#2224 = CARTESIAN_POINT('',(5.676197643133,0.));
#2225 = ( GEOMETRIC_REPRESENTATION_CONTEXT(2) 
PARAMETRIC_REPRESENTATION_CONTEXT() REPRESENTATION_CONTEXT('2D SPACE',''
  ) );
#2226 = ORIENTED_EDGE('',*,*,#2227,.F.);
#2227 = EDGE_CURVE('',#1872,#1913,#2228,.T.);
#2228 = SURFACE_CURVE('',#2229,(#2234,#2247),.PCURVE_S1.);
#2229 = ELLIPSE('',#2230,21.441312759536,19.);
#2230 = AXIS2_PLACEMENT_3D('',#2231,#2232,#2233);
#2231 = CARTESIAN_POINT('',(800.,0.,354.));
#2232 = DIRECTION('',(0.885987622621,0.463410535841,1.663153130715E-02)
  );
#2233 = DIRECTION('',(-0.463440066591,0.886125371732,-2.265005510861E-03
    ));
#2234 = PCURVE('',#1526,#2235);
#2235 = DEFINITIONAL_REPRESENTATION('',(#2236),#2246);
#2236 = B_SPLINE_CURVE_WITH_KNOTS('',8,(#2237,#2238,#2239,#2240,#2241,
    #2242,#2243,#2244,#2245),.UNSPECIFIED.,.F.,.F.,(9,9),(3.151308180198
    ,4.712389010577),.PIECEWISE_BEZIER_KNOTS.);
#2237 = CARTESIAN_POINT('',(0.,428.39738383217));
#2238 = CARTESIAN_POINT('',(0.195135103797,428.41622115799));
#2239 = CARTESIAN_POINT('',(0.390270207595,428.86743986967));
#2240 = CARTESIAN_POINT('',(0.585405311389,429.7499434275));
#2241 = CARTESIAN_POINT('',(0.780540415188,431.02753028087));
#2242 = CARTESIAN_POINT('',(0.975675518984,432.62895388598));
#2243 = CARTESIAN_POINT('',(1.170810622785,434.45536781067));
#2244 = CARTESIAN_POINT('',(1.365945726582,436.39428757733));
#2245 = CARTESIAN_POINT('',(1.561080830379,438.3332068906));
#2246 = ( GEOMETRIC_REPRESENTATION_CONTEXT(2) 
PARAMETRIC_REPRESENTATION_CONTEXT() REPRESENTATION_CONTEXT('2D SPACE',''
  ) );
#2247 = PCURVE('',#1894,#2248);
#2248 = DEFINITIONAL_REPRESENTATION('',(#2249),#2259);
#2249 = B_SPLINE_CURVE_WITH_KNOTS('',8,(#2250,#2251,#2252,#2253,#2254,
    #2255,#2256,#2257,#2258),.UNSPECIFIED.,.F.,.F.,(9,9),(3.151308180198
    ,4.712389010577),.PIECEWISE_BEZIER_KNOTS.);
#2250 = CARTESIAN_POINT('',(1.586212835413,9.935822758433));
#2251 = CARTESIAN_POINT('',(1.78134793921,9.916985432605));
#2252 = CARTESIAN_POINT('',(1.976483043004,9.46576672066));
#2253 = CARTESIAN_POINT('',(2.171618146808,8.583263163211));
#2254 = CARTESIAN_POINT('',(2.366753250581,7.305676307071));
#2255 = CARTESIAN_POINT('',(2.561888354408,5.704252705218));
#2256 = CARTESIAN_POINT('',(2.757023458194,3.877838779555));
#2257 = CARTESIAN_POINT('',(2.952158561995,1.93891901327));
#2258 = CARTESIAN_POINT('',(3.147293665792,-2.999998969244E-07));
#2259 = ( GEOMETRIC_REPRESENTATION_CONTEXT(2) 
PARAMETRIC_REPRESENTATION_CONTEXT() REPRESENTATION_CONTEXT('2D SPACE',''
  ) );
#2260 = ORIENTED_EDGE('',*,*,#2261,.F.);
#2261 = EDGE_CURVE('',#1623,#1872,#2262,.T.);
#2262 = SEAM_CURVE('',#2263,(#2267,#2274),.PCURVE_S1.);
#2263 = LINE('',#2264,#2265);
#2264 = CARTESIAN_POINT('',(565.60602934779,-370.8375203804,348.));
#2265 = VECTOR('',#2266,1.);
#2266 = DIRECTION('',(0.570342370236,0.82129301314,1.368821688566E-02));
#2267 = PCURVE('',#1526,#2268);
#2268 = DEFINITIONAL_REPRESENTATION('',(#2269),#2273);
#2269 = LINE('',#2270,#2271);
#2270 = CARTESIAN_POINT('',(6.28318530718,-0.));
#2271 = VECTOR('',#2272,1.);
#2272 = DIRECTION('',(0.,1.));
#2273 = ( GEOMETRIC_REPRESENTATION_CONTEXT(2) 
PARAMETRIC_REPRESENTATION_CONTEXT() REPRESENTATION_CONTEXT('2D SPACE',''
  ) );
#2274 = PCURVE('',#1526,#2275);
#2275 = DEFINITIONAL_REPRESENTATION('',(#2276),#2280);
#2276 = LINE('',#2277,#2278);
#2277 = CARTESIAN_POINT('',(0.,-0.));
#2278 = VECTOR('',#2279,1.);
#2279 = DIRECTION('',(0.,1.));
#2280 = ( GEOMETRIC_REPRESENTATION_CONTEXT(2) 
PARAMETRIC_REPRESENTATION_CONTEXT() REPRESENTATION_CONTEXT('2D SPACE',''
  ) );
#2281 = ORIENTED_EDGE('',*,*,#1622,.F.);
#2282 = ORIENTED_EDGE('',*,*,#1566,.T.);
#2283 = ORIENTED_EDGE('',*,*,#1506,.T.);
#2284 = ORIENTED_EDGE('',*,*,#1754,.T.);
#2285 = ORIENTED_EDGE('',*,*,#2261,.T.);
#2286 = ADVANCED_FACE('',(#2287),#1894,.T.);
#2287 = FACE_BOUND('',#2288,.T.);
#2288 = EDGE_LOOP('',(#2289,#2314,#2341,#2342,#2369,#2370,#2371));
#2289 = ORIENTED_EDGE('',*,*,#2290,.T.);
#2290 = EDGE_CURVE('',#2291,#2293,#2295,.T.);
#2291 = VERTEX_POINT('',#2292);
#2292 = CARTESIAN_POINT('',(799.70003738913,4.65365783676E-15,
    372.9976320217));
#2293 = VERTEX_POINT('',#2294);
#2294 = CARTESIAN_POINT('',(839.70003738913,4.65365783676E-15,
    373.62921096907));
#2295 = SEAM_CURVE('',#2296,(#2300,#2307),.PCURVE_S1.);
#2296 = LINE('',#2297,#2298);
#2297 = CARTESIAN_POINT('',(799.70003738913,4.65365783676E-15,
    372.9976320217));
#2298 = VECTOR('',#2299,1.);
#2299 = DIRECTION('',(0.999875369563,7.703719777549E-34,
    1.578750583521E-02));
#2300 = PCURVE('',#1894,#2301);
#2301 = DEFINITIONAL_REPRESENTATION('',(#2302),#2306);
#2302 = LINE('',#2303,#2304);
#2303 = CARTESIAN_POINT('',(6.28318530718,-0.));
#2304 = VECTOR('',#2305,1.);
#2305 = DIRECTION('',(0.,1.));
#2306 = ( GEOMETRIC_REPRESENTATION_CONTEXT(2) 
PARAMETRIC_REPRESENTATION_CONTEXT() REPRESENTATION_CONTEXT('2D SPACE',''
  ) );
#2307 = PCURVE('',#1894,#2308);
#2308 = DEFINITIONAL_REPRESENTATION('',(#2309),#2313);
#2309 = LINE('',#2310,#2311);
#2310 = CARTESIAN_POINT('',(0.,-0.));
#2311 = VECTOR('',#2312,1.);
#2312 = DIRECTION('',(0.,1.));
#2313 = ( GEOMETRIC_REPRESENTATION_CONTEXT(2) 
PARAMETRIC_REPRESENTATION_CONTEXT() REPRESENTATION_CONTEXT('2D SPACE',''
  ) );
#2314 = ORIENTED_EDGE('',*,*,#2315,.F.);
#2315 = EDGE_CURVE('',#2293,#2293,#2316,.T.);
#2316 = SURFACE_CURVE('',#2317,(#2322,#2329),.PCURVE_S1.);
#2317 = CIRCLE('',#2318,19.);
#2318 = AXIS2_PLACEMENT_3D('',#2319,#2320,#2321);
#2319 = CARTESIAN_POINT('',(840.,0.,354.63157894736));
#2320 = DIRECTION('',(0.999875369563,0.,1.578750583521E-02));
#2321 = DIRECTION('',(-1.578750583521E-02,0.,0.999875369563));
#2322 = PCURVE('',#1894,#2323);
#2323 = DEFINITIONAL_REPRESENTATION('',(#2324),#2328);
#2324 = LINE('',#2325,#2326);
#2325 = CARTESIAN_POINT('',(0.,40.004985838852));
#2326 = VECTOR('',#2327,1.);
#2327 = DIRECTION('',(1.,0.));
#2328 = ( GEOMETRIC_REPRESENTATION_CONTEXT(2) 
PARAMETRIC_REPRESENTATION_CONTEXT() REPRESENTATION_CONTEXT('2D SPACE',''
  ) );
#2329 = PCURVE('',#2330,#2335);
#2330 = PLANE('',#2331);
#2331 = AXIS2_PLACEMENT_3D('',#2332,#2333,#2334);
#2332 = CARTESIAN_POINT('',(840.,0.,354.63157894736));
#2333 = DIRECTION('',(0.999875369563,0.,1.578750583521E-02));
#2334 = DIRECTION('',(-1.578750583521E-02,0.,0.999875369563));
#2335 = DEFINITIONAL_REPRESENTATION('',(#2336),#2340);
#2336 = CIRCLE('',#2337,19.);
#2337 = AXIS2_PLACEMENT_2D('',#2338,#2339);
#2338 = CARTESIAN_POINT('',(0.,0.));
#2339 = DIRECTION('',(1.,0.));
#2340 = ( GEOMETRIC_REPRESENTATION_CONTEXT(2) 
PARAMETRIC_REPRESENTATION_CONTEXT() REPRESENTATION_CONTEXT('2D SPACE',''
  ) );
#2341 = ORIENTED_EDGE('',*,*,#2290,.F.);
#2342 = ORIENTED_EDGE('',*,*,#2343,.T.);
#2343 = EDGE_CURVE('',#2291,#1870,#2344,.T.);
#2344 = SURFACE_CURVE('',#2345,(#2350,#2357),.PCURVE_S1.);
#2345 = CIRCLE('',#2346,19.);
#2346 = AXIS2_PLACEMENT_3D('',#2347,#2348,#2349);
#2347 = CARTESIAN_POINT('',(800.,0.,354.));
#2348 = DIRECTION('',(0.999875369563,0.,1.578750583521E-02));
#2349 = DIRECTION('',(-1.578750583521E-02,0.,0.999875369563));
#2350 = PCURVE('',#1894,#2351);
#2351 = DEFINITIONAL_REPRESENTATION('',(#2352),#2356);
#2352 = LINE('',#2353,#2354);
#2353 = CARTESIAN_POINT('',(0.,0.));
#2354 = VECTOR('',#2355,1.);
#2355 = DIRECTION('',(1.,0.));
#2356 = ( GEOMETRIC_REPRESENTATION_CONTEXT(2) 
PARAMETRIC_REPRESENTATION_CONTEXT() REPRESENTATION_CONTEXT('2D SPACE',''
  ) );
#2357 = PCURVE('',#1929,#2358);
#2358 = DEFINITIONAL_REPRESENTATION('',(#2359),#2368);
#2359 = B_SPLINE_CURVE_WITH_KNOTS('',7,(#2360,#2361,#2362,#2363,#2364,
    #2365,#2366,#2367),.UNSPECIFIED.,.F.,.F.,(8,8),(0.,5.70098201015E-03
    ),.PIECEWISE_BEZIER_KNOTS.);
#2360 = CARTESIAN_POINT('',(3.14159265359,1.555008165059));
#2361 = CARTESIAN_POINT('',(3.193179396293,1.555008165059));
#2362 = CARTESIAN_POINT('',(3.244766094874,1.554959155237));
#2363 = CARTESIAN_POINT('',(3.295904762649,1.554861136323));
#2364 = CARTESIAN_POINT('',(3.346145681783,1.554715063496));
#2365 = CARTESIAN_POINT('',(3.395102522703,1.554522864712));
#2366 = CARTESIAN_POINT('',(3.4424942542,1.554287063974));
#2367 = CARTESIAN_POINT('',(3.488131518026,1.554010483166));
#2368 = ( GEOMETRIC_REPRESENTATION_CONTEXT(2) 
PARAMETRIC_REPRESENTATION_CONTEXT() REPRESENTATION_CONTEXT('2D SPACE',''
  ) );
#2369 = ORIENTED_EDGE('',*,*,#1869,.T.);
#2370 = ORIENTED_EDGE('',*,*,#2227,.T.);
#2371 = ORIENTED_EDGE('',*,*,#2372,.T.);
#2372 = EDGE_CURVE('',#1913,#2291,#2373,.T.);
#2373 = SURFACE_CURVE('',#2374,(#2379,#2386),.PCURVE_S1.);
#2374 = CIRCLE('',#2375,19.);
#2375 = AXIS2_PLACEMENT_3D('',#2376,#2377,#2378);
#2376 = CARTESIAN_POINT('',(800.,0.,354.));
#2377 = DIRECTION('',(0.999875369563,0.,1.578750583521E-02));
#2378 = DIRECTION('',(-1.578750583521E-02,0.,0.999875369563));
#2379 = PCURVE('',#1894,#2380);
#2380 = DEFINITIONAL_REPRESENTATION('',(#2381),#2385);
#2381 = LINE('',#2382,#2383);
#2382 = CARTESIAN_POINT('',(0.,0.));
#2383 = VECTOR('',#2384,1.);
#2384 = DIRECTION('',(1.,0.));
#2385 = ( GEOMETRIC_REPRESENTATION_CONTEXT(2) 
PARAMETRIC_REPRESENTATION_CONTEXT() REPRESENTATION_CONTEXT('2D SPACE',''
  ) );
#2386 = PCURVE('',#1929,#2387);
#2387 = DEFINITIONAL_REPRESENTATION('',(#2388),#2594);
#2388 = B_SPLINE_CURVE_WITH_KNOTS('',8,(#2389,#2390,#2391,#2392,#2393,
    #2394,#2395,#2396,#2397,#2398,#2399,#2400,#2401,#2402,#2403,#2404,
    #2405,#2406,#2407,#2408,#2409,#2410,#2411,#2412,#2413,#2414,#2415,
    #2416,#2417,#2418,#2419,#2420,#2421,#2422,#2423,#2424,#2425,#2426,
    #2427,#2428,#2429,#2430,#2431,#2432,#2433,#2434,#2435,#2436,#2437,
    #2438,#2439,#2440,#2441,#2442,#2443,#2444,#2445,#2446,#2447,#2448,
    #2449,#2450,#2451,#2452,#2453,#2454,#2455,#2456,#2457,#2458,#2459,
    #2460,#2461,#2462,#2463,#2464,#2465,#2466,#2467,#2468,#2469,#2470,
    #2471,#2472,#2473,#2474,#2475,#2476,#2477,#2478,#2479,#2480,#2481,
    #2482,#2483,#2484,#2485,#2486,#2487,#2488,#2489,#2490,#2491,#2492,
    #2493,#2494,#2495,#2496,#2497,#2498,#2499,#2500,#2501,#2502,#2503,
    #2504,#2505,#2506,#2507,#2508,#2509,#2510,#2511,#2512,#2513,#2514,
    #2515,#2516,#2517,#2518,#2519,#2520,#2521,#2522,#2523,#2524,#2525,
    #2526,#2527,#2528,#2529,#2530,#2531,#2532,#2533,#2534,#2535,#2536,
    #2537,#2538,#2539,#2540,#2541,#2542,#2543,#2544,#2545,#2546,#2547,
    #2548,#2549,#2550,#2551,#2552,#2553,#2554,#2555,#2556,#2557,#2558,
    #2559,#2560,#2561,#2562,#2563,#2564,#2565,#2566,#2567,#2568,#2569,
    #2570,#2571,#2572,#2573,#2574,#2575,#2576,#2577,#2578,#2579,#2580,
    #2581,#2582,#2583,#2584,#2585,#2586,#2587,#2588,#2589,#2590,#2591,
    #2592,#2593),.UNSPECIFIED.,.F.,.F.,(9,7,7,7,7,7,7,7,7,7,7,7,7,7,7,7,
    7,7,7,7,7,7,7,7,7,7,7,7,7,9),(3.1472936356,3.153418424021,
    3.165644075908,3.177821971343,3.202082622404,3.226153737129,
    3.273919855411,3.367959400779,3.459060210354,3.635568028905,
    3.96652018869,4.545686468312,4.980061178029,5.305842210317,
    5.550177984532,5.733429815194,5.870868688191,5.973947842938,
    6.051257208998,6.109239233544,6.152725751953,6.185340640759,
    6.209801807364,6.228147682318,6.241907088534,6.252226643195,
    6.259966309191,6.271575808185,6.277380557682,6.28318530718),
  .UNSPECIFIED.);
#2389 = CARTESIAN_POINT('',(0.346538864432,-1.554010483166));
#2390 = CARTESIAN_POINT('',(0.389440028036,-1.553750484264));
#2391 = CARTESIAN_POINT('',(0.430822486105,-1.5534551841));
#2392 = CARTESIAN_POINT('',(0.470539645518,-1.553126769005));
#2393 = CARTESIAN_POINT('',(0.508507570405,-1.55276762763));
#2394 = CARTESIAN_POINT('',(0.544700037651,-1.55238018069));
#2395 = CARTESIAN_POINT('',(0.579133933892,-1.551966765629));
#2396 = CARTESIAN_POINT('',(0.611853364838,-1.551529572317));
#2397 = CARTESIAN_POINT('',(0.704934456288,-1.550154525724));
#2398 = CARTESIAN_POINT('',(0.760366043207,-1.549151751801));
#2399 = CARTESIAN_POINT('',(0.809711239718,-1.54807840878));
#2400 = CARTESIAN_POINT('',(0.853753567013,-1.546947930045));
#2401 = CARTESIAN_POINT('',(0.89322177068,-1.545770399447));
#2402 = CARTESIAN_POINT('',(0.928745931972,-1.544553761484));
#2403 = CARTESIAN_POINT('',(0.960861812649,-1.543304221078));
#2404 = CARTESIAN_POINT('',(1.019062644275,-1.540754256883));
#2405 = CARTESIAN_POINT('',(1.045170658235,-1.53945405056));
#2406 = CARTESIAN_POINT('',(1.068788192378,-1.538131028872));
#2407 = CARTESIAN_POINT('',(1.090275554512,-1.536788857663));
#2408 = CARTESIAN_POINT('',(1.109923139432,-1.535430379672));
#2409 = CARTESIAN_POINT('',(1.127967698601,-1.534057861289));
#2410 = CARTESIAN_POINT('',(1.1446060895,-1.532673137062));
#2411 = CARTESIAN_POINT('',(1.190674940441,-1.528497781426));
#2412 = CARTESIAN_POINT('',(1.216418209171,-1.525675399204));
#2413 = CARTESIAN_POINT('',(1.238531352735,-1.522822510048));
#2414 = CARTESIAN_POINT('',(1.257808066789,-1.51994595729));
#2415 = CARTESIAN_POINT('',(1.274810836266,-1.517050617334));
#2416 = CARTESIAN_POINT('',(1.289947485941,-1.514139921918));
#2417 = CARTESIAN_POINT('',(1.303528785712,-1.511216493695));
#2418 = CARTESIAN_POINT('',(1.327966897691,-1.505371113692));
#2419 = CARTESIAN_POINT('',(1.338844199835,-1.502449329418));
#2420 = CARTESIAN_POINT('',(1.34866306678,-1.499518954274));
#2421 = CARTESIAN_POINT('',(1.357592546622,-1.496581382984));
#2422 = CARTESIAN_POINT('',(1.365762379666,-1.493637680104));
#2423 = CARTESIAN_POINT('',(1.373275961751,-1.490688691402));
#2424 = CARTESIAN_POINT('',(1.38021631142,-1.487735092714));
#2425 = CARTESIAN_POINT('',(1.399423196448,-1.478908355016));
#2426 = CARTESIAN_POINT('',(1.41020750376,-1.47302331296));
#2427 = CARTESIAN_POINT('',(1.41954068513,-1.467126667995));
#2428 = CARTESIAN_POINT('',(1.427731557787,-1.461220902224));
#2429 = CARTESIAN_POINT('',(1.435004759332,-1.455307822675));
#2430 = CARTESIAN_POINT('',(1.441519371756,-1.44938870212));
#2431 = CARTESIAN_POINT('',(1.4473988214,-1.44346452852));
#2432 = CARTESIAN_POINT('',(1.463250968031,-1.42586439832));
#2433 = CARTESIAN_POINT('',(1.471671502979,-1.414176101978));
#2434 = CARTESIAN_POINT('',(1.478728276634,-1.402476990937));
#2435 = CARTESIAN_POINT('',(1.484751983197,-1.390769688892));
#2436 = CARTESIAN_POINT('',(1.48999051695,-1.379056168601));
#2437 = CARTESIAN_POINT('',(1.494596038306,-1.367337635259));
#2438 = CARTESIAN_POINT('',(1.498688751697,-1.355615043017));
#2439 = CARTESIAN_POINT('',(1.505908037377,-1.332529556244));
#2440 = CARTESIAN_POINT('',(1.509060907635,-1.321166869844));
#2441 = CARTESIAN_POINT('',(1.511894101095,-1.309801654776));
#2442 = CARTESIAN_POINT('',(1.514462272595,-1.298434343852));
#2443 = CARTESIAN_POINT('',(1.51680644303,-1.28706526179));
#2444 = CARTESIAN_POINT('',(1.518958898007,-1.275694664108));
#2445 = CARTESIAN_POINT('',(1.520945038467,-1.264322751762));
#2446 = CARTESIAN_POINT('',(1.526352121743,-1.23091438269));
#2447 = CARTESIAN_POINT('',(1.529372599547,-1.208874760754));
#2448 = CARTESIAN_POINT('',(1.531998056367,-1.186832017601));
#2449 = CARTESIAN_POINT('',(1.534314655472,-1.164786834328));
#2450 = CARTESIAN_POINT('',(1.5363822671,-1.142739684118));
#2451 = CARTESIAN_POINT('',(1.538246338201,-1.120690926165));
#2452 = CARTESIAN_POINT('',(1.539939282023,-1.098640816544));
#2453 = CARTESIAN_POINT('',(1.544390283899,-1.035243464097));
#2454 = CARTESIAN_POINT('',(1.546783987973,-0.993893343554));
#2455 = CARTESIAN_POINT('',(1.548839646567,-0.952540553537));
#2456 = CARTESIAN_POINT('',(1.550638380684,-0.911185734678));
#2457 = CARTESIAN_POINT('',(1.552240637787,-0.869829364426));
#2458 = CARTESIAN_POINT('',(1.553684704694,-0.828471745108));
#2459 = CARTESIAN_POINT('',(1.555000775972,-0.787113115173));
#2460 = CARTESIAN_POINT('',(1.558329264816,-0.673374587551));
#2461 = CARTESIAN_POINT('',(1.560123737195,-0.600992969061));
#2462 = CARTESIAN_POINT('',(1.56171469011,-0.528609743769));
#2463 = CARTESIAN_POINT('',(1.56315761816,-0.456225349815));
#2464 = CARTESIAN_POINT('',(1.564495544384,-0.383840126887));
#2465 = CARTESIAN_POINT('',(1.565756528648,-0.311454296515));
#2466 = CARTESIAN_POINT('',(1.566964562258,-0.239068048109));
#2467 = CARTESIAN_POINT('',(1.569021338424,-0.112391661165));
#2468 = CARTESIAN_POINT('',(1.569884402173,-5.810163568971E-02));
#2469 = CARTESIAN_POINT('',(1.5707376602,-3.81153280094E-03));
#2470 = CARTESIAN_POINT('',(1.57158876465,5.047858708961E-02));
#2471 = CARTESIAN_POINT('',(1.572445034803,0.104768666198));
#2472 = CARTESIAN_POINT('',(1.573314078096,0.159058644467));
#2473 = CARTESIAN_POINT('',(1.574204411141,0.213348454658));
#2474 = CARTESIAN_POINT('',(1.575817332954,0.308355189549));
#2475 = CARTESIAN_POINT('',(1.576526232913,0.34907222232));
#2476 = CARTESIAN_POINT('',(1.577257030713,0.389789082211));
#2477 = CARTESIAN_POINT('',(1.578014611368,0.430505730654));
#2478 = CARTESIAN_POINT('',(1.578804588095,0.471222123333));
#2479 = CARTESIAN_POINT('',(1.579633673124,0.511938207253));
#2480 = CARTESIAN_POINT('',(1.580510326042,0.552653915622));
#2481 = CARTESIAN_POINT('',(1.582147194909,0.623905594225));
#2482 = CARTESIAN_POINT('',(1.582881742263,0.654441767118));
#2483 = CARTESIAN_POINT('',(1.583653995623,0.684977642311));
#2484 = CARTESIAN_POINT('',(1.584469617176,0.715513175099));
#2485 = CARTESIAN_POINT('',(1.585335351512,0.746048312224));
#2486 = CARTESIAN_POINT('',(1.586259495938,0.776582988169));
#2487 = CARTESIAN_POINT('',(1.587252747021,0.807117118468));
#2488 = CARTESIAN_POINT('',(1.589136930584,0.860550693728));
#2489 = CARTESIAN_POINT('',(1.589991381713,0.883450426744));
#2490 = CARTESIAN_POINT('',(1.590898786968,0.906349741631));
#2491 = CARTESIAN_POINT('',(1.591866491616,0.929248580378));
#2492 = CARTESIAN_POINT('',(1.592903298836,0.952146873463));
#2493 = CARTESIAN_POINT('',(1.594020093402,0.975044534917));
#2494 = CARTESIAN_POINT('',(1.59523096617,0.997941453441));
#2495 = CARTESIAN_POINT('',(1.597547744242,1.038009499151));
#2496 = CARTESIAN_POINT('',(1.598604234669,1.055181016583));
#2497 = CARTESIAN_POINT('',(1.599732253182,1.072351969116));
#2498 = CARTESIAN_POINT('',(1.600941521716,1.089522279946));
#2499 = CARTESIAN_POINT('',(1.602243705643,1.10669185691));
#2500 = CARTESIAN_POINT('',(1.603653242577,1.123860585937));
#2501 = CARTESIAN_POINT('',(1.605188835915,1.141028319229));
#2502 = CARTESIAN_POINT('',(1.608140696039,1.171069762406));
#2503 = CARTESIAN_POINT('',(1.609490850023,1.183943994573));
#2504 = CARTESIAN_POINT('',(1.610936622743,1.196817471325));
#2505 = CARTESIAN_POINT('',(1.612490925794,1.209690090598));
#2506 = CARTESIAN_POINT('',(1.614169254713,1.222561729893));
#2507 = CARTESIAN_POINT('',(1.615990788192,1.235432237573));
#2508 = CARTESIAN_POINT('',(1.617980366496,1.248301417192));
#2509 = CARTESIAN_POINT('',(1.621814586022,1.270819695571));
#2510 = CARTESIAN_POINT('',(1.623571152444,1.280469490505));
#2511 = CARTESIAN_POINT('',(1.625455052838,1.290118278854));
#2512 = CARTESIAN_POINT('',(1.627483422014,1.299765925023));
#2513 = CARTESIAN_POINT('',(1.629676821515,1.309412266285));
#2514 = CARTESIAN_POINT('',(1.632060691581,1.319057101251));
#2515 = CARTESIAN_POINT('',(1.634667958667,1.328700169154));
#2516 = CARTESIAN_POINT('',(1.639698928435,1.345571833008));
#2517 = CARTESIAN_POINT('',(1.642005619354,1.352801354791));
#2518 = CARTESIAN_POINT('',(1.64448141964,1.360029538309));
#2519 = CARTESIAN_POINT('',(1.647149000572,1.367256203813));
#2520 = CARTESIAN_POINT('',(1.650035558518,1.374481135638));
#2521 = CARTESIAN_POINT('',(1.653174718972,1.381704067024));
#2522 = CARTESIAN_POINT('',(1.656609942475,1.38892465291));
#2523 = CARTESIAN_POINT('',(1.663241549878,1.401555764033));
#2524 = CARTESIAN_POINT('',(1.666283007373,1.406967517286));
#2525 = CARTESIAN_POINT('',(1.669548250195,1.412377496195));
#2526 = CARTESIAN_POINT('',(1.673067102938,1.417785463503));
#2527 = CARTESIAN_POINT('',(1.676875320812,1.423191134674));
#2528 = CARTESIAN_POINT('',(1.681017054471,1.428594158096));
#2529 = CARTESIAN_POINT('',(1.685549228317,1.433994079788));
#2530 = CARTESIAN_POINT('',(1.694296785316,1.443437452185));
#2531 = CARTESIAN_POINT('',(1.698308184884,1.44748252487));
#2532 = CARTESIAN_POINT('',(1.70261396209,1.451525255582));
#2533 = CARTESIAN_POINT('',(1.707252951397,1.455565333548));
#2534 = CARTESIAN_POINT('',(1.712271656268,1.459602386379));
#2535 = CARTESIAN_POINT('',(1.717727367519,1.463635954688));
#2536 = CARTESIAN_POINT('',(1.723693634435,1.467665447242));
#2537 = CARTESIAN_POINT('',(1.735198929274,1.474708548682));
#2538 = CARTESIAN_POINT('',(1.740471904608,1.477724284957));
#2539 = CARTESIAN_POINT('',(1.746128370554,1.480736951839));
#2540 = CARTESIAN_POINT('',(1.752217462704,1.483746152377));
#2541 = CARTESIAN_POINT('',(1.758798819162,1.486751403465));
#2542 = CARTESIAN_POINT('',(1.765945547669,1.489752111528));
#2543 = CARTESIAN_POINT('',(1.773749906497,1.49274752484));
#2544 = CARTESIAN_POINT('',(1.788772365074,1.49797847751));
#2545 = CARTESIAN_POINT('',(1.795649256199,1.50021677204));
#2546 = CARTESIAN_POINT('',(1.803016474541,1.502451100718));
#2547 = CARTESIAN_POINT('',(1.81093509297,1.504680961261));
#2548 = CARTESIAN_POINT('',(1.819478665798,1.506905745913));
#2549 = CARTESIAN_POINT('',(1.828736735721,1.509124711726));
#2550 = CARTESIAN_POINT('',(1.838821129036,1.511336925005));
#2551 = CARTESIAN_POINT('',(1.858169536086,1.515194331136));
#2552 = CARTESIAN_POINT('',(1.867008409821,1.51684301528));
#2553 = CARTESIAN_POINT('',(1.876455212975,1.518486693147));
#2554 = CARTESIAN_POINT('',(1.886582349919,1.520124748838));
#2555 = CARTESIAN_POINT('',(1.897475341843,1.521756451495));
#2556 = CARTESIAN_POINT('',(1.909237071733,1.523380915024));
#2557 = CARTESIAN_POINT('',(1.921994331743,1.524997032968));
#2558 = CARTESIAN_POINT('',(1.94634092887,1.52780815519));
#2559 = CARTESIAN_POINT('',(1.957424950471,1.529007429937));
#2560 = CARTESIAN_POINT('',(1.969226090368,1.53020061525));
#2561 = CARTESIAN_POINT('',(1.981822382501,1.531387009394));
#2562 = CARTESIAN_POINT('',(1.995304681365,1.532565787765));
#2563 = CARTESIAN_POINT('',(2.009779978748,1.533735965527));
#2564 = CARTESIAN_POINT('',(2.025375897988,1.534896341514));
#2565 = CARTESIAN_POINT('',(2.054899216553,1.536907234862));
#2566 = CARTESIAN_POINT('',(2.068269008257,1.537762695104));
#2567 = CARTESIAN_POINT('',(2.082420701443,1.538611167817));
#2568 = CARTESIAN_POINT('',(2.097427551638,1.539451933746));
#2569 = CARTESIAN_POINT('',(2.113372642407,1.540284159215));
#2570 = CARTESIAN_POINT('',(2.130350418451,1.54110686462));
#2571 = CARTESIAN_POINT('',(2.148468218703,1.541918892928));
#2572 = CARTESIAN_POINT('',(2.196917195526,1.543918856032));
#2573 = CARTESIAN_POINT('',(2.228825569991,1.54509173267));
#2574 = CARTESIAN_POINT('',(2.263983219474,1.546232872688));
#2575 = CARTESIAN_POINT('',(2.302872914242,1.54733653222));
#2576 = CARTESIAN_POINT('',(2.346052711721,1.548395455054));
#2577 = CARTESIAN_POINT('',(2.394156840167,1.549400523325));
#2578 = CARTESIAN_POINT('',(2.447840535828,1.550339870302));
#2579 = CARTESIAN_POINT('',(2.537338406475,1.55162932639));
#2580 = CARTESIAN_POINT('',(2.568666418374,1.552039217816));
#2581 = CARTESIAN_POINT('',(2.601540211056,1.552427433274));
#2582 = CARTESIAN_POINT('',(2.635994205709,1.552792093728));
#2583 = CARTESIAN_POINT('',(2.672039678714,1.553131206257));
#2584 = CARTESIAN_POINT('',(2.709652750051,1.553442715441));
#2585 = CARTESIAN_POINT('',(2.748763391016,1.553724591921));
#2586 = CARTESIAN_POINT('',(2.829739226235,1.554225328843));
#2587 = CARTESIAN_POINT('',(2.8716044698,1.554444189181));
#2588 = CARTESIAN_POINT('',(2.914726566457,1.554629665674));
#2589 = CARTESIAN_POINT('',(2.958936057924,1.554780034093));
#2590 = CARTESIAN_POINT('',(3.004008321929,1.554893842639));
#2591 = CARTESIAN_POINT('',(3.049672702069,1.55497005742));
#2592 = CARTESIAN_POINT('',(3.095632658724,1.555008165059));
#2593 = CARTESIAN_POINT('',(3.14159265359,1.555008165059));
#2594 = ( GEOMETRIC_REPRESENTATION_CONTEXT(2) 
PARAMETRIC_REPRESENTATION_CONTEXT() REPRESENTATION_CONTEXT('2D SPACE',''
  ) );
#2595 = ADVANCED_FACE('',(#2596),#1929,.T.);
#2596 = FACE_BOUND('',#2597,.T.);
#2597 = EDGE_LOOP('',(#2598,#2599,#2600));
#2598 = ORIENTED_EDGE('',*,*,#2372,.F.);
#2599 = ORIENTED_EDGE('',*,*,#1912,.T.);
#2600 = ORIENTED_EDGE('',*,*,#2343,.F.);
#2601 = ADVANCED_FACE('',(#2602),#2330,.T.);
#2602 = FACE_BOUND('',#2603,.T.);
#2603 = EDGE_LOOP('',(#2604));
#2604 = ORIENTED_EDGE('',*,*,#2315,.T.);
#2605 = MANIFOLD_SOLID_BREP('',#2606);
#2606 = CLOSED_SHELL('',(#2607,#2695,#2699));
#2607 = ADVANCED_FACE('',(#2608),#2621,.T.);
#2608 = FACE_BOUND('',#2609,.T.);
#2609 = EDGE_LOOP('',(#2610,#2644,#2667,#2694));
#2610 = ORIENTED_EDGE('',*,*,#2611,.F.);
#2611 = EDGE_CURVE('',#2612,#2612,#2614,.T.);
#2612 = VERTEX_POINT('',#2613);
#2613 = CARTESIAN_POINT('',(1.179700037389E+03,4.65365783676E-15,
    378.9976320217));
#2614 = SURFACE_CURVE('',#2615,(#2620,#2632),.PCURVE_S1.);
#2615 = CIRCLE('',#2616,19.);
#2616 = AXIS2_PLACEMENT_3D('',#2617,#2618,#2619);
#2617 = CARTESIAN_POINT('',(1.18E+03,0.,360.));
#2618 = DIRECTION('',(0.999875369563,0.,1.578750583521E-02));
#2619 = DIRECTION('',(-1.578750583521E-02,0.,0.999875369563));
#2620 = PCURVE('',#2621,#2626);
#2621 = CYLINDRICAL_SURFACE('',#2622,19.);
#2622 = AXIS2_PLACEMENT_3D('',#2623,#2624,#2625);
#2623 = CARTESIAN_POINT('',(1.15E+03,0.,359.52631578947));
#2624 = DIRECTION('',(0.999875369563,0.,1.578750583521E-02));
#2625 = DIRECTION('',(-1.578750583521E-02,0.,0.999875369563));
#2626 = DEFINITIONAL_REPRESENTATION('',(#2627),#2631);
#2627 = LINE('',#2628,#2629);
#2628 = CARTESIAN_POINT('',(0.,30.003739379139));
#2629 = VECTOR('',#2630,1.);
#2630 = DIRECTION('',(1.,0.));
#2631 = ( GEOMETRIC_REPRESENTATION_CONTEXT(2) 
PARAMETRIC_REPRESENTATION_CONTEXT() REPRESENTATION_CONTEXT('2D SPACE',''
  ) );
#2632 = PCURVE('',#2633,#2638);
#2633 = PLANE('',#2634);
#2634 = AXIS2_PLACEMENT_3D('',#2635,#2636,#2637);
#2635 = CARTESIAN_POINT('',(1.18E+03,0.,360.));
#2636 = DIRECTION('',(0.999875369563,0.,1.578750583521E-02));
#2637 = DIRECTION('',(-1.578750583521E-02,0.,0.999875369563));
#2638 = DEFINITIONAL_REPRESENTATION('',(#2639),#2643);
#2639 = CIRCLE('',#2640,19.);
#2640 = AXIS2_PLACEMENT_2D('',#2641,#2642);
#2641 = CARTESIAN_POINT('',(0.,0.));
#2642 = DIRECTION('',(1.,0.));
#2643 = ( GEOMETRIC_REPRESENTATION_CONTEXT(2) 
PARAMETRIC_REPRESENTATION_CONTEXT() REPRESENTATION_CONTEXT('2D SPACE',''
  ) );
#2644 = ORIENTED_EDGE('',*,*,#2645,.F.);
#2645 = EDGE_CURVE('',#2646,#2612,#2648,.T.);
#2646 = VERTEX_POINT('',#2647);
#2647 = CARTESIAN_POINT('',(1.149700037389E+03,4.65365783676E-15,
    378.52394781117));
#2648 = SEAM_CURVE('',#2649,(#2653,#2660),.PCURVE_S1.);
#2649 = LINE('',#2650,#2651);
#2650 = CARTESIAN_POINT('',(1.149700037389E+03,4.65365783676E-15,
    378.52394781117));
#2651 = VECTOR('',#2652,1.);
#2652 = DIRECTION('',(0.999875369563,7.703719777549E-34,
    1.578750583521E-02));
#2653 = PCURVE('',#2621,#2654);
#2654 = DEFINITIONAL_REPRESENTATION('',(#2655),#2659);
#2655 = LINE('',#2656,#2657);
#2656 = CARTESIAN_POINT('',(6.28318530718,-0.));
#2657 = VECTOR('',#2658,1.);
#2658 = DIRECTION('',(0.,1.));
#2659 = ( GEOMETRIC_REPRESENTATION_CONTEXT(2) 
PARAMETRIC_REPRESENTATION_CONTEXT() REPRESENTATION_CONTEXT('2D SPACE',''
  ) );
#2660 = PCURVE('',#2621,#2661);
#2661 = DEFINITIONAL_REPRESENTATION('',(#2662),#2666);
#2662 = LINE('',#2663,#2664);
#2663 = CARTESIAN_POINT('',(0.,-0.));
#2664 = VECTOR('',#2665,1.);
#2665 = DIRECTION('',(0.,1.));
#2666 = ( GEOMETRIC_REPRESENTATION_CONTEXT(2) 
PARAMETRIC_REPRESENTATION_CONTEXT() REPRESENTATION_CONTEXT('2D SPACE',''
  ) );
#2667 = ORIENTED_EDGE('',*,*,#2668,.T.);
#2668 = EDGE_CURVE('',#2646,#2646,#2669,.T.);
#2669 = SURFACE_CURVE('',#2670,(#2675,#2682),.PCURVE_S1.);
#2670 = CIRCLE('',#2671,19.);
#2671 = AXIS2_PLACEMENT_3D('',#2672,#2673,#2674);
#2672 = CARTESIAN_POINT('',(1.15E+03,0.,359.52631578947));
#2673 = DIRECTION('',(0.999875369563,0.,1.578750583521E-02));
#2674 = DIRECTION('',(-1.578750583521E-02,0.,0.999875369563));
#2675 = PCURVE('',#2621,#2676);
#2676 = DEFINITIONAL_REPRESENTATION('',(#2677),#2681);
#2677 = LINE('',#2678,#2679);
#2678 = CARTESIAN_POINT('',(0.,0.));
#2679 = VECTOR('',#2680,1.);
#2680 = DIRECTION('',(1.,0.));
#2681 = ( GEOMETRIC_REPRESENTATION_CONTEXT(2) 
PARAMETRIC_REPRESENTATION_CONTEXT() REPRESENTATION_CONTEXT('2D SPACE',''
  ) );
#2682 = PCURVE('',#2683,#2688);
#2683 = PLANE('',#2684);
#2684 = AXIS2_PLACEMENT_3D('',#2685,#2686,#2687);
#2685 = CARTESIAN_POINT('',(1.15E+03,0.,359.52631578947));
#2686 = DIRECTION('',(0.999875369563,0.,1.578750583521E-02));
#2687 = DIRECTION('',(-1.578750583521E-02,0.,0.999875369563));
#2688 = DEFINITIONAL_REPRESENTATION('',(#2689),#2693);
#2689 = CIRCLE('',#2690,19.);
#2690 = AXIS2_PLACEMENT_2D('',#2691,#2692);
#2691 = CARTESIAN_POINT('',(0.,0.));
#2692 = DIRECTION('',(1.,0.));
#2693 = ( GEOMETRIC_REPRESENTATION_CONTEXT(2) 
PARAMETRIC_REPRESENTATION_CONTEXT() REPRESENTATION_CONTEXT('2D SPACE',''
  ) );
#2694 = ORIENTED_EDGE('',*,*,#2645,.T.);
#2695 = ADVANCED_FACE('',(#2696),#2633,.T.);
#2696 = FACE_BOUND('',#2697,.T.);
#2697 = EDGE_LOOP('',(#2698));
#2698 = ORIENTED_EDGE('',*,*,#2611,.T.);
#2699 = ADVANCED_FACE('',(#2700),#2683,.F.);
#2700 = FACE_BOUND('',#2701,.T.);
#2701 = EDGE_LOOP('',(#2702));
#2702 = ORIENTED_EDGE('',*,*,#2668,.F.);
#2703 = ( GEOMETRIC_REPRESENTATION_CONTEXT(3) 
GLOBAL_UNCERTAINTY_ASSIGNED_CONTEXT((#2707)) 
GLOBAL_UNIT_ASSIGNED_CONTEXT((#2704,#2705,#2706)) REPRESENTATION_CONTEXT
('Context #1','3D Context with UNIT and UNCERTAINTY') );
#2704 = ( LENGTH_UNIT() NAMED_UNIT(*) SI_UNIT(.MILLI.,.METRE.) );
#2705 = ( NAMED_UNIT(*) PLANE_ANGLE_UNIT() SI_UNIT($,.RADIAN.) );
#2706 = ( NAMED_UNIT(*) SI_UNIT($,.STERADIAN.) SOLID_ANGLE_UNIT() );
#2707 = UNCERTAINTY_MEASURE_WITH_UNIT(LENGTH_MEASURE(2.E-07),#2704,
  'distance_accuracy_value','confusion accuracy');
#2708 = CONTEXT_DEPENDENT_SHAPE_REPRESENTATION(#2709,#2711);
#2709 = ( REPRESENTATION_RELATIONSHIP('','',#388,#10) 
REPRESENTATION_RELATIONSHIP_WITH_TRANSFORMATION(#2710) 
SHAPE_REPRESENTATION_RELATIONSHIP() );
#2710 = ITEM_DEFINED_TRANSFORMATION('','',#11,#19);
#2711 = PRODUCT_DEFINITION_SHAPE('Placement','Placement of an item',
  #2712);
#2712 = NEXT_ASSEMBLY_USAGE_OCCURRENCE('19','=>[0:1:1:3]','',#5,#383,$);
#2713 = PRODUCT_RELATED_PRODUCT_CATEGORY('part',$,(#385));
#2714 = SHAPE_DEFINITION_REPRESENTATION(#2715,#2721);
#2715 = PRODUCT_DEFINITION_SHAPE('','',#2716);
#2716 = PRODUCT_DEFINITION('design','',#2717,#2720);
#2717 = PRODUCT_DEFINITION_FORMATION('','',#2718);
#2718 = PRODUCT('SOLID','SOLID','',(#2719));
#2719 = PRODUCT_CONTEXT('',#2,'mechanical');
#2720 = PRODUCT_DEFINITION_CONTEXT('part definition',#2,'design');
#2721 = ADVANCED_BREP_SHAPE_REPRESENTATION('',(#11,#2722),#3272);
#2722 = MANIFOLD_SOLID_BREP('',#2723);
#2723 = CLOSED_SHELL('',(#2724,#2832,#2950,#2954,#3030,#3079,#3128,#3155
    ,#3213,#3268));
#2724 = ADVANCED_FACE('',(#2725),#2739,.T.);
#2725 = FACE_BOUND('',#2726,.T.);
#2726 = EDGE_LOOP('',(#2727,#2757,#2784,#2785));
#2727 = ORIENTED_EDGE('',*,*,#2728,.T.);
#2728 = EDGE_CURVE('',#2729,#2731,#2733,.T.);
#2729 = VERTEX_POINT('',#2730);
#2730 = CARTESIAN_POINT('',(920.,2.939152317954E-15,367.89623259376));
#2731 = VERTEX_POINT('',#2732);
#2732 = CARTESIAN_POINT('',(949.81054992997,2.939152317954E-15,
    368.36692548739));
#2733 = SEAM_CURVE('',#2734,(#2738,#2750),.PCURVE_S1.);
#2734 = LINE('',#2735,#2736);
#2735 = CARTESIAN_POINT('',(839.81054992997,2.939152317954E-15,
    366.63008338212));
#2736 = VECTOR('',#2737,1.);
#2737 = DIRECTION('',(0.999875369563,7.703719777549E-34,
    1.578750583521E-02));
#2738 = PCURVE('',#2739,#2744);
#2739 = CYLINDRICAL_SURFACE('',#2740,12.);
#2740 = AXIS2_PLACEMENT_3D('',#2741,#2742,#2743);
#2741 = CARTESIAN_POINT('',(840.,0.,354.63157894736));
#2742 = DIRECTION('',(0.999875369563,0.,1.578750583521E-02));
#2743 = DIRECTION('',(-1.578750583521E-02,0.,0.999875369563));
#2744 = DEFINITIONAL_REPRESENTATION('',(#2745),#2749);
#2745 = LINE('',#2746,#2747);
#2746 = CARTESIAN_POINT('',(6.28318530718,-0.));
#2747 = VECTOR('',#2748,1.);
#2748 = DIRECTION('',(0.,1.));
#2749 = ( GEOMETRIC_REPRESENTATION_CONTEXT(2) 
PARAMETRIC_REPRESENTATION_CONTEXT() REPRESENTATION_CONTEXT('2D SPACE',''
  ) );
#2750 = PCURVE('',#2739,#2751);
#2751 = DEFINITIONAL_REPRESENTATION('',(#2752),#2756);
#2752 = LINE('',#2753,#2754);
#2753 = CARTESIAN_POINT('',(0.,-0.));
#2754 = VECTOR('',#2755,1.);
#2755 = DIRECTION('',(0.,1.));
#2756 = ( GEOMETRIC_REPRESENTATION_CONTEXT(2) 
PARAMETRIC_REPRESENTATION_CONTEXT() REPRESENTATION_CONTEXT('2D SPACE',''
  ) );
#2757 = ORIENTED_EDGE('',*,*,#2758,.F.);
#2758 = EDGE_CURVE('',#2731,#2731,#2759,.T.);
#2759 = SURFACE_CURVE('',#2760,(#2765,#2772),.PCURVE_S1.);
#2760 = CIRCLE('',#2761,12.);
#2761 = AXIS2_PLACEMENT_3D('',#2762,#2763,#2764);
#2762 = CARTESIAN_POINT('',(950.,0.,356.36842105263));
#2763 = DIRECTION('',(0.999875369563,0.,1.578750583521E-02));
#2764 = DIRECTION('',(-1.578750583521E-02,0.,0.999875369563));
#2765 = PCURVE('',#2739,#2766);
#2766 = DEFINITIONAL_REPRESENTATION('',(#2767),#2771);
#2767 = LINE('',#2768,#2769);
#2768 = CARTESIAN_POINT('',(0.,110.01371105684));
#2769 = VECTOR('',#2770,1.);
#2770 = DIRECTION('',(1.,0.));
#2771 = ( GEOMETRIC_REPRESENTATION_CONTEXT(2) 
PARAMETRIC_REPRESENTATION_CONTEXT() REPRESENTATION_CONTEXT('2D SPACE',''
  ) );
#2772 = PCURVE('',#2773,#2778);
#2773 = PLANE('',#2774);
#2774 = AXIS2_PLACEMENT_3D('',#2775,#2776,#2777);
#2775 = CARTESIAN_POINT('',(950.,0.,356.36842105263));
#2776 = DIRECTION('',(0.999875369563,0.,1.578750583521E-02));
#2777 = DIRECTION('',(-1.578750583521E-02,0.,0.999875369563));
#2778 = DEFINITIONAL_REPRESENTATION('',(#2779),#2783);
#2779 = CIRCLE('',#2780,12.);
#2780 = AXIS2_PLACEMENT_2D('',#2781,#2782);
#2781 = CARTESIAN_POINT('',(0.,0.));
#2782 = DIRECTION('',(1.,0.));
#2783 = ( GEOMETRIC_REPRESENTATION_CONTEXT(2) 
PARAMETRIC_REPRESENTATION_CONTEXT() REPRESENTATION_CONTEXT('2D SPACE',''
  ) );
#2784 = ORIENTED_EDGE('',*,*,#2728,.F.);
#2785 = ORIENTED_EDGE('',*,*,#2786,.T.);
#2786 = EDGE_CURVE('',#2729,#2729,#2787,.T.);
#2787 = SURFACE_CURVE('',#2788,(#2793,#2820),.PCURVE_S1.);
#2788 = ELLIPSE('',#2789,12.001495751656,12.);
#2789 = AXIS2_PLACEMENT_3D('',#2790,#2791,#2792);
#2790 = CARTESIAN_POINT('',(920.,0.,355.8947368421));
#2791 = DIRECTION('',(1.,0.,-0.));
#2792 = DIRECTION('',(0.,0.,1.));
#2793 = PCURVE('',#2739,#2794);
#2794 = DEFINITIONAL_REPRESENTATION('',(#2795),#2819);
#2795 = B_SPLINE_CURVE_WITH_KNOTS('',8,(#2796,#2797,#2798,#2799,#2800,
    #2801,#2802,#2803,#2804,#2805,#2806,#2807,#2808,#2809,#2810,#2811,
    #2812,#2813,#2814,#2815,#2816,#2817,#2818),.UNSPECIFIED.,.F.,.F.,(9,
    7,7,9),(0.,1.570796326795,3.926990816987,6.28318530718),
  .UNSPECIFIED.);
#2796 = CARTESIAN_POINT('',(0.,80.199445361915));
#2797 = CARTESIAN_POINT('',(0.196349540849,80.199445361915));
#2798 = CARTESIAN_POINT('',(0.392699081699,80.191096866328));
#2799 = CARTESIAN_POINT('',(0.589048622548,80.174400884433));
#2800 = CARTESIAN_POINT('',(0.785398163397,80.150040982691));
#2801 = CARTESIAN_POINT('',(0.981747704247,80.119395767742));
#2802 = CARTESIAN_POINT('',(1.178097245096,80.084377690027));
#2803 = CARTESIAN_POINT('',(1.374446785946,80.047174748602));
#2804 = CARTESIAN_POINT('',(1.865320638069,79.954167071358));
#2805 = CARTESIAN_POINT('',(2.159844949343,79.898362262888));
#2806 = CARTESIAN_POINT('',(2.454369260615,79.849935540173));
#2807 = CARTESIAN_POINT('',(2.748893571887,79.816254480975));
#2808 = CARTESIAN_POINT('',(3.043417883164,79.802675668907));
#2809 = CARTESIAN_POINT('',(3.337942194438,79.810356201022));
#2810 = CARTESIAN_POINT('',(3.632466505713,79.836533735173));
#2811 = CARTESIAN_POINT('',(4.221515128261,79.915453366312));
#2812 = CARTESIAN_POINT('',(4.516039439535,79.968195749105));
#2813 = CARTESIAN_POINT('',(4.810563750785,80.029000944778));
#2814 = CARTESIAN_POINT('',(5.105088062075,80.090211967763));
#2815 = CARTESIAN_POINT('',(5.399612373345,80.143096367246));
#2816 = CARTESIAN_POINT('',(5.694136684634,80.180661177175));
#2817 = CARTESIAN_POINT('',(5.988660995906,80.199445361915));
#2818 = CARTESIAN_POINT('',(6.28318530718,80.199445361915));
#2819 = ( GEOMETRIC_REPRESENTATION_CONTEXT(2) 
PARAMETRIC_REPRESENTATION_CONTEXT() REPRESENTATION_CONTEXT('2D SPACE',''
  ) );
#2820 = PCURVE('',#2821,#2826);
#2821 = PLANE('',#2822);
#2822 = AXIS2_PLACEMENT_3D('',#2823,#2824,#2825);
#2823 = CARTESIAN_POINT('',(920.,-25.,324.63157894736));
#2824 = DIRECTION('',(1.,0.,-0.));
#2825 = DIRECTION('',(0.,0.,1.));
#2826 = DEFINITIONAL_REPRESENTATION('',(#2827),#2831);
#2827 = ELLIPSE('',#2828,12.001495751656,12.);
#2828 = AXIS2_PLACEMENT_2D('',#2829,#2830);
#2829 = CARTESIAN_POINT('',(31.263157894737,-25.));
#2830 = DIRECTION('',(1.,0.));
#2831 = ( GEOMETRIC_REPRESENTATION_CONTEXT(2) 
PARAMETRIC_REPRESENTATION_CONTEXT() REPRESENTATION_CONTEXT('2D SPACE',''
  ) );
#2832 = ADVANCED_FACE('',(#2833,#2947),#2821,.T.);
#2833 = FACE_BOUND('',#2834,.T.);
#2834 = EDGE_LOOP('',(#2835,#2865,#2893,#2921));
#2835 = ORIENTED_EDGE('',*,*,#2836,.F.);
#2836 = EDGE_CURVE('',#2837,#2839,#2841,.T.);
#2837 = VERTEX_POINT('',#2838);
#2838 = CARTESIAN_POINT('',(920.,-25.,324.63157894736));
#2839 = VERTEX_POINT('',#2840);
#2840 = CARTESIAN_POINT('',(920.,-25.,384.63157894736));
#2841 = SURFACE_CURVE('',#2842,(#2846,#2853),.PCURVE_S1.);
#2842 = LINE('',#2843,#2844);
#2843 = CARTESIAN_POINT('',(920.,-25.,324.63157894736));
#2844 = VECTOR('',#2845,1.);
#2845 = DIRECTION('',(0.,0.,1.));
#2846 = PCURVE('',#2821,#2847);
#2847 = DEFINITIONAL_REPRESENTATION('',(#2848),#2852);
#2848 = LINE('',#2849,#2850);
#2849 = CARTESIAN_POINT('',(0.,0.));
#2850 = VECTOR('',#2851,1.);
#2851 = DIRECTION('',(1.,0.));
#2852 = ( GEOMETRIC_REPRESENTATION_CONTEXT(2) 
PARAMETRIC_REPRESENTATION_CONTEXT() REPRESENTATION_CONTEXT('2D SPACE',''
  ) );
#2853 = PCURVE('',#2854,#2859);
#2854 = PLANE('',#2855);
#2855 = AXIS2_PLACEMENT_3D('',#2856,#2857,#2858);
#2856 = CARTESIAN_POINT('',(870.,-25.,324.63157894736));
#2857 = DIRECTION('',(-0.,1.,0.));
#2858 = DIRECTION('',(0.,0.,1.));
#2859 = DEFINITIONAL_REPRESENTATION('',(#2860),#2864);
#2860 = LINE('',#2861,#2862);
#2861 = CARTESIAN_POINT('',(0.,50.));
#2862 = VECTOR('',#2863,1.);
#2863 = DIRECTION('',(1.,0.));
#2864 = ( GEOMETRIC_REPRESENTATION_CONTEXT(2) 
PARAMETRIC_REPRESENTATION_CONTEXT() REPRESENTATION_CONTEXT('2D SPACE',''
  ) );
#2865 = ORIENTED_EDGE('',*,*,#2866,.T.);
#2866 = EDGE_CURVE('',#2837,#2867,#2869,.T.);
#2867 = VERTEX_POINT('',#2868);
#2868 = CARTESIAN_POINT('',(920.,25.,324.63157894736));
#2869 = SURFACE_CURVE('',#2870,(#2874,#2881),.PCURVE_S1.);
#2870 = LINE('',#2871,#2872);
#2871 = CARTESIAN_POINT('',(920.,-25.,324.63157894736));
#2872 = VECTOR('',#2873,1.);
#2873 = DIRECTION('',(-0.,1.,0.));
#2874 = PCURVE('',#2821,#2875);
#2875 = DEFINITIONAL_REPRESENTATION('',(#2876),#2880);
#2876 = LINE('',#2877,#2878);
#2877 = CARTESIAN_POINT('',(0.,0.));
#2878 = VECTOR('',#2879,1.);
#2879 = DIRECTION('',(0.,-1.));
#2880 = ( GEOMETRIC_REPRESENTATION_CONTEXT(2) 
PARAMETRIC_REPRESENTATION_CONTEXT() REPRESENTATION_CONTEXT('2D SPACE',''
  ) );
#2881 = PCURVE('',#2882,#2887);
#2882 = PLANE('',#2883);
#2883 = AXIS2_PLACEMENT_3D('',#2884,#2885,#2886);
#2884 = CARTESIAN_POINT('',(870.,-25.,324.63157894736));
#2885 = DIRECTION('',(0.,0.,1.));
#2886 = DIRECTION('',(1.,0.,-0.));
#2887 = DEFINITIONAL_REPRESENTATION('',(#2888),#2892);
#2888 = LINE('',#2889,#2890);
#2889 = CARTESIAN_POINT('',(50.,0.));
#2890 = VECTOR('',#2891,1.);
#2891 = DIRECTION('',(0.,1.));
#2892 = ( GEOMETRIC_REPRESENTATION_CONTEXT(2) 
PARAMETRIC_REPRESENTATION_CONTEXT() REPRESENTATION_CONTEXT('2D SPACE',''
  ) );
#2893 = ORIENTED_EDGE('',*,*,#2894,.T.);
#2894 = EDGE_CURVE('',#2867,#2895,#2897,.T.);
#2895 = VERTEX_POINT('',#2896);
#2896 = CARTESIAN_POINT('',(920.,25.,384.63157894736));
#2897 = SURFACE_CURVE('',#2898,(#2902,#2909),.PCURVE_S1.);
#2898 = LINE('',#2899,#2900);
#2899 = CARTESIAN_POINT('',(920.,25.,324.63157894736));
#2900 = VECTOR('',#2901,1.);
#2901 = DIRECTION('',(0.,0.,1.));
#2902 = PCURVE('',#2821,#2903);
#2903 = DEFINITIONAL_REPRESENTATION('',(#2904),#2908);
#2904 = LINE('',#2905,#2906);
#2905 = CARTESIAN_POINT('',(0.,-50.));
#2906 = VECTOR('',#2907,1.);
#2907 = DIRECTION('',(1.,0.));
#2908 = ( GEOMETRIC_REPRESENTATION_CONTEXT(2) 
PARAMETRIC_REPRESENTATION_CONTEXT() REPRESENTATION_CONTEXT('2D SPACE',''
  ) );
#2909 = PCURVE('',#2910,#2915);
#2910 = PLANE('',#2911);
#2911 = AXIS2_PLACEMENT_3D('',#2912,#2913,#2914);
#2912 = CARTESIAN_POINT('',(870.,25.,324.63157894736));
#2913 = DIRECTION('',(-0.,1.,0.));
#2914 = DIRECTION('',(0.,0.,1.));
#2915 = DEFINITIONAL_REPRESENTATION('',(#2916),#2920);
#2916 = LINE('',#2917,#2918);
#2917 = CARTESIAN_POINT('',(0.,50.));
#2918 = VECTOR('',#2919,1.);
#2919 = DIRECTION('',(1.,0.));
#2920 = ( GEOMETRIC_REPRESENTATION_CONTEXT(2) 
PARAMETRIC_REPRESENTATION_CONTEXT() REPRESENTATION_CONTEXT('2D SPACE',''
  ) );
#2921 = ORIENTED_EDGE('',*,*,#2922,.F.);
#2922 = EDGE_CURVE('',#2839,#2895,#2923,.T.);
#2923 = SURFACE_CURVE('',#2924,(#2928,#2935),.PCURVE_S1.);
#2924 = LINE('',#2925,#2926);
#2925 = CARTESIAN_POINT('',(920.,-25.,384.63157894736));
#2926 = VECTOR('',#2927,1.);
#2927 = DIRECTION('',(-0.,1.,0.));
#2928 = PCURVE('',#2821,#2929);
#2929 = DEFINITIONAL_REPRESENTATION('',(#2930),#2934);
#2930 = LINE('',#2931,#2932);
#2931 = CARTESIAN_POINT('',(60.,0.));
#2932 = VECTOR('',#2933,1.);
#2933 = DIRECTION('',(0.,-1.));
#2934 = ( GEOMETRIC_REPRESENTATION_CONTEXT(2) 
PARAMETRIC_REPRESENTATION_CONTEXT() REPRESENTATION_CONTEXT('2D SPACE',''
  ) );
#2935 = PCURVE('',#2936,#2941);
#2936 = PLANE('',#2937);
#2937 = AXIS2_PLACEMENT_3D('',#2938,#2939,#2940);
#2938 = CARTESIAN_POINT('',(870.,-25.,384.63157894736));
#2939 = DIRECTION('',(0.,0.,1.));
#2940 = DIRECTION('',(1.,0.,-0.));
#2941 = DEFINITIONAL_REPRESENTATION('',(#2942),#2946);
#2942 = LINE('',#2943,#2944);
#2943 = CARTESIAN_POINT('',(50.,0.));
#2944 = VECTOR('',#2945,1.);
#2945 = DIRECTION('',(0.,1.));
#2946 = ( GEOMETRIC_REPRESENTATION_CONTEXT(2) 
PARAMETRIC_REPRESENTATION_CONTEXT() REPRESENTATION_CONTEXT('2D SPACE',''
  ) );
#2947 = FACE_BOUND('',#2948,.T.);
#2948 = EDGE_LOOP('',(#2949));
#2949 = ORIENTED_EDGE('',*,*,#2786,.F.);
#2950 = ADVANCED_FACE('',(#2951),#2773,.T.);
#2951 = FACE_BOUND('',#2952,.T.);
#2952 = EDGE_LOOP('',(#2953));
#2953 = ORIENTED_EDGE('',*,*,#2758,.T.);
#2954 = ADVANCED_FACE('',(#2955),#2854,.F.);
#2955 = FACE_BOUND('',#2956,.F.);
#2956 = EDGE_LOOP('',(#2957,#2980,#3008,#3029));
#2957 = ORIENTED_EDGE('',*,*,#2958,.F.);
#2958 = EDGE_CURVE('',#2959,#2837,#2961,.T.);
#2959 = VERTEX_POINT('',#2960);
#2960 = CARTESIAN_POINT('',(870.,-25.,324.63157894736));
#2961 = SURFACE_CURVE('',#2962,(#2966,#2973),.PCURVE_S1.);
#2962 = LINE('',#2963,#2964);
#2963 = CARTESIAN_POINT('',(870.,-25.,324.63157894736));
#2964 = VECTOR('',#2965,1.);
#2965 = DIRECTION('',(1.,0.,-0.));
#2966 = PCURVE('',#2854,#2967);
#2967 = DEFINITIONAL_REPRESENTATION('',(#2968),#2972);
#2968 = LINE('',#2969,#2970);
#2969 = CARTESIAN_POINT('',(0.,0.));
#2970 = VECTOR('',#2971,1.);
#2971 = DIRECTION('',(0.,1.));
#2972 = ( GEOMETRIC_REPRESENTATION_CONTEXT(2) 
PARAMETRIC_REPRESENTATION_CONTEXT() REPRESENTATION_CONTEXT('2D SPACE',''
  ) );
#2973 = PCURVE('',#2882,#2974);
#2974 = DEFINITIONAL_REPRESENTATION('',(#2975),#2979);
#2975 = LINE('',#2976,#2977);
#2976 = CARTESIAN_POINT('',(0.,0.));
#2977 = VECTOR('',#2978,1.);
#2978 = DIRECTION('',(1.,0.));
#2979 = ( GEOMETRIC_REPRESENTATION_CONTEXT(2) 
PARAMETRIC_REPRESENTATION_CONTEXT() REPRESENTATION_CONTEXT('2D SPACE',''
  ) );
#2980 = ORIENTED_EDGE('',*,*,#2981,.T.);
#2981 = EDGE_CURVE('',#2959,#2982,#2984,.T.);
#2982 = VERTEX_POINT('',#2983);
#2983 = CARTESIAN_POINT('',(870.,-25.,384.63157894736));
#2984 = SURFACE_CURVE('',#2985,(#2989,#2996),.PCURVE_S1.);
#2985 = LINE('',#2986,#2987);
#2986 = CARTESIAN_POINT('',(870.,-25.,324.63157894736));
#2987 = VECTOR('',#2988,1.);
#2988 = DIRECTION('',(0.,0.,1.));
#2989 = PCURVE('',#2854,#2990);
#2990 = DEFINITIONAL_REPRESENTATION('',(#2991),#2995);
#2991 = LINE('',#2992,#2993);
#2992 = CARTESIAN_POINT('',(0.,0.));
#2993 = VECTOR('',#2994,1.);
#2994 = DIRECTION('',(1.,0.));
#2995 = ( GEOMETRIC_REPRESENTATION_CONTEXT(2) 
PARAMETRIC_REPRESENTATION_CONTEXT() REPRESENTATION_CONTEXT('2D SPACE',''
  ) );
#2996 = PCURVE('',#2997,#3002);
#2997 = PLANE('',#2998);
#2998 = AXIS2_PLACEMENT_3D('',#2999,#3000,#3001);
#2999 = CARTESIAN_POINT('',(870.,-25.,324.63157894736));
#3000 = DIRECTION('',(1.,0.,-0.));
#3001 = DIRECTION('',(0.,0.,1.));
#3002 = DEFINITIONAL_REPRESENTATION('',(#3003),#3007);
#3003 = LINE('',#3004,#3005);
#3004 = CARTESIAN_POINT('',(0.,0.));
#3005 = VECTOR('',#3006,1.);
#3006 = DIRECTION('',(1.,0.));
#3007 = ( GEOMETRIC_REPRESENTATION_CONTEXT(2) 
PARAMETRIC_REPRESENTATION_CONTEXT() REPRESENTATION_CONTEXT('2D SPACE',''
  ) );
#3008 = ORIENTED_EDGE('',*,*,#3009,.T.);
#3009 = EDGE_CURVE('',#2982,#2839,#3010,.T.);
#3010 = SURFACE_CURVE('',#3011,(#3015,#3022),.PCURVE_S1.);
#3011 = LINE('',#3012,#3013);
#3012 = CARTESIAN_POINT('',(870.,-25.,384.63157894736));
#3013 = VECTOR('',#3014,1.);
#3014 = DIRECTION('',(1.,0.,-0.));
#3015 = PCURVE('',#2854,#3016);
#3016 = DEFINITIONAL_REPRESENTATION('',(#3017),#3021);
#3017 = LINE('',#3018,#3019);
#3018 = CARTESIAN_POINT('',(60.,0.));
#3019 = VECTOR('',#3020,1.);
#3020 = DIRECTION('',(0.,1.));
#3021 = ( GEOMETRIC_REPRESENTATION_CONTEXT(2) 
PARAMETRIC_REPRESENTATION_CONTEXT() REPRESENTATION_CONTEXT('2D SPACE',''
  ) );
#3022 = PCURVE('',#2936,#3023);
#3023 = DEFINITIONAL_REPRESENTATION('',(#3024),#3028);
#3024 = LINE('',#3025,#3026);
#3025 = CARTESIAN_POINT('',(0.,0.));
#3026 = VECTOR('',#3027,1.);
#3027 = DIRECTION('',(1.,0.));
#3028 = ( GEOMETRIC_REPRESENTATION_CONTEXT(2) 
PARAMETRIC_REPRESENTATION_CONTEXT() REPRESENTATION_CONTEXT('2D SPACE',''
  ) );
#3029 = ORIENTED_EDGE('',*,*,#2836,.F.);
#3030 = ADVANCED_FACE('',(#3031),#2936,.T.);
#3031 = FACE_BOUND('',#3032,.T.);
#3032 = EDGE_LOOP('',(#3033,#3056,#3057,#3058));
#3033 = ORIENTED_EDGE('',*,*,#3034,.F.);
#3034 = EDGE_CURVE('',#2982,#3035,#3037,.T.);
#3035 = VERTEX_POINT('',#3036);
#3036 = CARTESIAN_POINT('',(870.,25.,384.63157894736));
#3037 = SURFACE_CURVE('',#3038,(#3042,#3049),.PCURVE_S1.);
#3038 = LINE('',#3039,#3040);
#3039 = CARTESIAN_POINT('',(870.,-25.,384.63157894736));
#3040 = VECTOR('',#3041,1.);
#3041 = DIRECTION('',(-0.,1.,0.));
#3042 = PCURVE('',#2936,#3043);
#3043 = DEFINITIONAL_REPRESENTATION('',(#3044),#3048);
#3044 = LINE('',#3045,#3046);
#3045 = CARTESIAN_POINT('',(0.,0.));
#3046 = VECTOR('',#3047,1.);
#3047 = DIRECTION('',(0.,1.));
#3048 = ( GEOMETRIC_REPRESENTATION_CONTEXT(2) 
PARAMETRIC_REPRESENTATION_CONTEXT() REPRESENTATION_CONTEXT('2D SPACE',''
  ) );
#3049 = PCURVE('',#2997,#3050);
#3050 = DEFINITIONAL_REPRESENTATION('',(#3051),#3055);
#3051 = LINE('',#3052,#3053);
#3052 = CARTESIAN_POINT('',(60.,0.));
#3053 = VECTOR('',#3054,1.);
#3054 = DIRECTION('',(0.,-1.));
#3055 = ( GEOMETRIC_REPRESENTATION_CONTEXT(2) 
PARAMETRIC_REPRESENTATION_CONTEXT() REPRESENTATION_CONTEXT('2D SPACE',''
  ) );
#3056 = ORIENTED_EDGE('',*,*,#3009,.T.);
#3057 = ORIENTED_EDGE('',*,*,#2922,.T.);
#3058 = ORIENTED_EDGE('',*,*,#3059,.F.);
#3059 = EDGE_CURVE('',#3035,#2895,#3060,.T.);
#3060 = SURFACE_CURVE('',#3061,(#3065,#3072),.PCURVE_S1.);
#3061 = LINE('',#3062,#3063);
#3062 = CARTESIAN_POINT('',(870.,25.,384.63157894736));
#3063 = VECTOR('',#3064,1.);
#3064 = DIRECTION('',(1.,0.,-0.));
#3065 = PCURVE('',#2936,#3066);
#3066 = DEFINITIONAL_REPRESENTATION('',(#3067),#3071);
#3067 = LINE('',#3068,#3069);
#3068 = CARTESIAN_POINT('',(0.,50.));
#3069 = VECTOR('',#3070,1.);
#3070 = DIRECTION('',(1.,0.));
#3071 = ( GEOMETRIC_REPRESENTATION_CONTEXT(2) 
PARAMETRIC_REPRESENTATION_CONTEXT() REPRESENTATION_CONTEXT('2D SPACE',''
  ) );
#3072 = PCURVE('',#2910,#3073);
#3073 = DEFINITIONAL_REPRESENTATION('',(#3074),#3078);
#3074 = LINE('',#3075,#3076);
#3075 = CARTESIAN_POINT('',(60.,0.));
#3076 = VECTOR('',#3077,1.);
#3077 = DIRECTION('',(0.,1.));
#3078 = ( GEOMETRIC_REPRESENTATION_CONTEXT(2) 
PARAMETRIC_REPRESENTATION_CONTEXT() REPRESENTATION_CONTEXT('2D SPACE',''
  ) );
#3079 = ADVANCED_FACE('',(#3080),#2882,.F.);
#3080 = FACE_BOUND('',#3081,.F.);
#3081 = EDGE_LOOP('',(#3082,#3105,#3106,#3107));
#3082 = ORIENTED_EDGE('',*,*,#3083,.F.);
#3083 = EDGE_CURVE('',#2959,#3084,#3086,.T.);
#3084 = VERTEX_POINT('',#3085);
#3085 = CARTESIAN_POINT('',(870.,25.,324.63157894736));
#3086 = SURFACE_CURVE('',#3087,(#3091,#3098),.PCURVE_S1.);
#3087 = LINE('',#3088,#3089);
#3088 = CARTESIAN_POINT('',(870.,-25.,324.63157894736));
#3089 = VECTOR('',#3090,1.);
#3090 = DIRECTION('',(-0.,1.,0.));
#3091 = PCURVE('',#2882,#3092);
#3092 = DEFINITIONAL_REPRESENTATION('',(#3093),#3097);
#3093 = LINE('',#3094,#3095);
#3094 = CARTESIAN_POINT('',(0.,0.));
#3095 = VECTOR('',#3096,1.);
#3096 = DIRECTION('',(0.,1.));
#3097 = ( GEOMETRIC_REPRESENTATION_CONTEXT(2) 
PARAMETRIC_REPRESENTATION_CONTEXT() REPRESENTATION_CONTEXT('2D SPACE',''
  ) );
#3098 = PCURVE('',#2997,#3099);
#3099 = DEFINITIONAL_REPRESENTATION('',(#3100),#3104);
#3100 = LINE('',#3101,#3102);
#3101 = CARTESIAN_POINT('',(0.,0.));
#3102 = VECTOR('',#3103,1.);
#3103 = DIRECTION('',(0.,-1.));
#3104 = ( GEOMETRIC_REPRESENTATION_CONTEXT(2) 
PARAMETRIC_REPRESENTATION_CONTEXT() REPRESENTATION_CONTEXT('2D SPACE',''
  ) );
#3105 = ORIENTED_EDGE('',*,*,#2958,.T.);
#3106 = ORIENTED_EDGE('',*,*,#2866,.T.);
#3107 = ORIENTED_EDGE('',*,*,#3108,.F.);
#3108 = EDGE_CURVE('',#3084,#2867,#3109,.T.);
#3109 = SURFACE_CURVE('',#3110,(#3114,#3121),.PCURVE_S1.);
#3110 = LINE('',#3111,#3112);
#3111 = CARTESIAN_POINT('',(870.,25.,324.63157894736));
#3112 = VECTOR('',#3113,1.);
#3113 = DIRECTION('',(1.,0.,-0.));
#3114 = PCURVE('',#2882,#3115);
#3115 = DEFINITIONAL_REPRESENTATION('',(#3116),#3120);
#3116 = LINE('',#3117,#3118);
#3117 = CARTESIAN_POINT('',(0.,50.));
#3118 = VECTOR('',#3119,1.);
#3119 = DIRECTION('',(1.,0.));
#3120 = ( GEOMETRIC_REPRESENTATION_CONTEXT(2) 
PARAMETRIC_REPRESENTATION_CONTEXT() REPRESENTATION_CONTEXT('2D SPACE',''
  ) );
#3121 = PCURVE('',#2910,#3122);
#3122 = DEFINITIONAL_REPRESENTATION('',(#3123),#3127);
#3123 = LINE('',#3124,#3125);
#3124 = CARTESIAN_POINT('',(0.,0.));
#3125 = VECTOR('',#3126,1.);
#3126 = DIRECTION('',(0.,1.));
#3127 = ( GEOMETRIC_REPRESENTATION_CONTEXT(2) 
PARAMETRIC_REPRESENTATION_CONTEXT() REPRESENTATION_CONTEXT('2D SPACE',''
  ) );
#3128 = ADVANCED_FACE('',(#3129),#2910,.T.);
#3129 = FACE_BOUND('',#3130,.T.);
#3130 = EDGE_LOOP('',(#3131,#3132,#3153,#3154));
#3131 = ORIENTED_EDGE('',*,*,#3108,.F.);
#3132 = ORIENTED_EDGE('',*,*,#3133,.T.);
#3133 = EDGE_CURVE('',#3084,#3035,#3134,.T.);
#3134 = SURFACE_CURVE('',#3135,(#3139,#3146),.PCURVE_S1.);
#3135 = LINE('',#3136,#3137);
#3136 = CARTESIAN_POINT('',(870.,25.,324.63157894736));
#3137 = VECTOR('',#3138,1.);
#3138 = DIRECTION('',(0.,0.,1.));
#3139 = PCURVE('',#2910,#3140);
#3140 = DEFINITIONAL_REPRESENTATION('',(#3141),#3145);
#3141 = LINE('',#3142,#3143);
#3142 = CARTESIAN_POINT('',(0.,0.));
#3143 = VECTOR('',#3144,1.);
#3144 = DIRECTION('',(1.,0.));
#3145 = ( GEOMETRIC_REPRESENTATION_CONTEXT(2) 
PARAMETRIC_REPRESENTATION_CONTEXT() REPRESENTATION_CONTEXT('2D SPACE',''
  ) );
#3146 = PCURVE('',#2997,#3147);
#3147 = DEFINITIONAL_REPRESENTATION('',(#3148),#3152);
#3148 = LINE('',#3149,#3150);
#3149 = CARTESIAN_POINT('',(0.,-50.));
#3150 = VECTOR('',#3151,1.);
#3151 = DIRECTION('',(1.,0.));
#3152 = ( GEOMETRIC_REPRESENTATION_CONTEXT(2) 
PARAMETRIC_REPRESENTATION_CONTEXT() REPRESENTATION_CONTEXT('2D SPACE',''
  ) );
#3153 = ORIENTED_EDGE('',*,*,#3059,.T.);
#3154 = ORIENTED_EDGE('',*,*,#2894,.F.);
#3155 = ADVANCED_FACE('',(#3156,#3162),#2997,.F.);
#3156 = FACE_BOUND('',#3157,.F.);
#3157 = EDGE_LOOP('',(#3158,#3159,#3160,#3161));
#3158 = ORIENTED_EDGE('',*,*,#2981,.F.);
#3159 = ORIENTED_EDGE('',*,*,#3083,.T.);
#3160 = ORIENTED_EDGE('',*,*,#3133,.T.);
#3161 = ORIENTED_EDGE('',*,*,#3034,.F.);
#3162 = FACE_BOUND('',#3163,.F.);
#3163 = EDGE_LOOP('',(#3164));
#3164 = ORIENTED_EDGE('',*,*,#3165,.F.);
#3165 = EDGE_CURVE('',#3166,#3166,#3168,.T.);
#3166 = VERTEX_POINT('',#3167);
#3167 = CARTESIAN_POINT('',(870.,2.939152317954E-15,367.10675890955));
#3168 = SURFACE_CURVE('',#3169,(#3174,#3181),.PCURVE_S1.);
#3169 = ELLIPSE('',#3170,12.001495751656,12.);
#3170 = AXIS2_PLACEMENT_3D('',#3171,#3172,#3173);
#3171 = CARTESIAN_POINT('',(870.,0.,355.10526315789));
#3172 = DIRECTION('',(1.,0.,-0.));
#3173 = DIRECTION('',(0.,0.,1.));
#3174 = PCURVE('',#2997,#3175);
#3175 = DEFINITIONAL_REPRESENTATION('',(#3176),#3180);
#3176 = ELLIPSE('',#3177,12.001495751656,12.);
#3177 = AXIS2_PLACEMENT_2D('',#3178,#3179);
#3178 = CARTESIAN_POINT('',(30.473684210526,-25.));
#3179 = DIRECTION('',(1.,0.));
#3180 = ( GEOMETRIC_REPRESENTATION_CONTEXT(2) 
PARAMETRIC_REPRESENTATION_CONTEXT() REPRESENTATION_CONTEXT('2D SPACE',''
  ) );
#3181 = PCURVE('',#3182,#3187);
#3182 = CYLINDRICAL_SURFACE('',#3183,12.);
#3183 = AXIS2_PLACEMENT_3D('',#3184,#3185,#3186);
#3184 = CARTESIAN_POINT('',(840.,0.,354.63157894736));
#3185 = DIRECTION('',(0.999875369563,0.,1.578750583521E-02));
#3186 = DIRECTION('',(-1.578750583521E-02,0.,0.999875369563));
#3187 = DEFINITIONAL_REPRESENTATION('',(#3188),#3212);
#3188 = B_SPLINE_CURVE_WITH_KNOTS('',8,(#3189,#3190,#3191,#3192,#3193,
    #3194,#3195,#3196,#3197,#3198,#3199,#3200,#3201,#3202,#3203,#3204,
    #3205,#3206,#3207,#3208,#3209,#3210,#3211),.UNSPECIFIED.,.F.,.F.,(9,
    7,7,9),(0.,1.570796326795,3.926990816987,6.28318530718),
  .UNSPECIFIED.);
#3189 = CARTESIAN_POINT('',(0.,30.19321306335));
#3190 = CARTESIAN_POINT('',(0.196349540849,30.19321306335));
#3191 = CARTESIAN_POINT('',(0.392699081699,30.18486456777));
#3192 = CARTESIAN_POINT('',(0.589048622548,30.168168585844));
#3193 = CARTESIAN_POINT('',(0.785398163397,30.143808684132));
#3194 = CARTESIAN_POINT('',(0.981747704247,30.113163469203));
#3195 = CARTESIAN_POINT('',(1.178097245096,30.078145391445));
#3196 = CARTESIAN_POINT('',(1.374446785946,30.040942450037));
#3197 = CARTESIAN_POINT('',(1.865320638069,29.947934772792));
#3198 = CARTESIAN_POINT('',(2.159844949338,29.892129964152));
#3199 = CARTESIAN_POINT('',(2.454369260631,29.843703242339));
#3200 = CARTESIAN_POINT('',(2.748893571874,29.810022181249));
#3201 = CARTESIAN_POINT('',(3.04341788318,29.796443370898));
#3202 = CARTESIAN_POINT('',(3.337942194433,29.804123902311));
#3203 = CARTESIAN_POINT('',(3.632466505713,29.830301436608));
#3204 = CARTESIAN_POINT('',(4.221515128261,29.909221067747));
#3205 = CARTESIAN_POINT('',(4.516039439535,29.96196345066));
#3206 = CARTESIAN_POINT('',(4.8105637508,30.022768646129));
#3207 = CARTESIAN_POINT('',(5.105088062061,30.083979669726));
#3208 = CARTESIAN_POINT('',(5.399612373352,30.136864068583));
#3209 = CARTESIAN_POINT('',(5.69413668463,30.174428878712));
#3210 = CARTESIAN_POINT('',(5.988660995906,30.19321306335));
#3211 = CARTESIAN_POINT('',(6.28318530718,30.19321306335));
#3212 = ( GEOMETRIC_REPRESENTATION_CONTEXT(2) 
PARAMETRIC_REPRESENTATION_CONTEXT() REPRESENTATION_CONTEXT('2D SPACE',''
  ) );
#3213 = ADVANCED_FACE('',(#3214),#3182,.T.);
#3214 = FACE_BOUND('',#3215,.T.);
#3215 = EDGE_LOOP('',(#3216,#3217,#3240,#3267));
#3216 = ORIENTED_EDGE('',*,*,#3165,.F.);
#3217 = ORIENTED_EDGE('',*,*,#3218,.F.);
#3218 = EDGE_CURVE('',#3219,#3166,#3221,.T.);
#3219 = VERTEX_POINT('',#3220);
#3220 = CARTESIAN_POINT('',(839.81054992997,2.939152317954E-15,
    366.63008338212));
#3221 = SEAM_CURVE('',#3222,(#3226,#3233),.PCURVE_S1.);
#3222 = LINE('',#3223,#3224);
#3223 = CARTESIAN_POINT('',(839.81054992997,2.939152317954E-15,
    366.63008338212));
#3224 = VECTOR('',#3225,1.);
#3225 = DIRECTION('',(0.999875369563,7.703719777549E-34,
    1.578750583521E-02));
#3226 = PCURVE('',#3182,#3227);
#3227 = DEFINITIONAL_REPRESENTATION('',(#3228),#3232);
#3228 = LINE('',#3229,#3230);
#3229 = CARTESIAN_POINT('',(6.28318530718,-0.));
#3230 = VECTOR('',#3231,1.);
#3231 = DIRECTION('',(0.,1.));
#3232 = ( GEOMETRIC_REPRESENTATION_CONTEXT(2) 
PARAMETRIC_REPRESENTATION_CONTEXT() REPRESENTATION_CONTEXT('2D SPACE',''
  ) );
#3233 = PCURVE('',#3182,#3234);
#3234 = DEFINITIONAL_REPRESENTATION('',(#3235),#3239);
#3235 = LINE('',#3236,#3237);
#3236 = CARTESIAN_POINT('',(0.,-0.));
#3237 = VECTOR('',#3238,1.);
#3238 = DIRECTION('',(0.,1.));
#3239 = ( GEOMETRIC_REPRESENTATION_CONTEXT(2) 
PARAMETRIC_REPRESENTATION_CONTEXT() REPRESENTATION_CONTEXT('2D SPACE',''
  ) );
#3240 = ORIENTED_EDGE('',*,*,#3241,.T.);
#3241 = EDGE_CURVE('',#3219,#3219,#3242,.T.);
#3242 = SURFACE_CURVE('',#3243,(#3248,#3255),.PCURVE_S1.);
#3243 = CIRCLE('',#3244,12.);
#3244 = AXIS2_PLACEMENT_3D('',#3245,#3246,#3247);
#3245 = CARTESIAN_POINT('',(840.,0.,354.63157894736));
#3246 = DIRECTION('',(0.999875369563,0.,1.578750583521E-02));
#3247 = DIRECTION('',(-1.578750583521E-02,0.,0.999875369563));
#3248 = PCURVE('',#3182,#3249);
#3249 = DEFINITIONAL_REPRESENTATION('',(#3250),#3254);
#3250 = LINE('',#3251,#3252);
#3251 = CARTESIAN_POINT('',(0.,0.));
#3252 = VECTOR('',#3253,1.);
#3253 = DIRECTION('',(1.,0.));
#3254 = ( GEOMETRIC_REPRESENTATION_CONTEXT(2) 
PARAMETRIC_REPRESENTATION_CONTEXT() REPRESENTATION_CONTEXT('2D SPACE',''
  ) );
#3255 = PCURVE('',#3256,#3261);
#3256 = PLANE('',#3257);
#3257 = AXIS2_PLACEMENT_3D('',#3258,#3259,#3260);
#3258 = CARTESIAN_POINT('',(840.,0.,354.63157894736));
#3259 = DIRECTION('',(0.999875369563,0.,1.578750583521E-02));
#3260 = DIRECTION('',(-1.578750583521E-02,0.,0.999875369563));
#3261 = DEFINITIONAL_REPRESENTATION('',(#3262),#3266);
#3262 = CIRCLE('',#3263,12.);
#3263 = AXIS2_PLACEMENT_2D('',#3264,#3265);
#3264 = CARTESIAN_POINT('',(0.,0.));
#3265 = DIRECTION('',(1.,0.));
#3266 = ( GEOMETRIC_REPRESENTATION_CONTEXT(2) 
PARAMETRIC_REPRESENTATION_CONTEXT() REPRESENTATION_CONTEXT('2D SPACE',''
  ) );
#3267 = ORIENTED_EDGE('',*,*,#3218,.T.);
#3268 = ADVANCED_FACE('',(#3269),#3256,.F.);
#3269 = FACE_BOUND('',#3270,.T.);
#3270 = EDGE_LOOP('',(#3271));
#3271 = ORIENTED_EDGE('',*,*,#3241,.F.);
#3272 = ( GEOMETRIC_REPRESENTATION_CONTEXT(3) 
GLOBAL_UNCERTAINTY_ASSIGNED_CONTEXT((#3276)) 
GLOBAL_UNIT_ASSIGNED_CONTEXT((#3273,#3274,#3275)) REPRESENTATION_CONTEXT
('Context #1','3D Context with UNIT and UNCERTAINTY') );
#3273 = ( LENGTH_UNIT() NAMED_UNIT(*) SI_UNIT(.MILLI.,.METRE.) );
#3274 = ( NAMED_UNIT(*) PLANE_ANGLE_UNIT() SI_UNIT($,.RADIAN.) );
#3275 = ( NAMED_UNIT(*) SI_UNIT($,.STERADIAN.) SOLID_ANGLE_UNIT() );
#3276 = UNCERTAINTY_MEASURE_WITH_UNIT(LENGTH_MEASURE(1.E-07),#3273,
  'distance_accuracy_value','confusion accuracy');
#3277 = CONTEXT_DEPENDENT_SHAPE_REPRESENTATION(#3278,#3280);
#3278 = ( REPRESENTATION_RELATIONSHIP('','',#2721,#10) 
REPRESENTATION_RELATIONSHIP_WITH_TRANSFORMATION(#3279) 
SHAPE_REPRESENTATION_RELATIONSHIP() );
#3279 = ITEM_DEFINED_TRANSFORMATION('','',#11,#23);
#3280 = PRODUCT_DEFINITION_SHAPE('Placement','Placement of an item',
  #3281);
#3281 = NEXT_ASSEMBLY_USAGE_OCCURRENCE('20','=>[0:1:1:4]','',#5,#2716,$
  );
#3282 = PRODUCT_RELATED_PRODUCT_CATEGORY('part',$,(#2718));
#3283 = SHAPE_DEFINITION_REPRESENTATION(#3284,#3290);
#3284 = PRODUCT_DEFINITION_SHAPE('','',#3285);
#3285 = PRODUCT_DEFINITION('design','',#3286,#3289);
#3286 = PRODUCT_DEFINITION_FORMATION('','',#3287);
#3287 = PRODUCT('SOLID','SOLID','',(#3288));
#3288 = PRODUCT_CONTEXT('',#2,'mechanical');
#3289 = PRODUCT_DEFINITION_CONTEXT('part definition',#2,'design');
#3290 = ADVANCED_BREP_SHAPE_REPRESENTATION('',(#11,#3291),#4458);
#3291 = MANIFOLD_SOLID_BREP('',#3292);
#3292 = CLOSED_SHELL('',(#3293,#3776,#3853,#3925,#3951,#4025,#4029,#4055
    ,#4083,#4087,#4219,#4268,#4363,#4390,#4397,#4424,#4451));
#3293 = ADVANCED_FACE('',(#3294,#3641),#3309,.T.);
#3294 = FACE_BOUND('',#3295,.T.);
#3295 = EDGE_LOOP('',(#3296,#3336,#3359,#3386,#3387,#3415,#3441,#3473,
    #3506,#3529,#3556,#3557,#3585,#3617));
#3296 = ORIENTED_EDGE('',*,*,#3297,.T.);
#3297 = EDGE_CURVE('',#3298,#3300,#3302,.T.);
#3298 = VERTEX_POINT('',#3299);
#3299 = CARTESIAN_POINT('',(1.12E+03,15.,381.5053741947));
#3300 = VERTEX_POINT('',#3301);
#3301 = CARTESIAN_POINT('',(1.12E+03,6.613092715396E-15,386.05599702017)
  );
#3302 = SURFACE_CURVE('',#3303,(#3308,#3324),.PCURVE_S1.);
#3303 = ELLIPSE('',#3304,27.003365441225,27.);
#3304 = AXIS2_PLACEMENT_3D('',#3305,#3306,#3307);
#3305 = CARTESIAN_POINT('',(1.12E+03,0.,359.05263157894));
#3306 = DIRECTION('',(1.,0.,-0.));
#3307 = DIRECTION('',(0.,0.,1.));
#3308 = PCURVE('',#3309,#3314);
#3309 = CYLINDRICAL_SURFACE('',#3310,27.);
#3310 = AXIS2_PLACEMENT_3D('',#3311,#3312,#3313);
#3311 = CARTESIAN_POINT('',(950.,0.,356.36842105263));
#3312 = DIRECTION('',(0.999875369563,0.,1.578750583521E-02));
#3313 = DIRECTION('',(-1.578750583521E-02,0.,0.999875369563));
#3314 = DEFINITIONAL_REPRESENTATION('',(#3315),#3323);
#3315 = B_SPLINE_CURVE_WITH_KNOTS('',6,(#3316,#3317,#3318,#3319,#3320,
    #3321,#3322),.UNSPECIFIED.,.F.,.F.,(7,7),(5.553457650953,
    6.28318530718),.PIECEWISE_BEZIER_KNOTS.);
#3316 = CARTESIAN_POINT('',(5.553457650953,170.3389468435));
#3317 = CARTESIAN_POINT('',(5.67507892699,170.37351289037));
#3318 = CARTESIAN_POINT('',(5.796700203028,170.4024387032));
#3319 = CARTESIAN_POINT('',(5.918321479066,170.42480411382));
#3320 = CARTESIAN_POINT('',(6.039942755104,170.43993848198));
#3321 = CARTESIAN_POINT('',(6.161564031142,170.44750560459));
#3322 = CARTESIAN_POINT('',(6.28318530718,170.44750560459));
#3323 = ( GEOMETRIC_REPRESENTATION_CONTEXT(2) 
PARAMETRIC_REPRESENTATION_CONTEXT() REPRESENTATION_CONTEXT('2D SPACE',''
  ) );
#3324 = PCURVE('',#3325,#3330);
#3325 = PLANE('',#3326);
#3326 = AXIS2_PLACEMENT_3D('',#3327,#3328,#3329);
#3327 = CARTESIAN_POINT('',(1.12E+03,-15.,381.36842105263));
#3328 = DIRECTION('',(1.,0.,-0.));
#3329 = DIRECTION('',(0.,0.,1.));
#3330 = DEFINITIONAL_REPRESENTATION('',(#3331),#3335);
#3331 = ELLIPSE('',#3332,27.003365441225,27.);
#3332 = AXIS2_PLACEMENT_2D('',#3333,#3334);
#3333 = CARTESIAN_POINT('',(-22.31578947368,-15.));
#3334 = DIRECTION('',(1.,0.));
#3335 = ( GEOMETRIC_REPRESENTATION_CONTEXT(2) 
PARAMETRIC_REPRESENTATION_CONTEXT() REPRESENTATION_CONTEXT('2D SPACE',''
  ) );
#3336 = ORIENTED_EDGE('',*,*,#3337,.T.);
#3337 = EDGE_CURVE('',#3300,#3338,#3340,.T.);
#3338 = VERTEX_POINT('',#3339);
#3339 = CARTESIAN_POINT('',(1.149573737342E+03,6.613092715396E-15,
    386.52295076768));
#3340 = SEAM_CURVE('',#3341,(#3345,#3352),.PCURVE_S1.);
#3341 = LINE('',#3342,#3343);
#3342 = CARTESIAN_POINT('',(949.57373734244,6.613092715396E-15,
    383.36505603084));
#3343 = VECTOR('',#3344,1.);
#3344 = DIRECTION('',(0.999875369563,7.703719777549E-34,
    1.578750583521E-02));
#3345 = PCURVE('',#3309,#3346);
#3346 = DEFINITIONAL_REPRESENTATION('',(#3347),#3351);
#3347 = LINE('',#3348,#3349);
#3348 = CARTESIAN_POINT('',(0.,-0.));
#3349 = VECTOR('',#3350,1.);
#3350 = DIRECTION('',(0.,1.));
#3351 = ( GEOMETRIC_REPRESENTATION_CONTEXT(2) 
PARAMETRIC_REPRESENTATION_CONTEXT() REPRESENTATION_CONTEXT('2D SPACE',''
  ) );
#3352 = PCURVE('',#3309,#3353);
#3353 = DEFINITIONAL_REPRESENTATION('',(#3354),#3358);
#3354 = LINE('',#3355,#3356);
#3355 = CARTESIAN_POINT('',(6.28318530718,-0.));
#3356 = VECTOR('',#3357,1.);
#3357 = DIRECTION('',(0.,1.));
#3358 = ( GEOMETRIC_REPRESENTATION_CONTEXT(2) 
PARAMETRIC_REPRESENTATION_CONTEXT() REPRESENTATION_CONTEXT('2D SPACE',''
  ) );
#3359 = ORIENTED_EDGE('',*,*,#3360,.F.);
#3360 = EDGE_CURVE('',#3338,#3338,#3361,.T.);
#3361 = SURFACE_CURVE('',#3362,(#3367,#3374),.PCURVE_S1.);
#3362 = CIRCLE('',#3363,27.);
#3363 = AXIS2_PLACEMENT_3D('',#3364,#3365,#3366);
#3364 = CARTESIAN_POINT('',(1.15E+03,0.,359.52631578947));
#3365 = DIRECTION('',(0.999875369563,0.,1.578750583521E-02));
#3366 = DIRECTION('',(-1.578750583521E-02,0.,0.999875369563));
#3367 = PCURVE('',#3309,#3368);
#3368 = DEFINITIONAL_REPRESENTATION('',(#3369),#3373);
#3369 = LINE('',#3370,#3371);
#3370 = CARTESIAN_POINT('',(0.,200.02492919426));
#3371 = VECTOR('',#3372,1.);
#3372 = DIRECTION('',(1.,0.));
#3373 = ( GEOMETRIC_REPRESENTATION_CONTEXT(2) 
PARAMETRIC_REPRESENTATION_CONTEXT() REPRESENTATION_CONTEXT('2D SPACE',''
  ) );
#3374 = PCURVE('',#3375,#3380);
#3375 = PLANE('',#3376);
#3376 = AXIS2_PLACEMENT_3D('',#3377,#3378,#3379);
#3377 = CARTESIAN_POINT('',(1.15E+03,0.,359.52631578947));
#3378 = DIRECTION('',(0.999875369563,0.,1.578750583521E-02));
#3379 = DIRECTION('',(-1.578750583521E-02,0.,0.999875369563));
#3380 = DEFINITIONAL_REPRESENTATION('',(#3381),#3385);
#3381 = CIRCLE('',#3382,27.);
#3382 = AXIS2_PLACEMENT_2D('',#3383,#3384);
#3383 = CARTESIAN_POINT('',(0.,0.));
#3384 = DIRECTION('',(1.,0.));
#3385 = ( GEOMETRIC_REPRESENTATION_CONTEXT(2) 
PARAMETRIC_REPRESENTATION_CONTEXT() REPRESENTATION_CONTEXT('2D SPACE',''
  ) );
#3386 = ORIENTED_EDGE('',*,*,#3337,.F.);
#3387 = ORIENTED_EDGE('',*,*,#3388,.T.);
#3388 = EDGE_CURVE('',#3300,#3389,#3391,.T.);
#3389 = VERTEX_POINT('',#3390);
#3390 = CARTESIAN_POINT('',(1.12E+03,-15.,381.5053741947));
#3391 = SURFACE_CURVE('',#3392,(#3397,#3408),.PCURVE_S1.);
#3392 = ELLIPSE('',#3393,27.003365441225,27.);
#3393 = AXIS2_PLACEMENT_3D('',#3394,#3395,#3396);
#3394 = CARTESIAN_POINT('',(1.12E+03,0.,359.05263157894));
#3395 = DIRECTION('',(1.,0.,-0.));
#3396 = DIRECTION('',(0.,0.,1.));
#3397 = PCURVE('',#3309,#3398);
#3398 = DEFINITIONAL_REPRESENTATION('',(#3399),#3407);
#3399 = B_SPLINE_CURVE_WITH_KNOTS('',6,(#3400,#3401,#3402,#3403,#3404,
    #3405,#3406),.UNSPECIFIED.,.F.,.F.,(7,7),(0.,0.729727656227),
  .PIECEWISE_BEZIER_KNOTS.);
#3400 = CARTESIAN_POINT('',(0.,170.44750560459));
#3401 = CARTESIAN_POINT('',(0.121621276038,170.44750560459));
#3402 = CARTESIAN_POINT('',(0.243242552076,170.43993848197));
#3403 = CARTESIAN_POINT('',(0.364863828114,170.42480411382));
#3404 = CARTESIAN_POINT('',(0.486485104151,170.40243870319));
#3405 = CARTESIAN_POINT('',(0.608106380189,170.37351289037));
#3406 = CARTESIAN_POINT('',(0.729727656227,170.3389468435));
#3407 = ( GEOMETRIC_REPRESENTATION_CONTEXT(2) 
PARAMETRIC_REPRESENTATION_CONTEXT() REPRESENTATION_CONTEXT('2D SPACE',''
  ) );
#3408 = PCURVE('',#3325,#3409);
#3409 = DEFINITIONAL_REPRESENTATION('',(#3410),#3414);
#3410 = ELLIPSE('',#3411,27.003365441225,27.);
#3411 = AXIS2_PLACEMENT_2D('',#3412,#3413);
#3412 = CARTESIAN_POINT('',(-22.31578947368,-15.));
#3413 = DIRECTION('',(1.,0.));
#3414 = ( GEOMETRIC_REPRESENTATION_CONTEXT(2) 
PARAMETRIC_REPRESENTATION_CONTEXT() REPRESENTATION_CONTEXT('2D SPACE',''
  ) );
#3415 = ORIENTED_EDGE('',*,*,#3416,.F.);
#3416 = EDGE_CURVE('',#3417,#3389,#3419,.T.);
#3417 = VERTEX_POINT('',#3418);
#3418 = CARTESIAN_POINT('',(1.111326301002E+03,-15.,381.36842105263));
#3419 = SURFACE_CURVE('',#3420,(#3424,#3430),.PCURVE_S1.);
#3420 = LINE('',#3421,#3422);
#3421 = CARTESIAN_POINT('',(949.64557137303,-15.,378.81556742691));
#3422 = VECTOR('',#3423,1.);
#3423 = DIRECTION('',(0.999875369563,0.,1.578750583521E-02));
#3424 = PCURVE('',#3309,#3425);
#3425 = DEFINITIONAL_REPRESENTATION('',(#3426),#3429);
#3426 = B_SPLINE_CURVE_WITH_KNOTS('',1,(#3427,#3428),.UNSPECIFIED.,.F.,
  .F.,(2,2),(49.360580457657,181.37703372586),.PIECEWISE_BEZIER_KNOTS.);
#3427 = CARTESIAN_POINT('',(0.589030970216,49.360580457657));
#3428 = CARTESIAN_POINT('',(0.589030970216,181.37703372586));
#3429 = ( GEOMETRIC_REPRESENTATION_CONTEXT(2) 
PARAMETRIC_REPRESENTATION_CONTEXT() REPRESENTATION_CONTEXT('2D SPACE',''
  ) );
#3430 = PCURVE('',#3431,#3436);
#3431 = PLANE('',#3432);
#3432 = AXIS2_PLACEMENT_3D('',#3433,#3434,#3435);
#3433 = CARTESIAN_POINT('',(1.01E+03,-15.,381.36842105263));
#3434 = DIRECTION('',(-0.,1.,0.));
#3435 = DIRECTION('',(0.,0.,1.));
#3436 = DEFINITIONAL_REPRESENTATION('',(#3437),#3440);
#3437 = B_SPLINE_CURVE_WITH_KNOTS('',1,(#3438,#3439),.UNSPECIFIED.,.F.,
  .F.,(2,2),(49.360580457657,181.37703372586),.PIECEWISE_BEZIER_KNOTS.);
#3438 = CARTESIAN_POINT('',(-1.773573173714,-11.));
#3439 = CARTESIAN_POINT('',(0.310637352601,121.));
#3440 = ( GEOMETRIC_REPRESENTATION_CONTEXT(2) 
PARAMETRIC_REPRESENTATION_CONTEXT() REPRESENTATION_CONTEXT('2D SPACE',''
  ) );
#3441 = ORIENTED_EDGE('',*,*,#3442,.F.);
#3442 = EDGE_CURVE('',#3443,#3417,#3445,.T.);
#3443 = VERTEX_POINT('',#3444);
#3444 = CARTESIAN_POINT('',(1.01E+03,-12.27253477511,381.36842105263));
#3445 = SURFACE_CURVE('',#3446,(#3451,#3461),.PCURVE_S1.);
#3446 = ELLIPSE('',#3447,1.710213144611E+03,27.);
#3447 = AXIS2_PLACEMENT_3D('',#3448,#3449,#3450);
#3448 = CARTESIAN_POINT('',(2.533333333333E+03,0.,381.36842105263));
#3449 = DIRECTION('',(0.,0.,1.));
#3450 = DIRECTION('',(1.,0.,-0.));
#3451 = PCURVE('',#3309,#3452);
#3452 = DEFINITIONAL_REPRESENTATION('',(#3453),#3460);
#3453 = B_SPLINE_CURVE_WITH_KNOTS('',5,(#3454,#3455,#3456,#3457,#3458,
    #3459),.UNSPECIFIED.,.F.,.F.,(6,6),(3.599093646509,3.751020300502),
  .PIECEWISE_BEZIER_KNOTS.);
#3454 = CARTESIAN_POINT('',(0.457500992919,49.388580754455));
#3455 = CARTESIAN_POINT('',(0.487886323718,72.339222535873));
#3456 = CARTESIAN_POINT('',(0.518271654516,97.060394788204));
#3457 = CARTESIAN_POINT('',(0.548656985315,123.50795615167));
#3458 = CARTESIAN_POINT('',(0.579042316114,151.63093774999));
#3459 = CARTESIAN_POINT('',(0.609427646912,181.3721295368));
#3460 = ( GEOMETRIC_REPRESENTATION_CONTEXT(2) 
PARAMETRIC_REPRESENTATION_CONTEXT() REPRESENTATION_CONTEXT('2D SPACE',''
  ) );
#3461 = PCURVE('',#3462,#3467);
#3462 = PLANE('',#3463);
#3463 = AXIS2_PLACEMENT_3D('',#3464,#3465,#3466);
#3464 = CARTESIAN_POINT('',(1.01E+03,-15.,381.36842105263));
#3465 = DIRECTION('',(0.,0.,1.));
#3466 = DIRECTION('',(1.,0.,-0.));
#3467 = DEFINITIONAL_REPRESENTATION('',(#3468),#3472);
#3468 = ELLIPSE('',#3469,1.710213144611E+03,27.);
#3469 = AXIS2_PLACEMENT_2D('',#3470,#3471);
#3470 = CARTESIAN_POINT('',(1.523333333333E+03,15.));
#3471 = DIRECTION('',(1.,0.));
#3472 = ( GEOMETRIC_REPRESENTATION_CONTEXT(2) 
PARAMETRIC_REPRESENTATION_CONTEXT() REPRESENTATION_CONTEXT('2D SPACE',''
  ) );
#3473 = ORIENTED_EDGE('',*,*,#3474,.F.);
#3474 = EDGE_CURVE('',#3475,#3443,#3477,.T.);
#3475 = VERTEX_POINT('',#3476);
#3476 = CARTESIAN_POINT('',(1.01E+03,6.613092715396E-15,384.3191549149)
  );
#3477 = SURFACE_CURVE('',#3478,(#3483,#3494),.PCURVE_S1.);
#3478 = ELLIPSE('',#3479,27.003365441225,27.);
#3479 = AXIS2_PLACEMENT_3D('',#3480,#3481,#3482);
#3480 = CARTESIAN_POINT('',(1.01E+03,0.,357.31578947368));
#3481 = DIRECTION('',(1.,0.,-0.));
#3482 = DIRECTION('',(0.,0.,1.));
#3483 = PCURVE('',#3309,#3484);
#3484 = DEFINITIONAL_REPRESENTATION('',(#3485),#3493);
#3485 = B_SPLINE_CURVE_WITH_KNOTS('',6,(#3486,#3487,#3488,#3489,#3490,
    #3491,#3492),.UNSPECIFIED.,.F.,.F.,(7,7),(0.,0.676721685725),
  .PIECEWISE_BEZIER_KNOTS.);
#3486 = CARTESIAN_POINT('',(0.,60.433794547752));
#3487 = CARTESIAN_POINT('',(0.112786947621,60.433794547752));
#3488 = CARTESIAN_POINT('',(0.225573895242,60.427286814996));
#3489 = CARTESIAN_POINT('',(0.338360842862,60.414271282034));
#3490 = CARTESIAN_POINT('',(0.451147790483,60.394996526542));
#3491 = CARTESIAN_POINT('',(0.563934738104,60.369958735401));
#3492 = CARTESIAN_POINT('',(0.676721685725,60.339847302177));
#3493 = ( GEOMETRIC_REPRESENTATION_CONTEXT(2) 
PARAMETRIC_REPRESENTATION_CONTEXT() REPRESENTATION_CONTEXT('2D SPACE',''
  ) );
#3494 = PCURVE('',#3495,#3500);
#3495 = PLANE('',#3496);
#3496 = AXIS2_PLACEMENT_3D('',#3497,#3498,#3499);
#3497 = CARTESIAN_POINT('',(1.01E+03,-15.,381.36842105263));
#3498 = DIRECTION('',(1.,0.,-0.));
#3499 = DIRECTION('',(0.,0.,1.));
#3500 = DEFINITIONAL_REPRESENTATION('',(#3501),#3505);
#3501 = ELLIPSE('',#3502,27.003365441225,27.);
#3502 = AXIS2_PLACEMENT_2D('',#3503,#3504);
#3503 = CARTESIAN_POINT('',(-24.05263157894,-15.));
#3504 = DIRECTION('',(1.,0.));
#3505 = ( GEOMETRIC_REPRESENTATION_CONTEXT(2) 
PARAMETRIC_REPRESENTATION_CONTEXT() REPRESENTATION_CONTEXT('2D SPACE',''
  ) );
#3506 = ORIENTED_EDGE('',*,*,#3507,.F.);
#3507 = EDGE_CURVE('',#3508,#3475,#3510,.T.);
#3508 = VERTEX_POINT('',#3509);
#3509 = CARTESIAN_POINT('',(949.57373734244,6.613092715396E-15,
    383.36505603084));
#3510 = SEAM_CURVE('',#3511,(#3515,#3522),.PCURVE_S1.);
#3511 = LINE('',#3512,#3513);
#3512 = CARTESIAN_POINT('',(949.57373734244,6.613092715396E-15,
    383.36505603084));
#3513 = VECTOR('',#3514,1.);
#3514 = DIRECTION('',(0.999875369563,7.703719777549E-34,
    1.578750583521E-02));
#3515 = PCURVE('',#3309,#3516);
#3516 = DEFINITIONAL_REPRESENTATION('',(#3517),#3521);
#3517 = LINE('',#3518,#3519);
#3518 = CARTESIAN_POINT('',(6.28318530718,-0.));
#3519 = VECTOR('',#3520,1.);
#3520 = DIRECTION('',(0.,1.));
#3521 = ( GEOMETRIC_REPRESENTATION_CONTEXT(2) 
PARAMETRIC_REPRESENTATION_CONTEXT() REPRESENTATION_CONTEXT('2D SPACE',''
  ) );
#3522 = PCURVE('',#3309,#3523);
#3523 = DEFINITIONAL_REPRESENTATION('',(#3524),#3528);
#3524 = LINE('',#3525,#3526);
#3525 = CARTESIAN_POINT('',(0.,-0.));
#3526 = VECTOR('',#3527,1.);
#3527 = DIRECTION('',(0.,1.));
#3528 = ( GEOMETRIC_REPRESENTATION_CONTEXT(2) 
PARAMETRIC_REPRESENTATION_CONTEXT() REPRESENTATION_CONTEXT('2D SPACE',''
  ) );
#3529 = ORIENTED_EDGE('',*,*,#3530,.T.);
#3530 = EDGE_CURVE('',#3508,#3508,#3531,.T.);
#3531 = SURFACE_CURVE('',#3532,(#3537,#3544),.PCURVE_S1.);
#3532 = CIRCLE('',#3533,27.);
#3533 = AXIS2_PLACEMENT_3D('',#3534,#3535,#3536);
#3534 = CARTESIAN_POINT('',(950.,0.,356.36842105263));
#3535 = DIRECTION('',(0.999875369563,0.,1.578750583521E-02));
#3536 = DIRECTION('',(-1.578750583521E-02,0.,0.999875369563));
#3537 = PCURVE('',#3309,#3538);
#3538 = DEFINITIONAL_REPRESENTATION('',(#3539),#3543);
#3539 = LINE('',#3540,#3541);
#3540 = CARTESIAN_POINT('',(0.,0.));
#3541 = VECTOR('',#3542,1.);
#3542 = DIRECTION('',(1.,0.));
#3543 = ( GEOMETRIC_REPRESENTATION_CONTEXT(2) 
PARAMETRIC_REPRESENTATION_CONTEXT() REPRESENTATION_CONTEXT('2D SPACE',''
  ) );
#3544 = PCURVE('',#3545,#3550);
#3545 = PLANE('',#3546);
#3546 = AXIS2_PLACEMENT_3D('',#3547,#3548,#3549);
#3547 = CARTESIAN_POINT('',(950.,0.,356.36842105263));
#3548 = DIRECTION('',(0.999875369563,0.,1.578750583521E-02));
#3549 = DIRECTION('',(-1.578750583521E-02,0.,0.999875369563));
#3550 = DEFINITIONAL_REPRESENTATION('',(#3551),#3555);
#3551 = CIRCLE('',#3552,27.);
#3552 = AXIS2_PLACEMENT_2D('',#3553,#3554);
#3553 = CARTESIAN_POINT('',(0.,0.));
#3554 = DIRECTION('',(1.,0.));
#3555 = ( GEOMETRIC_REPRESENTATION_CONTEXT(2) 
PARAMETRIC_REPRESENTATION_CONTEXT() REPRESENTATION_CONTEXT('2D SPACE',''
  ) );
#3556 = ORIENTED_EDGE('',*,*,#3507,.T.);
#3557 = ORIENTED_EDGE('',*,*,#3558,.F.);
#3558 = EDGE_CURVE('',#3559,#3475,#3561,.T.);
#3559 = VERTEX_POINT('',#3560);
#3560 = CARTESIAN_POINT('',(1.01E+03,12.272534775115,381.36842105263));
#3561 = SURFACE_CURVE('',#3562,(#3567,#3578),.PCURVE_S1.);
#3562 = ELLIPSE('',#3563,27.003365441225,27.);
#3563 = AXIS2_PLACEMENT_3D('',#3564,#3565,#3566);
#3564 = CARTESIAN_POINT('',(1.01E+03,0.,357.31578947368));
#3565 = DIRECTION('',(1.,0.,-0.));
#3566 = DIRECTION('',(0.,0.,1.));
#3567 = PCURVE('',#3309,#3568);
#3568 = DEFINITIONAL_REPRESENTATION('',(#3569),#3577);
#3569 = B_SPLINE_CURVE_WITH_KNOTS('',6,(#3570,#3571,#3572,#3573,#3574,
    #3575,#3576),.UNSPECIFIED.,.F.,.F.,(7,7),(5.606463621455,
    6.28318530718),.PIECEWISE_BEZIER_KNOTS.);
#3570 = CARTESIAN_POINT('',(5.606463621455,60.339847302177));
#3571 = CARTESIAN_POINT('',(5.719250569076,60.369958735401));
#3572 = CARTESIAN_POINT('',(5.832037516696,60.394996526543));
#3573 = CARTESIAN_POINT('',(5.944824464317,60.414271282033));
#3574 = CARTESIAN_POINT('',(6.057611411938,60.427286814998));
#3575 = CARTESIAN_POINT('',(6.170398359559,60.433794547752));
#3576 = CARTESIAN_POINT('',(6.28318530718,60.433794547752));
#3577 = ( GEOMETRIC_REPRESENTATION_CONTEXT(2) 
PARAMETRIC_REPRESENTATION_CONTEXT() REPRESENTATION_CONTEXT('2D SPACE',''
  ) );
#3578 = PCURVE('',#3495,#3579);
#3579 = DEFINITIONAL_REPRESENTATION('',(#3580),#3584);
#3580 = ELLIPSE('',#3581,27.003365441225,27.);
#3581 = AXIS2_PLACEMENT_2D('',#3582,#3583);
#3582 = CARTESIAN_POINT('',(-24.05263157894,-15.));
#3583 = DIRECTION('',(1.,0.));
#3584 = ( GEOMETRIC_REPRESENTATION_CONTEXT(2) 
PARAMETRIC_REPRESENTATION_CONTEXT() REPRESENTATION_CONTEXT('2D SPACE',''
  ) );
#3585 = ORIENTED_EDGE('',*,*,#3586,.F.);
#3586 = EDGE_CURVE('',#3587,#3559,#3589,.T.);
#3587 = VERTEX_POINT('',#3588);
#3588 = CARTESIAN_POINT('',(1.111326301002E+03,15.,381.36842105263));
#3589 = SURFACE_CURVE('',#3590,(#3595,#3605),.PCURVE_S1.);
#3590 = ELLIPSE('',#3591,1.710213144611E+03,27.);
#3591 = AXIS2_PLACEMENT_3D('',#3592,#3593,#3594);
#3592 = CARTESIAN_POINT('',(2.533333333333E+03,0.,381.36842105263));
#3593 = DIRECTION('',(0.,0.,1.));
#3594 = DIRECTION('',(1.,0.,-0.));
#3595 = PCURVE('',#3309,#3596);
#3596 = DEFINITIONAL_REPRESENTATION('',(#3597),#3604);
#3597 = B_SPLINE_CURVE_WITH_KNOTS('',5,(#3598,#3599,#3600,#3601,#3602,
    #3603),.UNSPECIFIED.,.F.,.F.,(6,6),(2.532165006678,2.684091660671),
  .PIECEWISE_BEZIER_KNOTS.);
#3598 = CARTESIAN_POINT('',(5.673757660267,181.3721295368));
#3599 = CARTESIAN_POINT('',(5.704142991066,151.63093774999));
#3600 = CARTESIAN_POINT('',(5.734528321865,123.50795615167));
#3601 = CARTESIAN_POINT('',(5.764913652663,97.060394788204));
#3602 = CARTESIAN_POINT('',(5.795298983462,72.339222535873));
#3603 = CARTESIAN_POINT('',(5.82568431426,49.388580754455));
#3604 = ( GEOMETRIC_REPRESENTATION_CONTEXT(2) 
PARAMETRIC_REPRESENTATION_CONTEXT() REPRESENTATION_CONTEXT('2D SPACE',''
  ) );
#3605 = PCURVE('',#3606,#3611);
#3606 = PLANE('',#3607);
#3607 = AXIS2_PLACEMENT_3D('',#3608,#3609,#3610);
#3608 = CARTESIAN_POINT('',(1.01E+03,-15.,381.36842105263));
#3609 = DIRECTION('',(0.,0.,1.));
#3610 = DIRECTION('',(1.,0.,-0.));
#3611 = DEFINITIONAL_REPRESENTATION('',(#3612),#3616);
#3612 = ELLIPSE('',#3613,1.710213144611E+03,27.);
#3613 = AXIS2_PLACEMENT_2D('',#3614,#3615);
#3614 = CARTESIAN_POINT('',(1.523333333333E+03,15.));
#3615 = DIRECTION('',(1.,0.));
#3616 = ( GEOMETRIC_REPRESENTATION_CONTEXT(2) 
PARAMETRIC_REPRESENTATION_CONTEXT() REPRESENTATION_CONTEXT('2D SPACE',''
  ) );
#3617 = ORIENTED_EDGE('',*,*,#3618,.T.);
#3618 = EDGE_CURVE('',#3587,#3298,#3619,.T.);
#3619 = SURFACE_CURVE('',#3620,(#3624,#3630),.PCURVE_S1.);
#3620 = LINE('',#3621,#3622);
#3621 = CARTESIAN_POINT('',(949.64557137303,15.,378.81556742691));
#3622 = VECTOR('',#3623,1.);
#3623 = DIRECTION('',(0.999875369563,0.,1.578750583521E-02));
#3624 = PCURVE('',#3309,#3625);
#3625 = DEFINITIONAL_REPRESENTATION('',(#3626),#3629);
#3626 = B_SPLINE_CURVE_WITH_KNOTS('',1,(#3627,#3628),.UNSPECIFIED.,.F.,
  .F.,(2,2),(49.360580457657,181.37703372586),.PIECEWISE_BEZIER_KNOTS.);
#3627 = CARTESIAN_POINT('',(5.694154336963,49.360580457657));
#3628 = CARTESIAN_POINT('',(5.694154336963,181.37703372586));
#3629 = ( GEOMETRIC_REPRESENTATION_CONTEXT(2) 
PARAMETRIC_REPRESENTATION_CONTEXT() REPRESENTATION_CONTEXT('2D SPACE',''
  ) );
#3630 = PCURVE('',#3631,#3636);
#3631 = PLANE('',#3632);
#3632 = AXIS2_PLACEMENT_3D('',#3633,#3634,#3635);
#3633 = CARTESIAN_POINT('',(1.01E+03,15.,381.36842105263));
#3634 = DIRECTION('',(-0.,1.,0.));
#3635 = DIRECTION('',(0.,0.,1.));
#3636 = DEFINITIONAL_REPRESENTATION('',(#3637),#3640);
#3637 = B_SPLINE_CURVE_WITH_KNOTS('',1,(#3638,#3639),.UNSPECIFIED.,.F.,
  .F.,(2,2),(49.360580457657,181.37703372586),.PIECEWISE_BEZIER_KNOTS.);
#3638 = CARTESIAN_POINT('',(-1.773573173714,-11.));
#3639 = CARTESIAN_POINT('',(0.310637352601,121.));
#3640 = ( GEOMETRIC_REPRESENTATION_CONTEXT(2) 
PARAMETRIC_REPRESENTATION_CONTEXT() REPRESENTATION_CONTEXT('2D SPACE',''
  ) );
#3641 = FACE_BOUND('',#3642,.T.);
#3642 = EDGE_LOOP('',(#3643,#3680,#3712,#3746));
#3643 = ORIENTED_EDGE('',*,*,#3644,.F.);
#3644 = EDGE_CURVE('',#3645,#3647,#3649,.T.);
#3645 = VERTEX_POINT('',#3646);
#3646 = CARTESIAN_POINT('',(1.1E+03,-18.9749219036,339.52631578947));
#3647 = VERTEX_POINT('',#3648);
#3648 = CARTESIAN_POINT('',(1.1E+03,18.974921903604,339.52631578947));
#3649 = SURFACE_CURVE('',#3650,(#3655,#3668),.PCURVE_S1.);
#3650 = ELLIPSE('',#3651,27.003365441225,27.);
#3651 = AXIS2_PLACEMENT_3D('',#3652,#3653,#3654);
#3652 = CARTESIAN_POINT('',(1.1E+03,0.,358.73684210526));
#3653 = DIRECTION('',(1.,0.,-0.));
#3654 = DIRECTION('',(0.,0.,1.));
#3655 = PCURVE('',#3309,#3656);
#3656 = DEFINITIONAL_REPRESENTATION('',(#3657),#3667);
#3657 = B_SPLINE_CURVE_WITH_KNOTS('',8,(#3658,#3659,#3660,#3661,#3662,
    #3663,#3664,#3665,#3666),.UNSPECIFIED.,.F.,.F.,(9,9),(2.238050292516
    ,4.045135014663),.PIECEWISE_BEZIER_KNOTS.);
#3658 = CARTESIAN_POINT('',(2.238050292516,149.75487936397));
#3659 = CARTESIAN_POINT('',(2.463935882785,149.67923451153));
#3660 = CARTESIAN_POINT('',(2.689821473051,149.61897377351));
#3661 = CARTESIAN_POINT('',(2.915707063325,149.57997870096));
#3662 = CARTESIAN_POINT('',(3.141592653576,149.56645580672));
#3663 = CARTESIAN_POINT('',(3.367478243867,149.57997870084));
#3664 = CARTESIAN_POINT('',(3.593363834123,149.61897377343));
#3665 = CARTESIAN_POINT('',(3.819249424395,149.67923451153));
#3666 = CARTESIAN_POINT('',(4.045135014663,149.75487936397));
#3667 = ( GEOMETRIC_REPRESENTATION_CONTEXT(2) 
PARAMETRIC_REPRESENTATION_CONTEXT() REPRESENTATION_CONTEXT('2D SPACE',''
  ) );
#3668 = PCURVE('',#3669,#3674);
#3669 = PLANE('',#3670);
#3670 = AXIS2_PLACEMENT_3D('',#3671,#3672,#3673);
#3671 = CARTESIAN_POINT('',(1.1E+03,-40.,314.52631578947));
#3672 = DIRECTION('',(1.,0.,-0.));
#3673 = DIRECTION('',(0.,0.,1.));
#3674 = DEFINITIONAL_REPRESENTATION('',(#3675),#3679);
#3675 = ELLIPSE('',#3676,27.003365441225,27.);
#3676 = AXIS2_PLACEMENT_2D('',#3677,#3678);
#3677 = CARTESIAN_POINT('',(44.210526315789,-40.));
#3678 = DIRECTION('',(1.,0.));
#3679 = ( GEOMETRIC_REPRESENTATION_CONTEXT(2) 
PARAMETRIC_REPRESENTATION_CONTEXT() REPRESENTATION_CONTEXT('2D SPACE',''
  ) );
#3680 = ORIENTED_EDGE('',*,*,#3681,.T.);
#3681 = EDGE_CURVE('',#3645,#3682,#3684,.T.);
#3682 = VERTEX_POINT('',#3683);
#3683 = CARTESIAN_POINT('',(1.13E+03,-18.48319319233,339.52631578947));
#3684 = SURFACE_CURVE('',#3685,(#3690,#3700),.PCURVE_S1.);
#3685 = ELLIPSE('',#3686,1.710213144611E+03,27.);
#3686 = AXIS2_PLACEMENT_3D('',#3687,#3688,#3689);
#3687 = CARTESIAN_POINT('',(-116.6666666666,0.,339.52631578947));
#3688 = DIRECTION('',(0.,0.,1.));
#3689 = DIRECTION('',(1.,0.,-0.));
#3690 = PCURVE('',#3309,#3691);
#3691 = DEFINITIONAL_REPRESENTATION('',(#3692),#3699);
#3692 = B_SPLINE_CURVE_WITH_KNOTS('',5,(#3693,#3694,#3695,#3696,#3697,
    #3698),.UNSPECIFIED.,.F.,.F.,(6,6),(5.501401840529,5.531747635705),
  .PIECEWISE_BEZIER_KNOTS.);
#3693 = CARTESIAN_POINT('',(2.359809186939,146.71578449068));
#3694 = CARTESIAN_POINT('',(2.365878345974,154.02774941333));
#3695 = CARTESIAN_POINT('',(2.37194750501,161.28384000412));
#3696 = CARTESIAN_POINT('',(2.378016664045,168.4834951504));
#3697 = CARTESIAN_POINT('',(2.38408582308,175.62616231588));
#3698 = CARTESIAN_POINT('',(2.390154982116,182.71129779497));
#3699 = ( GEOMETRIC_REPRESENTATION_CONTEXT(2) 
PARAMETRIC_REPRESENTATION_CONTEXT() REPRESENTATION_CONTEXT('2D SPACE',''
  ) );
#3700 = PCURVE('',#3701,#3706);
#3701 = PLANE('',#3702);
#3702 = AXIS2_PLACEMENT_3D('',#3703,#3704,#3705);
#3703 = CARTESIAN_POINT('',(1.1E+03,-40.,339.52631578947));
#3704 = DIRECTION('',(0.,0.,1.));
#3705 = DIRECTION('',(1.,0.,-0.));
#3706 = DEFINITIONAL_REPRESENTATION('',(#3707),#3711);
#3707 = ELLIPSE('',#3708,1.710213144611E+03,27.);
#3708 = AXIS2_PLACEMENT_2D('',#3709,#3710);
#3709 = CARTESIAN_POINT('',(-1.216666666667E+03,40.));
#3710 = DIRECTION('',(1.,0.));
#3711 = ( GEOMETRIC_REPRESENTATION_CONTEXT(2) 
PARAMETRIC_REPRESENTATION_CONTEXT() REPRESENTATION_CONTEXT('2D SPACE',''
  ) );
#3712 = ORIENTED_EDGE('',*,*,#3713,.T.);
#3713 = EDGE_CURVE('',#3682,#3714,#3716,.T.);
#3714 = VERTEX_POINT('',#3715);
#3715 = CARTESIAN_POINT('',(1.13E+03,18.483193192334,339.52631578947));
#3716 = SURFACE_CURVE('',#3717,(#3722,#3734),.PCURVE_S1.);
#3717 = ELLIPSE('',#3718,27.003365441225,27.);
#3718 = AXIS2_PLACEMENT_3D('',#3719,#3720,#3721);
#3719 = CARTESIAN_POINT('',(1.13E+03,0.,359.21052631578));
#3720 = DIRECTION('',(1.,0.,-0.));
#3721 = DIRECTION('',(0.,0.,1.));
#3722 = PCURVE('',#3309,#3723);
#3723 = DEFINITIONAL_REPRESENTATION('',(#3724),#3733);
#3724 = B_SPLINE_CURVE_WITH_KNOTS('',7,(#3725,#3726,#3727,#3728,#3729,
    #3730,#3731,#3732),.UNSPECIFIED.,.F.,.F.,(8,8),(2.260583363109,
    4.02260194407),.PIECEWISE_BEZIER_KNOTS.);
#3725 = CARTESIAN_POINT('',(2.260583363109,179.75114045087));
#3726 = CARTESIAN_POINT('',(2.512300303246,179.66836279709));
#3727 = CARTESIAN_POINT('',(2.764017243384,179.60564123543));
#3728 = CARTESIAN_POINT('',(3.01573418352,179.57153061156));
#3729 = CARTESIAN_POINT('',(3.267451123659,179.57153061154));
#3730 = CARTESIAN_POINT('',(3.519168063796,179.60564123543));
#3731 = CARTESIAN_POINT('',(3.770885003933,179.66836279709));
#3732 = CARTESIAN_POINT('',(4.02260194407,179.75114045087));
#3733 = ( GEOMETRIC_REPRESENTATION_CONTEXT(2) 
PARAMETRIC_REPRESENTATION_CONTEXT() REPRESENTATION_CONTEXT('2D SPACE',''
  ) );
#3734 = PCURVE('',#3735,#3740);
#3735 = PLANE('',#3736);
#3736 = AXIS2_PLACEMENT_3D('',#3737,#3738,#3739);
#3737 = CARTESIAN_POINT('',(1.13E+03,-40.,314.52631578947));
#3738 = DIRECTION('',(1.,0.,-0.));
#3739 = DIRECTION('',(0.,0.,1.));
#3740 = DEFINITIONAL_REPRESENTATION('',(#3741),#3745);
#3741 = ELLIPSE('',#3742,27.003365441225,27.);
#3742 = AXIS2_PLACEMENT_2D('',#3743,#3744);
#3743 = CARTESIAN_POINT('',(44.684210526316,-40.));
#3744 = DIRECTION('',(1.,0.));
#3745 = ( GEOMETRIC_REPRESENTATION_CONTEXT(2) 
PARAMETRIC_REPRESENTATION_CONTEXT() REPRESENTATION_CONTEXT('2D SPACE',''
  ) );
#3746 = ORIENTED_EDGE('',*,*,#3747,.T.);
#3747 = EDGE_CURVE('',#3714,#3647,#3748,.T.);
#3748 = SURFACE_CURVE('',#3749,(#3754,#3764),.PCURVE_S1.);
#3749 = ELLIPSE('',#3750,1.710213144611E+03,27.);
#3750 = AXIS2_PLACEMENT_3D('',#3751,#3752,#3753);
#3751 = CARTESIAN_POINT('',(-116.6666666666,0.,339.52631578947));
#3752 = DIRECTION('',(0.,0.,1.));
#3753 = DIRECTION('',(1.,0.,-0.));
#3754 = PCURVE('',#3309,#3755);
#3755 = DEFINITIONAL_REPRESENTATION('',(#3756),#3763);
#3756 = B_SPLINE_CURVE_WITH_KNOTS('',5,(#3757,#3758,#3759,#3760,#3761,
    #3762),.UNSPECIFIED.,.F.,.F.,(6,6),(0.751437671474,0.781783466651),
  .PIECEWISE_BEZIER_KNOTS.);
#3757 = CARTESIAN_POINT('',(3.893030325064,182.71129779497));
#3758 = CARTESIAN_POINT('',(3.899099484099,175.62616231588));
#3759 = CARTESIAN_POINT('',(3.905168643135,168.4834951504));
#3760 = CARTESIAN_POINT('',(3.91123780217,161.28384000412));
#3761 = CARTESIAN_POINT('',(3.917306961205,154.02774941333));
#3762 = CARTESIAN_POINT('',(3.923376120241,146.71578449068));
#3763 = ( GEOMETRIC_REPRESENTATION_CONTEXT(2) 
PARAMETRIC_REPRESENTATION_CONTEXT() REPRESENTATION_CONTEXT('2D SPACE',''
  ) );
#3764 = PCURVE('',#3765,#3770);
#3765 = PLANE('',#3766);
#3766 = AXIS2_PLACEMENT_3D('',#3767,#3768,#3769);
#3767 = CARTESIAN_POINT('',(1.1E+03,-40.,339.52631578947));
#3768 = DIRECTION('',(0.,0.,1.));
#3769 = DIRECTION('',(1.,0.,-0.));
#3770 = DEFINITIONAL_REPRESENTATION('',(#3771),#3775);
#3771 = ELLIPSE('',#3772,1.710213144611E+03,27.);
#3772 = AXIS2_PLACEMENT_2D('',#3773,#3774);
#3773 = CARTESIAN_POINT('',(-1.216666666667E+03,40.));
#3774 = DIRECTION('',(1.,0.));
#3775 = ( GEOMETRIC_REPRESENTATION_CONTEXT(2) 
PARAMETRIC_REPRESENTATION_CONTEXT() REPRESENTATION_CONTEXT('2D SPACE',''
  ) );
#3776 = ADVANCED_FACE('',(#3777),#3325,.T.);
#3777 = FACE_BOUND('',#3778,.T.);
#3778 = EDGE_LOOP('',(#3779,#3802,#3803,#3804,#3827));
#3779 = ORIENTED_EDGE('',*,*,#3780,.F.);
#3780 = EDGE_CURVE('',#3389,#3781,#3783,.T.);
#3781 = VERTEX_POINT('',#3782);
#3782 = CARTESIAN_POINT('',(1.12E+03,-15.,411.36842105263));
#3783 = SURFACE_CURVE('',#3784,(#3788,#3795),.PCURVE_S1.);
#3784 = LINE('',#3785,#3786);
#3785 = CARTESIAN_POINT('',(1.12E+03,-15.,381.36842105263));
#3786 = VECTOR('',#3787,1.);
#3787 = DIRECTION('',(0.,0.,1.));
#3788 = PCURVE('',#3325,#3789);
#3789 = DEFINITIONAL_REPRESENTATION('',(#3790),#3794);
#3790 = LINE('',#3791,#3792);
#3791 = CARTESIAN_POINT('',(0.,0.));
#3792 = VECTOR('',#3793,1.);
#3793 = DIRECTION('',(1.,0.));
#3794 = ( GEOMETRIC_REPRESENTATION_CONTEXT(2) 
PARAMETRIC_REPRESENTATION_CONTEXT() REPRESENTATION_CONTEXT('2D SPACE',''
  ) );
#3795 = PCURVE('',#3431,#3796);
#3796 = DEFINITIONAL_REPRESENTATION('',(#3797),#3801);
#3797 = LINE('',#3798,#3799);
#3798 = CARTESIAN_POINT('',(0.,110.));
#3799 = VECTOR('',#3800,1.);
#3800 = DIRECTION('',(1.,0.));
#3801 = ( GEOMETRIC_REPRESENTATION_CONTEXT(2) 
PARAMETRIC_REPRESENTATION_CONTEXT() REPRESENTATION_CONTEXT('2D SPACE',''
  ) );
#3802 = ORIENTED_EDGE('',*,*,#3388,.F.);
#3803 = ORIENTED_EDGE('',*,*,#3297,.F.);
#3804 = ORIENTED_EDGE('',*,*,#3805,.T.);
#3805 = EDGE_CURVE('',#3298,#3806,#3808,.T.);
#3806 = VERTEX_POINT('',#3807);
#3807 = CARTESIAN_POINT('',(1.12E+03,15.,411.36842105263));
#3808 = SURFACE_CURVE('',#3809,(#3813,#3820),.PCURVE_S1.);
#3809 = LINE('',#3810,#3811);
#3810 = CARTESIAN_POINT('',(1.12E+03,15.,381.36842105263));
#3811 = VECTOR('',#3812,1.);
#3812 = DIRECTION('',(0.,0.,1.));
#3813 = PCURVE('',#3325,#3814);
#3814 = DEFINITIONAL_REPRESENTATION('',(#3815),#3819);
#3815 = LINE('',#3816,#3817);
#3816 = CARTESIAN_POINT('',(0.,-30.));
#3817 = VECTOR('',#3818,1.);
#3818 = DIRECTION('',(1.,0.));
#3819 = ( GEOMETRIC_REPRESENTATION_CONTEXT(2) 
PARAMETRIC_REPRESENTATION_CONTEXT() REPRESENTATION_CONTEXT('2D SPACE',''
  ) );
#3820 = PCURVE('',#3631,#3821);
#3821 = DEFINITIONAL_REPRESENTATION('',(#3822),#3826);
#3822 = LINE('',#3823,#3824);
#3823 = CARTESIAN_POINT('',(0.,110.));
#3824 = VECTOR('',#3825,1.);
#3825 = DIRECTION('',(1.,0.));
#3826 = ( GEOMETRIC_REPRESENTATION_CONTEXT(2) 
PARAMETRIC_REPRESENTATION_CONTEXT() REPRESENTATION_CONTEXT('2D SPACE',''
  ) );
#3827 = ORIENTED_EDGE('',*,*,#3828,.F.);
#3828 = EDGE_CURVE('',#3781,#3806,#3829,.T.);
#3829 = SURFACE_CURVE('',#3830,(#3834,#3841),.PCURVE_S1.);
#3830 = LINE('',#3831,#3832);
#3831 = CARTESIAN_POINT('',(1.12E+03,-15.,411.36842105263));
#3832 = VECTOR('',#3833,1.);
#3833 = DIRECTION('',(-0.,1.,0.));
#3834 = PCURVE('',#3325,#3835);
#3835 = DEFINITIONAL_REPRESENTATION('',(#3836),#3840);
#3836 = LINE('',#3837,#3838);
#3837 = CARTESIAN_POINT('',(30.,0.));
#3838 = VECTOR('',#3839,1.);
#3839 = DIRECTION('',(0.,-1.));
#3840 = ( GEOMETRIC_REPRESENTATION_CONTEXT(2) 
PARAMETRIC_REPRESENTATION_CONTEXT() REPRESENTATION_CONTEXT('2D SPACE',''
  ) );
#3841 = PCURVE('',#3842,#3847);
#3842 = PLANE('',#3843);
#3843 = AXIS2_PLACEMENT_3D('',#3844,#3845,#3846);
#3844 = CARTESIAN_POINT('',(1.01E+03,-15.,411.36842105263));
#3845 = DIRECTION('',(0.,0.,1.));
#3846 = DIRECTION('',(1.,0.,-0.));
#3847 = DEFINITIONAL_REPRESENTATION('',(#3848),#3852);
#3848 = LINE('',#3849,#3850);
#3849 = CARTESIAN_POINT('',(110.,0.));
#3850 = VECTOR('',#3851,1.);
#3851 = DIRECTION('',(0.,1.));
#3852 = ( GEOMETRIC_REPRESENTATION_CONTEXT(2) 
PARAMETRIC_REPRESENTATION_CONTEXT() REPRESENTATION_CONTEXT('2D SPACE',''
  ) );
#3853 = ADVANCED_FACE('',(#3854),#3631,.T.);
#3854 = FACE_BOUND('',#3855,.T.);
#3855 = EDGE_LOOP('',(#3856,#3879,#3902,#3923,#3924));
#3856 = ORIENTED_EDGE('',*,*,#3857,.F.);
#3857 = EDGE_CURVE('',#3858,#3587,#3860,.T.);
#3858 = VERTEX_POINT('',#3859);
#3859 = CARTESIAN_POINT('',(1.01E+03,15.,381.36842105263));
#3860 = SURFACE_CURVE('',#3861,(#3865,#3872),.PCURVE_S1.);
#3861 = LINE('',#3862,#3863);
#3862 = CARTESIAN_POINT('',(1.01E+03,15.,381.36842105263));
#3863 = VECTOR('',#3864,1.);
#3864 = DIRECTION('',(1.,0.,-0.));
#3865 = PCURVE('',#3631,#3866);
#3866 = DEFINITIONAL_REPRESENTATION('',(#3867),#3871);
#3867 = LINE('',#3868,#3869);
#3868 = CARTESIAN_POINT('',(0.,0.));
#3869 = VECTOR('',#3870,1.);
#3870 = DIRECTION('',(0.,1.));
#3871 = ( GEOMETRIC_REPRESENTATION_CONTEXT(2) 
PARAMETRIC_REPRESENTATION_CONTEXT() REPRESENTATION_CONTEXT('2D SPACE',''
  ) );
#3872 = PCURVE('',#3606,#3873);
#3873 = DEFINITIONAL_REPRESENTATION('',(#3874),#3878);
#3874 = LINE('',#3875,#3876);
#3875 = CARTESIAN_POINT('',(0.,30.));
#3876 = VECTOR('',#3877,1.);
#3877 = DIRECTION('',(1.,0.));
#3878 = ( GEOMETRIC_REPRESENTATION_CONTEXT(2) 
PARAMETRIC_REPRESENTATION_CONTEXT() REPRESENTATION_CONTEXT('2D SPACE',''
  ) );
#3879 = ORIENTED_EDGE('',*,*,#3880,.T.);
#3880 = EDGE_CURVE('',#3858,#3881,#3883,.T.);
#3881 = VERTEX_POINT('',#3882);
#3882 = CARTESIAN_POINT('',(1.01E+03,15.,411.36842105263));
#3883 = SURFACE_CURVE('',#3884,(#3888,#3895),.PCURVE_S1.);
#3884 = LINE('',#3885,#3886);
#3885 = CARTESIAN_POINT('',(1.01E+03,15.,381.36842105263));
#3886 = VECTOR('',#3887,1.);
#3887 = DIRECTION('',(0.,0.,1.));
#3888 = PCURVE('',#3631,#3889);
#3889 = DEFINITIONAL_REPRESENTATION('',(#3890),#3894);
#3890 = LINE('',#3891,#3892);
#3891 = CARTESIAN_POINT('',(0.,0.));
#3892 = VECTOR('',#3893,1.);
#3893 = DIRECTION('',(1.,0.));
#3894 = ( GEOMETRIC_REPRESENTATION_CONTEXT(2) 
PARAMETRIC_REPRESENTATION_CONTEXT() REPRESENTATION_CONTEXT('2D SPACE',''
  ) );
#3895 = PCURVE('',#3495,#3896);
#3896 = DEFINITIONAL_REPRESENTATION('',(#3897),#3901);
#3897 = LINE('',#3898,#3899);
#3898 = CARTESIAN_POINT('',(0.,-30.));
#3899 = VECTOR('',#3900,1.);
#3900 = DIRECTION('',(1.,0.));
#3901 = ( GEOMETRIC_REPRESENTATION_CONTEXT(2) 
PARAMETRIC_REPRESENTATION_CONTEXT() REPRESENTATION_CONTEXT('2D SPACE',''
  ) );
#3902 = ORIENTED_EDGE('',*,*,#3903,.T.);
#3903 = EDGE_CURVE('',#3881,#3806,#3904,.T.);
#3904 = SURFACE_CURVE('',#3905,(#3909,#3916),.PCURVE_S1.);
#3905 = LINE('',#3906,#3907);
#3906 = CARTESIAN_POINT('',(1.01E+03,15.,411.36842105263));
#3907 = VECTOR('',#3908,1.);
#3908 = DIRECTION('',(1.,0.,-0.));
#3909 = PCURVE('',#3631,#3910);
#3910 = DEFINITIONAL_REPRESENTATION('',(#3911),#3915);
#3911 = LINE('',#3912,#3913);
#3912 = CARTESIAN_POINT('',(30.,0.));
#3913 = VECTOR('',#3914,1.);
#3914 = DIRECTION('',(0.,1.));
#3915 = ( GEOMETRIC_REPRESENTATION_CONTEXT(2) 
PARAMETRIC_REPRESENTATION_CONTEXT() REPRESENTATION_CONTEXT('2D SPACE',''
  ) );
#3916 = PCURVE('',#3842,#3917);
#3917 = DEFINITIONAL_REPRESENTATION('',(#3918),#3922);
#3918 = LINE('',#3919,#3920);
#3919 = CARTESIAN_POINT('',(0.,30.));
#3920 = VECTOR('',#3921,1.);
#3921 = DIRECTION('',(1.,0.));
#3922 = ( GEOMETRIC_REPRESENTATION_CONTEXT(2) 
PARAMETRIC_REPRESENTATION_CONTEXT() REPRESENTATION_CONTEXT('2D SPACE',''
  ) );
#3923 = ORIENTED_EDGE('',*,*,#3805,.F.);
#3924 = ORIENTED_EDGE('',*,*,#3618,.F.);
#3925 = ADVANCED_FACE('',(#3926),#3606,.F.);
#3926 = FACE_BOUND('',#3927,.F.);
#3927 = EDGE_LOOP('',(#3928,#3949,#3950));
#3928 = ORIENTED_EDGE('',*,*,#3929,.F.);
#3929 = EDGE_CURVE('',#3559,#3858,#3930,.T.);
#3930 = SURFACE_CURVE('',#3931,(#3935,#3942),.PCURVE_S1.);
#3931 = LINE('',#3932,#3933);
#3932 = CARTESIAN_POINT('',(1.01E+03,-15.,381.36842105263));
#3933 = VECTOR('',#3934,1.);
#3934 = DIRECTION('',(-0.,1.,0.));
#3935 = PCURVE('',#3606,#3936);
#3936 = DEFINITIONAL_REPRESENTATION('',(#3937),#3941);
#3937 = LINE('',#3938,#3939);
#3938 = CARTESIAN_POINT('',(0.,0.));
#3939 = VECTOR('',#3940,1.);
#3940 = DIRECTION('',(0.,1.));
#3941 = ( GEOMETRIC_REPRESENTATION_CONTEXT(2) 
PARAMETRIC_REPRESENTATION_CONTEXT() REPRESENTATION_CONTEXT('2D SPACE',''
  ) );
#3942 = PCURVE('',#3495,#3943);
#3943 = DEFINITIONAL_REPRESENTATION('',(#3944),#3948);
#3944 = LINE('',#3945,#3946);
#3945 = CARTESIAN_POINT('',(0.,0.));
#3946 = VECTOR('',#3947,1.);
#3947 = DIRECTION('',(0.,-1.));
#3948 = ( GEOMETRIC_REPRESENTATION_CONTEXT(2) 
PARAMETRIC_REPRESENTATION_CONTEXT() REPRESENTATION_CONTEXT('2D SPACE',''
  ) );
#3949 = ORIENTED_EDGE('',*,*,#3586,.F.);
#3950 = ORIENTED_EDGE('',*,*,#3857,.F.);
#3951 = ADVANCED_FACE('',(#3952),#3495,.F.);
#3952 = FACE_BOUND('',#3953,.F.);
#3953 = EDGE_LOOP('',(#3954,#3977,#4000,#4021,#4022,#4023,#4024));
#3954 = ORIENTED_EDGE('',*,*,#3955,.F.);
#3955 = EDGE_CURVE('',#3956,#3881,#3958,.T.);
#3956 = VERTEX_POINT('',#3957);
#3957 = CARTESIAN_POINT('',(1.01E+03,-15.,411.36842105263));
#3958 = SURFACE_CURVE('',#3959,(#3963,#3970),.PCURVE_S1.);
#3959 = LINE('',#3960,#3961);
#3960 = CARTESIAN_POINT('',(1.01E+03,-15.,411.36842105263));
#3961 = VECTOR('',#3962,1.);
#3962 = DIRECTION('',(-0.,1.,0.));
#3963 = PCURVE('',#3495,#3964);
#3964 = DEFINITIONAL_REPRESENTATION('',(#3965),#3969);
#3965 = LINE('',#3966,#3967);
#3966 = CARTESIAN_POINT('',(30.,0.));
#3967 = VECTOR('',#3968,1.);
#3968 = DIRECTION('',(0.,-1.));
#3969 = ( GEOMETRIC_REPRESENTATION_CONTEXT(2) 
PARAMETRIC_REPRESENTATION_CONTEXT() REPRESENTATION_CONTEXT('2D SPACE',''
  ) );
#3970 = PCURVE('',#3842,#3971);
#3971 = DEFINITIONAL_REPRESENTATION('',(#3972),#3976);
#3972 = LINE('',#3973,#3974);
#3973 = CARTESIAN_POINT('',(0.,0.));
#3974 = VECTOR('',#3975,1.);
#3975 = DIRECTION('',(0.,1.));
#3976 = ( GEOMETRIC_REPRESENTATION_CONTEXT(2) 
PARAMETRIC_REPRESENTATION_CONTEXT() REPRESENTATION_CONTEXT('2D SPACE',''
  ) );
#3977 = ORIENTED_EDGE('',*,*,#3978,.F.);
#3978 = EDGE_CURVE('',#3979,#3956,#3981,.T.);
#3979 = VERTEX_POINT('',#3980);
#3980 = CARTESIAN_POINT('',(1.01E+03,-15.,381.36842105263));
#3981 = SURFACE_CURVE('',#3982,(#3986,#3993),.PCURVE_S1.);
#3982 = LINE('',#3983,#3984);
#3983 = CARTESIAN_POINT('',(1.01E+03,-15.,381.36842105263));
#3984 = VECTOR('',#3985,1.);
#3985 = DIRECTION('',(0.,0.,1.));
#3986 = PCURVE('',#3495,#3987);
#3987 = DEFINITIONAL_REPRESENTATION('',(#3988),#3992);
#3988 = LINE('',#3989,#3990);
#3989 = CARTESIAN_POINT('',(0.,0.));
#3990 = VECTOR('',#3991,1.);
#3991 = DIRECTION('',(1.,0.));
#3992 = ( GEOMETRIC_REPRESENTATION_CONTEXT(2) 
PARAMETRIC_REPRESENTATION_CONTEXT() REPRESENTATION_CONTEXT('2D SPACE',''
  ) );
#3993 = PCURVE('',#3431,#3994);
#3994 = DEFINITIONAL_REPRESENTATION('',(#3995),#3999);
#3995 = LINE('',#3996,#3997);
#3996 = CARTESIAN_POINT('',(0.,0.));
#3997 = VECTOR('',#3998,1.);
#3998 = DIRECTION('',(1.,0.));
#3999 = ( GEOMETRIC_REPRESENTATION_CONTEXT(2) 
PARAMETRIC_REPRESENTATION_CONTEXT() REPRESENTATION_CONTEXT('2D SPACE',''
  ) );
#4000 = ORIENTED_EDGE('',*,*,#4001,.T.);
#4001 = EDGE_CURVE('',#3979,#3443,#4002,.T.);
#4002 = SURFACE_CURVE('',#4003,(#4007,#4014),.PCURVE_S1.);
#4003 = LINE('',#4004,#4005);
#4004 = CARTESIAN_POINT('',(1.01E+03,-15.,381.36842105263));
#4005 = VECTOR('',#4006,1.);
#4006 = DIRECTION('',(-0.,1.,0.));
#4007 = PCURVE('',#3495,#4008);
#4008 = DEFINITIONAL_REPRESENTATION('',(#4009),#4013);
#4009 = LINE('',#4010,#4011);
#4010 = CARTESIAN_POINT('',(0.,0.));
#4011 = VECTOR('',#4012,1.);
#4012 = DIRECTION('',(0.,-1.));
#4013 = ( GEOMETRIC_REPRESENTATION_CONTEXT(2) 
PARAMETRIC_REPRESENTATION_CONTEXT() REPRESENTATION_CONTEXT('2D SPACE',''
  ) );
#4014 = PCURVE('',#3462,#4015);
#4015 = DEFINITIONAL_REPRESENTATION('',(#4016),#4020);
#4016 = LINE('',#4017,#4018);
#4017 = CARTESIAN_POINT('',(0.,0.));
#4018 = VECTOR('',#4019,1.);
#4019 = DIRECTION('',(0.,1.));
#4020 = ( GEOMETRIC_REPRESENTATION_CONTEXT(2) 
PARAMETRIC_REPRESENTATION_CONTEXT() REPRESENTATION_CONTEXT('2D SPACE',''
  ) );
#4021 = ORIENTED_EDGE('',*,*,#3474,.F.);
#4022 = ORIENTED_EDGE('',*,*,#3558,.F.);
#4023 = ORIENTED_EDGE('',*,*,#3929,.T.);
#4024 = ORIENTED_EDGE('',*,*,#3880,.T.);
#4025 = ADVANCED_FACE('',(#4026),#3545,.F.);
#4026 = FACE_BOUND('',#4027,.T.);
#4027 = EDGE_LOOP('',(#4028));
#4028 = ORIENTED_EDGE('',*,*,#3530,.F.);
#4029 = ADVANCED_FACE('',(#4030),#3462,.F.);
#4030 = FACE_BOUND('',#4031,.F.);
#4031 = EDGE_LOOP('',(#4032,#4033,#4054));
#4032 = ORIENTED_EDGE('',*,*,#4001,.F.);
#4033 = ORIENTED_EDGE('',*,*,#4034,.T.);
#4034 = EDGE_CURVE('',#3979,#3417,#4035,.T.);
#4035 = SURFACE_CURVE('',#4036,(#4040,#4047),.PCURVE_S1.);
#4036 = LINE('',#4037,#4038);
#4037 = CARTESIAN_POINT('',(1.01E+03,-15.,381.36842105263));
#4038 = VECTOR('',#4039,1.);
#4039 = DIRECTION('',(1.,0.,-0.));
#4040 = PCURVE('',#3462,#4041);
#4041 = DEFINITIONAL_REPRESENTATION('',(#4042),#4046);
#4042 = LINE('',#4043,#4044);
#4043 = CARTESIAN_POINT('',(0.,0.));
#4044 = VECTOR('',#4045,1.);
#4045 = DIRECTION('',(1.,0.));
#4046 = ( GEOMETRIC_REPRESENTATION_CONTEXT(2) 
PARAMETRIC_REPRESENTATION_CONTEXT() REPRESENTATION_CONTEXT('2D SPACE',''
  ) );
#4047 = PCURVE('',#3431,#4048);
#4048 = DEFINITIONAL_REPRESENTATION('',(#4049),#4053);
#4049 = LINE('',#4050,#4051);
#4050 = CARTESIAN_POINT('',(0.,0.));
#4051 = VECTOR('',#4052,1.);
#4052 = DIRECTION('',(0.,1.));
#4053 = ( GEOMETRIC_REPRESENTATION_CONTEXT(2) 
PARAMETRIC_REPRESENTATION_CONTEXT() REPRESENTATION_CONTEXT('2D SPACE',''
  ) );
#4054 = ORIENTED_EDGE('',*,*,#3442,.F.);
#4055 = ADVANCED_FACE('',(#4056),#3431,.F.);
#4056 = FACE_BOUND('',#4057,.F.);
#4057 = EDGE_LOOP('',(#4058,#4059,#4060,#4081,#4082));
#4058 = ORIENTED_EDGE('',*,*,#4034,.F.);
#4059 = ORIENTED_EDGE('',*,*,#3978,.T.);
#4060 = ORIENTED_EDGE('',*,*,#4061,.T.);
#4061 = EDGE_CURVE('',#3956,#3781,#4062,.T.);
#4062 = SURFACE_CURVE('',#4063,(#4067,#4074),.PCURVE_S1.);
#4063 = LINE('',#4064,#4065);
#4064 = CARTESIAN_POINT('',(1.01E+03,-15.,411.36842105263));
#4065 = VECTOR('',#4066,1.);
#4066 = DIRECTION('',(1.,0.,-0.));
#4067 = PCURVE('',#3431,#4068);
#4068 = DEFINITIONAL_REPRESENTATION('',(#4069),#4073);
#4069 = LINE('',#4070,#4071);
#4070 = CARTESIAN_POINT('',(30.,0.));
#4071 = VECTOR('',#4072,1.);
#4072 = DIRECTION('',(0.,1.));
#4073 = ( GEOMETRIC_REPRESENTATION_CONTEXT(2) 
PARAMETRIC_REPRESENTATION_CONTEXT() REPRESENTATION_CONTEXT('2D SPACE',''
  ) );
#4074 = PCURVE('',#3842,#4075);
#4075 = DEFINITIONAL_REPRESENTATION('',(#4076),#4080);
#4076 = LINE('',#4077,#4078);
#4077 = CARTESIAN_POINT('',(0.,0.));
#4078 = VECTOR('',#4079,1.);
#4079 = DIRECTION('',(1.,0.));
#4080 = ( GEOMETRIC_REPRESENTATION_CONTEXT(2) 
PARAMETRIC_REPRESENTATION_CONTEXT() REPRESENTATION_CONTEXT('2D SPACE',''
  ) );
#4081 = ORIENTED_EDGE('',*,*,#3780,.F.);
#4082 = ORIENTED_EDGE('',*,*,#3416,.F.);
#4083 = ADVANCED_FACE('',(#4084),#3375,.T.);
#4084 = FACE_BOUND('',#4085,.T.);
#4085 = EDGE_LOOP('',(#4086));
#4086 = ORIENTED_EDGE('',*,*,#3360,.T.);
#4087 = ADVANCED_FACE('',(#4088),#3669,.F.);
#4088 = FACE_BOUND('',#4089,.F.);
#4089 = EDGE_LOOP('',(#4090,#4113,#4141,#4169,#4197,#4218));
#4090 = ORIENTED_EDGE('',*,*,#4091,.F.);
#4091 = EDGE_CURVE('',#4092,#3645,#4094,.T.);
#4092 = VERTEX_POINT('',#4093);
#4093 = CARTESIAN_POINT('',(1.1E+03,-40.,339.52631578947));
#4094 = SURFACE_CURVE('',#4095,(#4099,#4106),.PCURVE_S1.);
#4095 = LINE('',#4096,#4097);
#4096 = CARTESIAN_POINT('',(1.1E+03,-40.,339.52631578947));
#4097 = VECTOR('',#4098,1.);
#4098 = DIRECTION('',(-0.,1.,0.));
#4099 = PCURVE('',#3669,#4100);
#4100 = DEFINITIONAL_REPRESENTATION('',(#4101),#4105);
#4101 = LINE('',#4102,#4103);
#4102 = CARTESIAN_POINT('',(25.,0.));
#4103 = VECTOR('',#4104,1.);
#4104 = DIRECTION('',(0.,-1.));
#4105 = ( GEOMETRIC_REPRESENTATION_CONTEXT(2) 
PARAMETRIC_REPRESENTATION_CONTEXT() REPRESENTATION_CONTEXT('2D SPACE',''
  ) );
#4106 = PCURVE('',#3701,#4107);
#4107 = DEFINITIONAL_REPRESENTATION('',(#4108),#4112);
#4108 = LINE('',#4109,#4110);
#4109 = CARTESIAN_POINT('',(0.,0.));
#4110 = VECTOR('',#4111,1.);
#4111 = DIRECTION('',(0.,1.));
#4112 = ( GEOMETRIC_REPRESENTATION_CONTEXT(2) 
PARAMETRIC_REPRESENTATION_CONTEXT() REPRESENTATION_CONTEXT('2D SPACE',''
  ) );
#4113 = ORIENTED_EDGE('',*,*,#4114,.F.);
#4114 = EDGE_CURVE('',#4115,#4092,#4117,.T.);
#4115 = VERTEX_POINT('',#4116);
#4116 = CARTESIAN_POINT('',(1.1E+03,-40.,314.52631578947));
#4117 = SURFACE_CURVE('',#4118,(#4122,#4129),.PCURVE_S1.);
#4118 = LINE('',#4119,#4120);
#4119 = CARTESIAN_POINT('',(1.1E+03,-40.,314.52631578947));
#4120 = VECTOR('',#4121,1.);
#4121 = DIRECTION('',(0.,0.,1.));
#4122 = PCURVE('',#3669,#4123);
#4123 = DEFINITIONAL_REPRESENTATION('',(#4124),#4128);
#4124 = LINE('',#4125,#4126);
#4125 = CARTESIAN_POINT('',(0.,0.));
#4126 = VECTOR('',#4127,1.);
#4127 = DIRECTION('',(1.,0.));
#4128 = ( GEOMETRIC_REPRESENTATION_CONTEXT(2) 
PARAMETRIC_REPRESENTATION_CONTEXT() REPRESENTATION_CONTEXT('2D SPACE',''
  ) );
#4129 = PCURVE('',#4130,#4135);
#4130 = PLANE('',#4131);
#4131 = AXIS2_PLACEMENT_3D('',#4132,#4133,#4134);
#4132 = CARTESIAN_POINT('',(1.1E+03,-40.,314.52631578947));
#4133 = DIRECTION('',(-0.,1.,0.));
#4134 = DIRECTION('',(0.,0.,1.));
#4135 = DEFINITIONAL_REPRESENTATION('',(#4136),#4140);
#4136 = LINE('',#4137,#4138);
#4137 = CARTESIAN_POINT('',(0.,0.));
#4138 = VECTOR('',#4139,1.);
#4139 = DIRECTION('',(1.,0.));
#4140 = ( GEOMETRIC_REPRESENTATION_CONTEXT(2) 
PARAMETRIC_REPRESENTATION_CONTEXT() REPRESENTATION_CONTEXT('2D SPACE',''
  ) );
#4141 = ORIENTED_EDGE('',*,*,#4142,.T.);
#4142 = EDGE_CURVE('',#4115,#4143,#4145,.T.);
#4143 = VERTEX_POINT('',#4144);
#4144 = CARTESIAN_POINT('',(1.1E+03,40.,314.52631578947));
#4145 = SURFACE_CURVE('',#4146,(#4150,#4157),.PCURVE_S1.);
#4146 = LINE('',#4147,#4148);
#4147 = CARTESIAN_POINT('',(1.1E+03,-40.,314.52631578947));
#4148 = VECTOR('',#4149,1.);
#4149 = DIRECTION('',(-0.,1.,0.));
#4150 = PCURVE('',#3669,#4151);
#4151 = DEFINITIONAL_REPRESENTATION('',(#4152),#4156);
#4152 = LINE('',#4153,#4154);
#4153 = CARTESIAN_POINT('',(0.,0.));
#4154 = VECTOR('',#4155,1.);
#4155 = DIRECTION('',(0.,-1.));
#4156 = ( GEOMETRIC_REPRESENTATION_CONTEXT(2) 
PARAMETRIC_REPRESENTATION_CONTEXT() REPRESENTATION_CONTEXT('2D SPACE',''
  ) );
#4157 = PCURVE('',#4158,#4163);
#4158 = PLANE('',#4159);
#4159 = AXIS2_PLACEMENT_3D('',#4160,#4161,#4162);
#4160 = CARTESIAN_POINT('',(1.1E+03,-40.,314.52631578947));
#4161 = DIRECTION('',(0.,0.,1.));
#4162 = DIRECTION('',(1.,0.,-0.));
#4163 = DEFINITIONAL_REPRESENTATION('',(#4164),#4168);
#4164 = LINE('',#4165,#4166);
#4165 = CARTESIAN_POINT('',(0.,0.));
#4166 = VECTOR('',#4167,1.);
#4167 = DIRECTION('',(0.,1.));
#4168 = ( GEOMETRIC_REPRESENTATION_CONTEXT(2) 
PARAMETRIC_REPRESENTATION_CONTEXT() REPRESENTATION_CONTEXT('2D SPACE',''
  ) );
#4169 = ORIENTED_EDGE('',*,*,#4170,.T.);
#4170 = EDGE_CURVE('',#4143,#4171,#4173,.T.);
#4171 = VERTEX_POINT('',#4172);
#4172 = CARTESIAN_POINT('',(1.1E+03,40.,339.52631578947));
#4173 = SURFACE_CURVE('',#4174,(#4178,#4185),.PCURVE_S1.);
#4174 = LINE('',#4175,#4176);
#4175 = CARTESIAN_POINT('',(1.1E+03,40.,314.52631578947));
#4176 = VECTOR('',#4177,1.);
#4177 = DIRECTION('',(0.,0.,1.));
#4178 = PCURVE('',#3669,#4179);
#4179 = DEFINITIONAL_REPRESENTATION('',(#4180),#4184);
#4180 = LINE('',#4181,#4182);
#4181 = CARTESIAN_POINT('',(0.,-80.));
#4182 = VECTOR('',#4183,1.);
#4183 = DIRECTION('',(1.,0.));
#4184 = ( GEOMETRIC_REPRESENTATION_CONTEXT(2) 
PARAMETRIC_REPRESENTATION_CONTEXT() REPRESENTATION_CONTEXT('2D SPACE',''
  ) );
#4185 = PCURVE('',#4186,#4191);
#4186 = PLANE('',#4187);
#4187 = AXIS2_PLACEMENT_3D('',#4188,#4189,#4190);
#4188 = CARTESIAN_POINT('',(1.1E+03,40.,314.52631578947));
#4189 = DIRECTION('',(-0.,1.,0.));
#4190 = DIRECTION('',(0.,0.,1.));
#4191 = DEFINITIONAL_REPRESENTATION('',(#4192),#4196);
#4192 = LINE('',#4193,#4194);
#4193 = CARTESIAN_POINT('',(0.,0.));
#4194 = VECTOR('',#4195,1.);
#4195 = DIRECTION('',(1.,0.));
#4196 = ( GEOMETRIC_REPRESENTATION_CONTEXT(2) 
PARAMETRIC_REPRESENTATION_CONTEXT() REPRESENTATION_CONTEXT('2D SPACE',''
  ) );
#4197 = ORIENTED_EDGE('',*,*,#4198,.F.);
#4198 = EDGE_CURVE('',#3647,#4171,#4199,.T.);
#4199 = SURFACE_CURVE('',#4200,(#4204,#4211),.PCURVE_S1.);
#4200 = LINE('',#4201,#4202);
#4201 = CARTESIAN_POINT('',(1.1E+03,-40.,339.52631578947));
#4202 = VECTOR('',#4203,1.);
#4203 = DIRECTION('',(-0.,1.,0.));
#4204 = PCURVE('',#3669,#4205);
#4205 = DEFINITIONAL_REPRESENTATION('',(#4206),#4210);
#4206 = LINE('',#4207,#4208);
#4207 = CARTESIAN_POINT('',(25.,0.));
#4208 = VECTOR('',#4209,1.);
#4209 = DIRECTION('',(0.,-1.));
#4210 = ( GEOMETRIC_REPRESENTATION_CONTEXT(2) 
PARAMETRIC_REPRESENTATION_CONTEXT() REPRESENTATION_CONTEXT('2D SPACE',''
  ) );
#4211 = PCURVE('',#3765,#4212);
#4212 = DEFINITIONAL_REPRESENTATION('',(#4213),#4217);
#4213 = LINE('',#4214,#4215);
#4214 = CARTESIAN_POINT('',(0.,0.));
#4215 = VECTOR('',#4216,1.);
#4216 = DIRECTION('',(0.,1.));
#4217 = ( GEOMETRIC_REPRESENTATION_CONTEXT(2) 
PARAMETRIC_REPRESENTATION_CONTEXT() REPRESENTATION_CONTEXT('2D SPACE',''
  ) );
#4218 = ORIENTED_EDGE('',*,*,#3644,.F.);
#4219 = ADVANCED_FACE('',(#4220),#3765,.T.);
#4220 = FACE_BOUND('',#4221,.T.);
#4221 = EDGE_LOOP('',(#4222,#4223,#4224,#4247));
#4222 = ORIENTED_EDGE('',*,*,#4198,.F.);
#4223 = ORIENTED_EDGE('',*,*,#3747,.F.);
#4224 = ORIENTED_EDGE('',*,*,#4225,.T.);
#4225 = EDGE_CURVE('',#3714,#4226,#4228,.T.);
#4226 = VERTEX_POINT('',#4227);
#4227 = CARTESIAN_POINT('',(1.13E+03,40.,339.52631578947));
#4228 = SURFACE_CURVE('',#4229,(#4233,#4240),.PCURVE_S1.);
#4229 = LINE('',#4230,#4231);
#4230 = CARTESIAN_POINT('',(1.13E+03,-40.,339.52631578947));
#4231 = VECTOR('',#4232,1.);
#4232 = DIRECTION('',(-0.,1.,0.));
#4233 = PCURVE('',#3765,#4234);
#4234 = DEFINITIONAL_REPRESENTATION('',(#4235),#4239);
#4235 = LINE('',#4236,#4237);
#4236 = CARTESIAN_POINT('',(30.,0.));
#4237 = VECTOR('',#4238,1.);
#4238 = DIRECTION('',(0.,1.));
#4239 = ( GEOMETRIC_REPRESENTATION_CONTEXT(2) 
PARAMETRIC_REPRESENTATION_CONTEXT() REPRESENTATION_CONTEXT('2D SPACE',''
  ) );
#4240 = PCURVE('',#3735,#4241);
#4241 = DEFINITIONAL_REPRESENTATION('',(#4242),#4246);
#4242 = LINE('',#4243,#4244);
#4243 = CARTESIAN_POINT('',(25.,0.));
#4244 = VECTOR('',#4245,1.);
#4245 = DIRECTION('',(0.,-1.));
#4246 = ( GEOMETRIC_REPRESENTATION_CONTEXT(2) 
PARAMETRIC_REPRESENTATION_CONTEXT() REPRESENTATION_CONTEXT('2D SPACE',''
  ) );
#4247 = ORIENTED_EDGE('',*,*,#4248,.F.);
#4248 = EDGE_CURVE('',#4171,#4226,#4249,.T.);
#4249 = SURFACE_CURVE('',#4250,(#4254,#4261),.PCURVE_S1.);
#4250 = LINE('',#4251,#4252);
#4251 = CARTESIAN_POINT('',(1.1E+03,40.,339.52631578947));
#4252 = VECTOR('',#4253,1.);
#4253 = DIRECTION('',(1.,0.,-0.));
#4254 = PCURVE('',#3765,#4255);
#4255 = DEFINITIONAL_REPRESENTATION('',(#4256),#4260);
#4256 = LINE('',#4257,#4258);
#4257 = CARTESIAN_POINT('',(0.,80.));
#4258 = VECTOR('',#4259,1.);
#4259 = DIRECTION('',(1.,0.));
#4260 = ( GEOMETRIC_REPRESENTATION_CONTEXT(2) 
PARAMETRIC_REPRESENTATION_CONTEXT() REPRESENTATION_CONTEXT('2D SPACE',''
  ) );
#4261 = PCURVE('',#4186,#4262);
#4262 = DEFINITIONAL_REPRESENTATION('',(#4263),#4267);
#4263 = LINE('',#4264,#4265);
#4264 = CARTESIAN_POINT('',(25.,0.));
#4265 = VECTOR('',#4266,1.);
#4266 = DIRECTION('',(0.,1.));
#4267 = ( GEOMETRIC_REPRESENTATION_CONTEXT(2) 
PARAMETRIC_REPRESENTATION_CONTEXT() REPRESENTATION_CONTEXT('2D SPACE',''
  ) );
#4268 = ADVANCED_FACE('',(#4269),#3735,.T.);
#4269 = FACE_BOUND('',#4270,.T.);
#4270 = EDGE_LOOP('',(#4271,#4294,#4317,#4340,#4361,#4362));
#4271 = ORIENTED_EDGE('',*,*,#4272,.F.);
#4272 = EDGE_CURVE('',#4273,#3682,#4275,.T.);
#4273 = VERTEX_POINT('',#4274);
#4274 = CARTESIAN_POINT('',(1.13E+03,-40.,339.52631578947));
#4275 = SURFACE_CURVE('',#4276,(#4280,#4287),.PCURVE_S1.);
#4276 = LINE('',#4277,#4278);
#4277 = CARTESIAN_POINT('',(1.13E+03,-40.,339.52631578947));
#4278 = VECTOR('',#4279,1.);
#4279 = DIRECTION('',(-0.,1.,0.));
#4280 = PCURVE('',#3735,#4281);
#4281 = DEFINITIONAL_REPRESENTATION('',(#4282),#4286);
#4282 = LINE('',#4283,#4284);
#4283 = CARTESIAN_POINT('',(25.,0.));
#4284 = VECTOR('',#4285,1.);
#4285 = DIRECTION('',(0.,-1.));
#4286 = ( GEOMETRIC_REPRESENTATION_CONTEXT(2) 
PARAMETRIC_REPRESENTATION_CONTEXT() REPRESENTATION_CONTEXT('2D SPACE',''
  ) );
#4287 = PCURVE('',#3701,#4288);
#4288 = DEFINITIONAL_REPRESENTATION('',(#4289),#4293);
#4289 = LINE('',#4290,#4291);
#4290 = CARTESIAN_POINT('',(30.,0.));
#4291 = VECTOR('',#4292,1.);
#4292 = DIRECTION('',(0.,1.));
#4293 = ( GEOMETRIC_REPRESENTATION_CONTEXT(2) 
PARAMETRIC_REPRESENTATION_CONTEXT() REPRESENTATION_CONTEXT('2D SPACE',''
  ) );
#4294 = ORIENTED_EDGE('',*,*,#4295,.F.);
#4295 = EDGE_CURVE('',#4296,#4273,#4298,.T.);
#4296 = VERTEX_POINT('',#4297);
#4297 = CARTESIAN_POINT('',(1.13E+03,-40.,314.52631578947));
#4298 = SURFACE_CURVE('',#4299,(#4303,#4310),.PCURVE_S1.);
#4299 = LINE('',#4300,#4301);
#4300 = CARTESIAN_POINT('',(1.13E+03,-40.,314.52631578947));
#4301 = VECTOR('',#4302,1.);
#4302 = DIRECTION('',(0.,0.,1.));
#4303 = PCURVE('',#3735,#4304);
#4304 = DEFINITIONAL_REPRESENTATION('',(#4305),#4309);
#4305 = LINE('',#4306,#4307);
#4306 = CARTESIAN_POINT('',(0.,0.));
#4307 = VECTOR('',#4308,1.);
#4308 = DIRECTION('',(1.,0.));
#4309 = ( GEOMETRIC_REPRESENTATION_CONTEXT(2) 
PARAMETRIC_REPRESENTATION_CONTEXT() REPRESENTATION_CONTEXT('2D SPACE',''
  ) );
#4310 = PCURVE('',#4130,#4311);
#4311 = DEFINITIONAL_REPRESENTATION('',(#4312),#4316);
#4312 = LINE('',#4313,#4314);
#4313 = CARTESIAN_POINT('',(0.,30.));
#4314 = VECTOR('',#4315,1.);
#4315 = DIRECTION('',(1.,0.));
#4316 = ( GEOMETRIC_REPRESENTATION_CONTEXT(2) 
PARAMETRIC_REPRESENTATION_CONTEXT() REPRESENTATION_CONTEXT('2D SPACE',''
  ) );
#4317 = ORIENTED_EDGE('',*,*,#4318,.T.);
#4318 = EDGE_CURVE('',#4296,#4319,#4321,.T.);
#4319 = VERTEX_POINT('',#4320);
#4320 = CARTESIAN_POINT('',(1.13E+03,40.,314.52631578947));
#4321 = SURFACE_CURVE('',#4322,(#4326,#4333),.PCURVE_S1.);
#4322 = LINE('',#4323,#4324);
#4323 = CARTESIAN_POINT('',(1.13E+03,-40.,314.52631578947));
#4324 = VECTOR('',#4325,1.);
#4325 = DIRECTION('',(-0.,1.,0.));
#4326 = PCURVE('',#3735,#4327);
#4327 = DEFINITIONAL_REPRESENTATION('',(#4328),#4332);
#4328 = LINE('',#4329,#4330);
#4329 = CARTESIAN_POINT('',(0.,0.));
#4330 = VECTOR('',#4331,1.);
#4331 = DIRECTION('',(0.,-1.));
#4332 = ( GEOMETRIC_REPRESENTATION_CONTEXT(2) 
PARAMETRIC_REPRESENTATION_CONTEXT() REPRESENTATION_CONTEXT('2D SPACE',''
  ) );
#4333 = PCURVE('',#4158,#4334);
#4334 = DEFINITIONAL_REPRESENTATION('',(#4335),#4339);
#4335 = LINE('',#4336,#4337);
#4336 = CARTESIAN_POINT('',(30.,0.));
#4337 = VECTOR('',#4338,1.);
#4338 = DIRECTION('',(0.,1.));
#4339 = ( GEOMETRIC_REPRESENTATION_CONTEXT(2) 
PARAMETRIC_REPRESENTATION_CONTEXT() REPRESENTATION_CONTEXT('2D SPACE',''
  ) );
#4340 = ORIENTED_EDGE('',*,*,#4341,.T.);
#4341 = EDGE_CURVE('',#4319,#4226,#4342,.T.);
#4342 = SURFACE_CURVE('',#4343,(#4347,#4354),.PCURVE_S1.);
#4343 = LINE('',#4344,#4345);
#4344 = CARTESIAN_POINT('',(1.13E+03,40.,314.52631578947));
#4345 = VECTOR('',#4346,1.);
#4346 = DIRECTION('',(0.,0.,1.));
#4347 = PCURVE('',#3735,#4348);
#4348 = DEFINITIONAL_REPRESENTATION('',(#4349),#4353);
#4349 = LINE('',#4350,#4351);
#4350 = CARTESIAN_POINT('',(0.,-80.));
#4351 = VECTOR('',#4352,1.);
#4352 = DIRECTION('',(1.,0.));
#4353 = ( GEOMETRIC_REPRESENTATION_CONTEXT(2) 
PARAMETRIC_REPRESENTATION_CONTEXT() REPRESENTATION_CONTEXT('2D SPACE',''
  ) );
#4354 = PCURVE('',#4186,#4355);
#4355 = DEFINITIONAL_REPRESENTATION('',(#4356),#4360);
#4356 = LINE('',#4357,#4358);
#4357 = CARTESIAN_POINT('',(0.,30.));
#4358 = VECTOR('',#4359,1.);
#4359 = DIRECTION('',(1.,0.));
#4360 = ( GEOMETRIC_REPRESENTATION_CONTEXT(2) 
PARAMETRIC_REPRESENTATION_CONTEXT() REPRESENTATION_CONTEXT('2D SPACE',''
  ) );
#4361 = ORIENTED_EDGE('',*,*,#4225,.F.);
#4362 = ORIENTED_EDGE('',*,*,#3713,.F.);
#4363 = ADVANCED_FACE('',(#4364),#3701,.T.);
#4364 = FACE_BOUND('',#4365,.T.);
#4365 = EDGE_LOOP('',(#4366,#4367,#4388,#4389));
#4366 = ORIENTED_EDGE('',*,*,#4091,.F.);
#4367 = ORIENTED_EDGE('',*,*,#4368,.T.);
#4368 = EDGE_CURVE('',#4092,#4273,#4369,.T.);
#4369 = SURFACE_CURVE('',#4370,(#4374,#4381),.PCURVE_S1.);
#4370 = LINE('',#4371,#4372);
#4371 = CARTESIAN_POINT('',(1.1E+03,-40.,339.52631578947));
#4372 = VECTOR('',#4373,1.);
#4373 = DIRECTION('',(1.,0.,-0.));
#4374 = PCURVE('',#3701,#4375);
#4375 = DEFINITIONAL_REPRESENTATION('',(#4376),#4380);
#4376 = LINE('',#4377,#4378);
#4377 = CARTESIAN_POINT('',(0.,0.));
#4378 = VECTOR('',#4379,1.);
#4379 = DIRECTION('',(1.,0.));
#4380 = ( GEOMETRIC_REPRESENTATION_CONTEXT(2) 
PARAMETRIC_REPRESENTATION_CONTEXT() REPRESENTATION_CONTEXT('2D SPACE',''
  ) );
#4381 = PCURVE('',#4130,#4382);
#4382 = DEFINITIONAL_REPRESENTATION('',(#4383),#4387);
#4383 = LINE('',#4384,#4385);
#4384 = CARTESIAN_POINT('',(25.,0.));
#4385 = VECTOR('',#4386,1.);
#4386 = DIRECTION('',(0.,1.));
#4387 = ( GEOMETRIC_REPRESENTATION_CONTEXT(2) 
PARAMETRIC_REPRESENTATION_CONTEXT() REPRESENTATION_CONTEXT('2D SPACE',''
  ) );
#4388 = ORIENTED_EDGE('',*,*,#4272,.T.);
#4389 = ORIENTED_EDGE('',*,*,#3681,.F.);
#4390 = ADVANCED_FACE('',(#4391),#3842,.T.);
#4391 = FACE_BOUND('',#4392,.T.);
#4392 = EDGE_LOOP('',(#4393,#4394,#4395,#4396));
#4393 = ORIENTED_EDGE('',*,*,#3955,.F.);
#4394 = ORIENTED_EDGE('',*,*,#4061,.T.);
#4395 = ORIENTED_EDGE('',*,*,#3828,.T.);
#4396 = ORIENTED_EDGE('',*,*,#3903,.F.);
#4397 = ADVANCED_FACE('',(#4398),#4186,.T.);
#4398 = FACE_BOUND('',#4399,.T.);
#4399 = EDGE_LOOP('',(#4400,#4421,#4422,#4423));
#4400 = ORIENTED_EDGE('',*,*,#4401,.F.);
#4401 = EDGE_CURVE('',#4143,#4319,#4402,.T.);
#4402 = SURFACE_CURVE('',#4403,(#4407,#4414),.PCURVE_S1.);
#4403 = LINE('',#4404,#4405);
#4404 = CARTESIAN_POINT('',(1.1E+03,40.,314.52631578947));
#4405 = VECTOR('',#4406,1.);
#4406 = DIRECTION('',(1.,0.,-0.));
#4407 = PCURVE('',#4186,#4408);
#4408 = DEFINITIONAL_REPRESENTATION('',(#4409),#4413);
#4409 = LINE('',#4410,#4411);
#4410 = CARTESIAN_POINT('',(0.,0.));
#4411 = VECTOR('',#4412,1.);
#4412 = DIRECTION('',(0.,1.));
#4413 = ( GEOMETRIC_REPRESENTATION_CONTEXT(2) 
PARAMETRIC_REPRESENTATION_CONTEXT() REPRESENTATION_CONTEXT('2D SPACE',''
  ) );
#4414 = PCURVE('',#4158,#4415);
#4415 = DEFINITIONAL_REPRESENTATION('',(#4416),#4420);
#4416 = LINE('',#4417,#4418);
#4417 = CARTESIAN_POINT('',(0.,80.));
#4418 = VECTOR('',#4419,1.);
#4419 = DIRECTION('',(1.,0.));
#4420 = ( GEOMETRIC_REPRESENTATION_CONTEXT(2) 
PARAMETRIC_REPRESENTATION_CONTEXT() REPRESENTATION_CONTEXT('2D SPACE',''
  ) );
#4421 = ORIENTED_EDGE('',*,*,#4170,.T.);
#4422 = ORIENTED_EDGE('',*,*,#4248,.T.);
#4423 = ORIENTED_EDGE('',*,*,#4341,.F.);
#4424 = ADVANCED_FACE('',(#4425),#4158,.F.);
#4425 = FACE_BOUND('',#4426,.F.);
#4426 = EDGE_LOOP('',(#4427,#4428,#4449,#4450));
#4427 = ORIENTED_EDGE('',*,*,#4142,.F.);
#4428 = ORIENTED_EDGE('',*,*,#4429,.T.);
#4429 = EDGE_CURVE('',#4115,#4296,#4430,.T.);
#4430 = SURFACE_CURVE('',#4431,(#4435,#4442),.PCURVE_S1.);
#4431 = LINE('',#4432,#4433);
#4432 = CARTESIAN_POINT('',(1.1E+03,-40.,314.52631578947));
#4433 = VECTOR('',#4434,1.);
#4434 = DIRECTION('',(1.,0.,-0.));
#4435 = PCURVE('',#4158,#4436);
#4436 = DEFINITIONAL_REPRESENTATION('',(#4437),#4441);
#4437 = LINE('',#4438,#4439);
#4438 = CARTESIAN_POINT('',(0.,0.));
#4439 = VECTOR('',#4440,1.);
#4440 = DIRECTION('',(1.,0.));
#4441 = ( GEOMETRIC_REPRESENTATION_CONTEXT(2) 
PARAMETRIC_REPRESENTATION_CONTEXT() REPRESENTATION_CONTEXT('2D SPACE',''
  ) );
#4442 = PCURVE('',#4130,#4443);
#4443 = DEFINITIONAL_REPRESENTATION('',(#4444),#4448);
#4444 = LINE('',#4445,#4446);
#4445 = CARTESIAN_POINT('',(0.,0.));
#4446 = VECTOR('',#4447,1.);
#4447 = DIRECTION('',(0.,1.));
#4448 = ( GEOMETRIC_REPRESENTATION_CONTEXT(2) 
PARAMETRIC_REPRESENTATION_CONTEXT() REPRESENTATION_CONTEXT('2D SPACE',''
  ) );
#4449 = ORIENTED_EDGE('',*,*,#4318,.T.);
#4450 = ORIENTED_EDGE('',*,*,#4401,.F.);
#4451 = ADVANCED_FACE('',(#4452),#4130,.F.);
#4452 = FACE_BOUND('',#4453,.F.);
#4453 = EDGE_LOOP('',(#4454,#4455,#4456,#4457));
#4454 = ORIENTED_EDGE('',*,*,#4429,.F.);
#4455 = ORIENTED_EDGE('',*,*,#4114,.T.);
#4456 = ORIENTED_EDGE('',*,*,#4368,.T.);
#4457 = ORIENTED_EDGE('',*,*,#4295,.F.);
#4458 = ( GEOMETRIC_REPRESENTATION_CONTEXT(3) 
GLOBAL_UNCERTAINTY_ASSIGNED_CONTEXT((#4462)) 
GLOBAL_UNIT_ASSIGNED_CONTEXT((#4459,#4460,#4461)) REPRESENTATION_CONTEXT
('Context #1','3D Context with UNIT and UNCERTAINTY') );
#4459 = ( LENGTH_UNIT() NAMED_UNIT(*) SI_UNIT(.MILLI.,.METRE.) );
#4460 = ( NAMED_UNIT(*) PLANE_ANGLE_UNIT() SI_UNIT($,.RADIAN.) );
#4461 = ( NAMED_UNIT(*) SI_UNIT($,.STERADIAN.) SOLID_ANGLE_UNIT() );
#4462 = UNCERTAINTY_MEASURE_WITH_UNIT(LENGTH_MEASURE(1.E-07),#4459,
  'distance_accuracy_value','confusion accuracy');
#4463 = CONTEXT_DEPENDENT_SHAPE_REPRESENTATION(#4464,#4466);
#4464 = ( REPRESENTATION_RELATIONSHIP('','',#3290,#10) 
REPRESENTATION_RELATIONSHIP_WITH_TRANSFORMATION(#4465) 
SHAPE_REPRESENTATION_RELATIONSHIP() );
#4465 = ITEM_DEFINED_TRANSFORMATION('','',#11,#27);
#4466 = PRODUCT_DEFINITION_SHAPE('Placement','Placement of an item',
  #4467);
#4467 = NEXT_ASSEMBLY_USAGE_OCCURRENCE('21','=>[0:1:1:5]','',#5,#3285,$
  );
#4468 = PRODUCT_RELATED_PRODUCT_CATEGORY('part',$,(#3287));
ENDSEC;
END-ISO-10303-21;
