ISO-10303-21;
HEADER;
FILE_DESCRIPTION(('Open CASCADE Model'),'2;1');
FILE_NAME('Open CASCADE Shape Model','2026-09-25T12:45:01',('Author'),(
    'Open CASCADE'),'Open CASCADE STEP processor 8.0','build123d',
  'Unknown');
FILE_SCHEMA(('AUTOMOTIVE_DESIGN { 1 0 10303 214 1 1 1 1 }'));
ENDSEC;
DATA;
#1 = APPLICATION_PROTOCOL_DEFINITION('international standard',
  'automotive_design',2000,#2);
#2 = APPLICATION_CONTEXT(
  'core data for automotive mechanical design processes');
#3 = SHAPE_DEFINITION_REPRESENTATION(#4,#10);
#4 = PRODUCT_DEFINITION_SHAPE('','',#5);
#5 = PRODUCT_DEFINITION('design','',#6,#9);
#6 = PRODUCT_DEFINITION_FORMATION('','',#7);
#7 = PRODUCT('COMPOUND','COMPOUND','',(#8));
#8 = PRODUCT_CONTEXT('',#2,'mechanical');
#9 = PRODUCT_DEFINITION_CONTEXT('part definition',#2,'design');
#10 = SHAPE_REPRESENTATION('',(#11,#15),#19);
#11 = AXIS2_PLACEMENT_3D('',#12,#13,#14);
#12 = CARTESIAN_POINT('',(0.,0.,0.));
#13 = DIRECTION('',(0.,0.,1.));
#14 = DIRECTION('',(1.,0.,-0.));
#15 = AXIS2_PLACEMENT_3D('',#16,#17,#18);
#16 = CARTESIAN_POINT('',(0.,0.,0.));
#17 = DIRECTION('',(0.,0.,1.));
#18 = DIRECTION('',(1.,0.,-0.));
#19 = ( GEOMETRIC_REPRESENTATION_CONTEXT(3) 
GLOBAL_UNCERTAINTY_ASSIGNED_CONTEXT((#23)) GLOBAL_UNIT_ASSIGNED_CONTEXT(
(#20,#21,#22)) REPRESENTATION_CONTEXT('Context #1',
  '3D Context with UNIT and UNCERTAINTY') );
#20 = ( LENGTH_UNIT() NAMED_UNIT(*) SI_UNIT(.MILLI.,.METRE.) );
#21 = ( NAMED_UNIT(*) PLANE_ANGLE_UNIT() SI_UNIT($,.RADIAN.) );
#22 = ( NAMED_UNIT(*) SI_UNIT($,.STERADIAN.) SOLID_ANGLE_UNIT() );
#23 = UNCERTAINTY_MEASURE_WITH_UNIT(LENGTH_MEASURE(2.E-07),#20,
  'distance_accuracy_value','confusion accuracy');
#24 = PRODUCT_RELATED_PRODUCT_CATEGORY('part',$,(#7));
#25 = SHAPE_DEFINITION_REPRESENTATION(#26,#32);
#26 = PRODUCT_DEFINITION_SHAPE('','',#27);
#27 = PRODUCT_DEFINITION('design','',#28,#31);
#28 = PRODUCT_DEFINITION_FORMATION('','',#29);
#29 = PRODUCT('COMPOUND','COMPOUND','',(#30));
#30 = PRODUCT_CONTEXT('',#2,'mechanical');
#31 = PRODUCT_DEFINITION_CONTEXT('part definition',#2,'design');
#32 = SHAPE_REPRESENTATION('',(#11,#33,#8162,#8516),#8870);
#33 = MANIFOLD_SOLID_BREP('',#34);
#34 = CLOSED_SHELL('',(#35,#378,#1935,#2440,#4004,#4681,#4849,#5012,
    #5061,#5110,#5117,#5144,#5196,#5225,#5359,#5411,#5545,#5574,#5617,
    #5642,#5667,#5674,#5717,#5742,#5767,#5774,#5817,#5842,#5867,#5874,
    #5917,#5942,#5967,#5974,#6023,#6072,#6099,#6151,#6180,#6320,#6372,
    #6512,#6541,#6548,#6555,#6566,#6595,#6749,#6778,#6927,#6955,#7110,
    #7265,#7288,#7293,#7575,#7598,#7603,#7626,#7631,#7913,#7936,#7941,
    #7964,#7970,#7976,#8058,#8064,#8070,#8152,#8157));
#35 = ADVANCED_FACE('',(#36),#50,.F.);
#36 = FACE_BOUND('',#37,.F.);
#37 = EDGE_LOOP('',(#38,#73,#101,#157,#187,#210,#266,#301,#324,#352));
#38 = ORIENTED_EDGE('',*,*,#39,.F.);
#39 = EDGE_CURVE('',#40,#42,#44,.T.);
#40 = VERTEX_POINT('',#41);
#41 = CARTESIAN_POINT('',(1.3E+03,-350.,378.));
#42 = VERTEX_POINT('',#43);
#43 = CARTESIAN_POINT('',(1.3E+03,-350.,408.));
#44 = SURFACE_CURVE('',#45,(#49,#61),.PCURVE_S1.);
#45 = LINE('',#46,#47);
#46 = CARTESIAN_POINT('',(1.3E+03,-350.,378.));
#47 = VECTOR('',#48,1.);
#48 = DIRECTION('',(0.,0.,1.));
#49 = PCURVE('',#50,#55);
#50 = PLANE('',#51);
#51 = AXIS2_PLACEMENT_3D('',#52,#53,#54);
#52 = CARTESIAN_POINT('',(1.3E+03,-350.,378.));
#53 = DIRECTION('',(1.,0.,-0.));
#54 = DIRECTION('',(0.,0.,1.));
#55 = DEFINITIONAL_REPRESENTATION('',(#56),#60);
#56 = LINE('',#57,#58);
#57 = CARTESIAN_POINT('',(0.,0.));
#58 = VECTOR('',#59,1.);
#59 = DIRECTION('',(1.,0.));
#60 = ( GEOMETRIC_REPRESENTATION_CONTEXT(2) 
PARAMETRIC_REPRESENTATION_CONTEXT() REPRESENTATION_CONTEXT('2D SPACE',''
  ) );
#61 = PCURVE('',#62,#67);
#62 = PLANE('',#63);
#63 = AXIS2_PLACEMENT_3D('',#64,#65,#66);
#64 = CARTESIAN_POINT('',(1.3E+03,-350.,378.));
#65 = DIRECTION('',(-0.,1.,0.));
#66 = DIRECTION('',(0.,0.,1.));
#67 = DEFINITIONAL_REPRESENTATION('',(#68),#72);
#68 = LINE('',#69,#70);
#69 = CARTESIAN_POINT('',(0.,0.));
#70 = VECTOR('',#71,1.);
#71 = DIRECTION('',(1.,0.));
#72 = ( GEOMETRIC_REPRESENTATION_CONTEXT(2) 
PARAMETRIC_REPRESENTATION_CONTEXT() REPRESENTATION_CONTEXT('2D SPACE',''
  ) );
#73 = ORIENTED_EDGE('',*,*,#74,.F.);
#74 = EDGE_CURVE('',#75,#40,#77,.T.);
#75 = VERTEX_POINT('',#76);
#76 = CARTESIAN_POINT('',(1.3E+03,-313.8609762597,378.));
#77 = SURFACE_CURVE('',#78,(#82,#89),.PCURVE_S1.);
#78 = LINE('',#79,#80);
#79 = CARTESIAN_POINT('',(1.3E+03,350.,378.));
#80 = VECTOR('',#81,1.);
#81 = DIRECTION('',(0.,-1.,0.));
#82 = PCURVE('',#50,#83);
#83 = DEFINITIONAL_REPRESENTATION('',(#84),#88);
#84 = LINE('',#85,#86);
#85 = CARTESIAN_POINT('',(0.,-700.));
#86 = VECTOR('',#87,1.);
#87 = DIRECTION('',(0.,1.));
#88 = ( GEOMETRIC_REPRESENTATION_CONTEXT(2) 
PARAMETRIC_REPRESENTATION_CONTEXT() REPRESENTATION_CONTEXT('2D SPACE',''
  ) );
#89 = PCURVE('',#90,#95);
#90 = PLANE('',#91);
#91 = AXIS2_PLACEMENT_3D('',#92,#93,#94);
#92 = CARTESIAN_POINT('',(1.3E+03,-350.,378.));
#93 = DIRECTION('',(0.,0.,1.));
#94 = DIRECTION('',(1.,0.,-0.));
#95 = DEFINITIONAL_REPRESENTATION('',(#96),#100);
#96 = LINE('',#97,#98);
#97 = CARTESIAN_POINT('',(0.,700.));
#98 = VECTOR('',#99,1.);
#99 = DIRECTION('',(0.,-1.));
#100 = ( GEOMETRIC_REPRESENTATION_CONTEXT(2) 
PARAMETRIC_REPRESENTATION_CONTEXT() REPRESENTATION_CONTEXT('2D SPACE',''
  ) );
#101 = ORIENTED_EDGE('',*,*,#102,.F.);
#102 = EDGE_CURVE('',#103,#75,#105,.T.);
#103 = VERTEX_POINT('',#104);
#104 = CARTESIAN_POINT('',(1.3E+03,-260.3222165456,386.1591575616));
#105 = SURFACE_CURVE('',#106,(#111,#118),.PCURVE_S1.);
#106 = ELLIPSE('',#107,37.61157630509,14.);
#107 = AXIS2_PLACEMENT_3D('',#108,#109,#110);
#108 = CARTESIAN_POINT('',(1.3E+03,-297.7777777777,389.33333333333));
#109 = DIRECTION('',(1.,0.,-0.));
#110 = DIRECTION('',(-0.,0.995183167582,-9.803296874689E-02));
#111 = PCURVE('',#50,#112);
#112 = DEFINITIONAL_REPRESENTATION('',(#113),#117);
#113 = ELLIPSE('',#114,37.61157630509,14.);
#114 = AXIS2_PLACEMENT_2D('',#115,#116);
#115 = CARTESIAN_POINT('',(11.333333333333,-52.22222222222));
#116 = DIRECTION('',(-9.803296874689E-02,-0.995183167582));
#117 = ( GEOMETRIC_REPRESENTATION_CONTEXT(2) 
PARAMETRIC_REPRESENTATION_CONTEXT() REPRESENTATION_CONTEXT('2D SPACE',''
  ) );
#118 = PCURVE('',#119,#124);
#119 = CYLINDRICAL_SURFACE('',#120,14.);
#120 = AXIS2_PLACEMENT_3D('',#121,#122,#123);
#121 = CARTESIAN_POINT('',(1.315E+03,-335.,393.));
#122 = DIRECTION('',(-0.372225824476,0.923671490366,-9.098853487188E-02)
  );
#123 = DIRECTION('',(0.927518894335,0.373776270851,-2.081668171172E-17)
  );
#124 = DEFINITIONAL_REPRESENTATION('',(#125),#156);
#125 = B_SPLINE_CURVE_WITH_KNOTS('',8,(#126,#127,#128,#129,#130,#131,
    #132,#133,#134,#135,#136,#137,#138,#139,#140,#141,#142,#143,#144,
    #145,#146,#147,#148,#149,#150,#151,#152,#153,#154,#155),
  .UNSPECIFIED.,.F.,.F.,(9,7,7,7,9),(3.665060218284E-02,1.244097143608,
    2.149682049676,3.508059408779,4.866436767882),.UNSPECIFIED.);
#126 = CARTESIAN_POINT('',(6.28318530718,75.183565138433));
#127 = CARTESIAN_POINT('',(6.132254489501,74.990502668189));
#128 = CARTESIAN_POINT('',(5.981323671823,73.889217914584));
#129 = CARTESIAN_POINT('',(5.830392854146,71.88641361054));
#130 = CARTESIAN_POINT('',(5.679462036464,69.032924476429));
#131 = CARTESIAN_POINT('',(5.528531218791,65.423250236548));
#132 = CARTESIAN_POINT('',(5.377600401111,61.189651877619));
#133 = CARTESIAN_POINT('',(5.226669583433,56.49117066958));
#134 = CARTESIAN_POINT('',(4.962540652496,47.758421658786));
#135 = CARTESIAN_POINT('',(4.849342539237,43.851755547819));
#136 = CARTESIAN_POINT('',(4.736144425979,39.854107231664));
#137 = CARTESIAN_POINT('',(4.62294631272,35.843039402271));
#138 = CARTESIAN_POINT('',(4.509748199461,31.897602397237));
#139 = CARTESIAN_POINT('',(4.396550086204,28.095029688077));
#140 = CARTESIAN_POINT('',(4.283351972945,24.507552372616));
#141 = CARTESIAN_POINT('',(4.000356689798,16.238067261011));
#142 = CARTESIAN_POINT('',(3.83055951991,11.905663184993));
#143 = CARTESIAN_POINT('',(3.66076235004,8.420530387459));
#144 = CARTESIAN_POINT('',(3.490965180118,5.961937187189));
#145 = CARTESIAN_POINT('',(3.321168010261,4.650372369364));
#146 = CARTESIAN_POINT('',(3.151370840357,4.533246415548));
#147 = CARTESIAN_POINT('',(2.981573670471,5.583293411618));
#148 = CARTESIAN_POINT('',(2.641979330695,9.831116120942));
#149 = CARTESIAN_POINT('',(2.472182160814,13.028892177877));
#150 = CARTESIAN_POINT('',(2.302384990913,17.207218481402));
#151 = CARTESIAN_POINT('',(2.132587821051,22.206754798768));
#152 = CARTESIAN_POINT('',(1.962790651135,27.810647987193));
#153 = CARTESIAN_POINT('',(1.792993481261,33.763540732758));
#154 = CARTESIAN_POINT('',(1.623196311368,39.797272146548));
#155 = CARTESIAN_POINT('',(1.45339914148,45.654510915494));
#156 = ( GEOMETRIC_REPRESENTATION_CONTEXT(2) 
PARAMETRIC_REPRESENTATION_CONTEXT() REPRESENTATION_CONTEXT('2D SPACE',''
  ) );
#157 = ORIENTED_EDGE('',*,*,#158,.F.);
#158 = EDGE_CURVE('',#159,#103,#161,.T.);
#159 = VERTEX_POINT('',#160);
#160 = CARTESIAN_POINT('',(1.3E+03,-268.7205708045,378.));
#161 = SURFACE_CURVE('',#162,(#167,#174),.PCURVE_S1.);
#162 = ELLIPSE('',#163,37.61157630509,14.);
#163 = AXIS2_PLACEMENT_3D('',#164,#165,#166);
#164 = CARTESIAN_POINT('',(1.3E+03,-297.7777777777,389.33333333333));
#165 = DIRECTION('',(1.,0.,-0.));
#166 = DIRECTION('',(-0.,0.995183167582,-9.803296874689E-02));
#167 = PCURVE('',#50,#168);
#168 = DEFINITIONAL_REPRESENTATION('',(#169),#173);
#169 = ELLIPSE('',#170,37.61157630509,14.);
#170 = AXIS2_PLACEMENT_2D('',#171,#172);
#171 = CARTESIAN_POINT('',(11.333333333333,-52.22222222222));
#172 = DIRECTION('',(-9.803296874689E-02,-0.995183167582));
#173 = ( GEOMETRIC_REPRESENTATION_CONTEXT(2) 
PARAMETRIC_REPRESENTATION_CONTEXT() REPRESENTATION_CONTEXT('2D SPACE',''
  ) );
#174 = PCURVE('',#119,#175);
#175 = DEFINITIONAL_REPRESENTATION('',(#176),#186);
#176 = B_SPLINE_CURVE_WITH_KNOTS('',8,(#177,#178,#179,#180,#181,#182,
    #183,#184,#185),.UNSPECIFIED.,.F.,.F.,(9,9),(5.075767975361,
    6.319835909362),.PIECEWISE_BEZIER_KNOTS.);
#177 = CARTESIAN_POINT('',(1.244067934001,52.705945424907));
#178 = CARTESIAN_POINT('',(1.088559442251,57.780091186964));
#179 = CARTESIAN_POINT('',(0.933050950502,62.511314649295));
#180 = CARTESIAN_POINT('',(0.777542458747,66.712631472299));
#181 = CARTESIAN_POINT('',(0.622033967004,70.214756670059));
#182 = CARTESIAN_POINT('',(0.466525475246,72.880540684535));
#183 = CARTESIAN_POINT('',(0.311016983501,74.6172512708));
#184 = CARTESIAN_POINT('',(0.15550849175,75.382483119685));
#185 = CARTESIAN_POINT('',(0.,75.183565138433));
#186 = ( GEOMETRIC_REPRESENTATION_CONTEXT(2) 
PARAMETRIC_REPRESENTATION_CONTEXT() REPRESENTATION_CONTEXT('2D SPACE',''
  ) );
#187 = ORIENTED_EDGE('',*,*,#188,.F.);
#188 = EDGE_CURVE('',#189,#159,#191,.T.);
#189 = VERTEX_POINT('',#190);
#190 = CARTESIAN_POINT('',(1.3E+03,268.72057080465,378.));
#191 = SURFACE_CURVE('',#192,(#196,#203),.PCURVE_S1.);
#192 = LINE('',#193,#194);
#193 = CARTESIAN_POINT('',(1.3E+03,350.,378.));
#194 = VECTOR('',#195,1.);
#195 = DIRECTION('',(0.,-1.,0.));
#196 = PCURVE('',#50,#197);
#197 = DEFINITIONAL_REPRESENTATION('',(#198),#202);
#198 = LINE('',#199,#200);
#199 = CARTESIAN_POINT('',(0.,-700.));
#200 = VECTOR('',#201,1.);
#201 = DIRECTION('',(0.,1.));
#202 = ( GEOMETRIC_REPRESENTATION_CONTEXT(2) 
PARAMETRIC_REPRESENTATION_CONTEXT() REPRESENTATION_CONTEXT('2D SPACE',''
  ) );
#203 = PCURVE('',#90,#204);
#204 = DEFINITIONAL_REPRESENTATION('',(#205),#209);
#205 = LINE('',#206,#207);
#206 = CARTESIAN_POINT('',(0.,700.));
#207 = VECTOR('',#208,1.);
#208 = DIRECTION('',(0.,-1.));
#209 = ( GEOMETRIC_REPRESENTATION_CONTEXT(2) 
PARAMETRIC_REPRESENTATION_CONTEXT() REPRESENTATION_CONTEXT('2D SPACE',''
  ) );
#210 = ORIENTED_EDGE('',*,*,#211,.F.);
#211 = EDGE_CURVE('',#212,#189,#214,.T.);
#212 = VERTEX_POINT('',#213);
#213 = CARTESIAN_POINT('',(1.3E+03,335.23333900992,392.50750910505));
#214 = SURFACE_CURVE('',#215,(#220,#227),.PCURVE_S1.);
#215 = ELLIPSE('',#216,37.61157630509,14.);
#216 = AXIS2_PLACEMENT_3D('',#217,#218,#219);
#217 = CARTESIAN_POINT('',(1.3E+03,297.77777777777,389.33333333333));
#218 = DIRECTION('',(1.,0.,0.));
#219 = DIRECTION('',(0.,-0.995183167582,-9.803296874689E-02));
#220 = PCURVE('',#50,#221);
#221 = DEFINITIONAL_REPRESENTATION('',(#222),#226);
#222 = ELLIPSE('',#223,37.61157630509,14.);
#223 = AXIS2_PLACEMENT_2D('',#224,#225);
#224 = CARTESIAN_POINT('',(11.333333333333,-647.7777777777));
#225 = DIRECTION('',(-9.803296874689E-02,0.995183167582));
#226 = ( GEOMETRIC_REPRESENTATION_CONTEXT(2) 
PARAMETRIC_REPRESENTATION_CONTEXT() REPRESENTATION_CONTEXT('2D SPACE',''
  ) );
#227 = PCURVE('',#228,#233);
#228 = CYLINDRICAL_SURFACE('',#229,14.);
#229 = AXIS2_PLACEMENT_3D('',#230,#231,#232);
#230 = CARTESIAN_POINT('',(1.315E+03,335.,393.));
#231 = DIRECTION('',(-0.372225824476,-0.923671490366,-9.098853487188E-02
    ));
#232 = DIRECTION('',(-0.927518894335,0.373776270851,2.081668171172E-17)
  );
#233 = DEFINITIONAL_REPRESENTATION('',(#234),#265);
#234 = B_SPLINE_CURVE_WITH_KNOTS('',8,(#235,#236,#237,#238,#239,#240,
    #241,#242,#243,#244,#245,#246,#247,#248,#249,#250,#251,#252,#253,
    #254,#255,#256,#257,#258,#259,#260,#261,#262,#263,#264),
  .UNSPECIFIED.,.F.,.F.,(9,7,7,7,9),(3.104942051407,4.201357198303,
    5.023668558475,6.257135598733,7.490602638991),.UNSPECIFIED.);
#235 = CARTESIAN_POINT('',(6.28318530718,5.412669801046));
#236 = CARTESIAN_POINT('',(6.146133413818,5.237360493834));
#237 = CARTESIAN_POINT('',(6.009081520458,5.810921043372));
#238 = CARTESIAN_POINT('',(5.872029627084,7.138368808206));
#239 = CARTESIAN_POINT('',(5.734977733729,9.194715104721));
#240 = CARTESIAN_POINT('',(5.597925840353,11.924656387542));
#241 = CARTESIAN_POINT('',(5.460873947008,15.245296168498));
#242 = CARTESIAN_POINT('',(5.323822053646,19.051880068103));
#243 = CARTESIAN_POINT('',(5.083981240262,26.354779406127));
#244 = CARTESIAN_POINT('',(4.981192320241,29.69075051856));
#245 = CARTESIAN_POINT('',(4.878403400218,33.182488838019));
#246 = CARTESIAN_POINT('',(4.775614480198,36.774958569677));
#247 = CARTESIAN_POINT('',(4.672825560178,40.410178769417));
#248 = CARTESIAN_POINT('',(4.570036640155,44.029194684752));
#249 = CARTESIAN_POINT('',(4.467247720133,47.574102074947));
#250 = CARTESIAN_POINT('',(4.210275420079,56.113614114683));
#251 = CARTESIAN_POINT('',(4.05609204005,60.946840672761));
#252 = CARTESIAN_POINT('',(3.901908660007,65.303979921882));
#253 = CARTESIAN_POINT('',(3.74772527998,69.014164736727));
#254 = CARTESIAN_POINT('',(3.59354189994,71.935353578418));
#255 = CARTESIAN_POINT('',(3.439358519919,73.966674475581));
#256 = CARTESIAN_POINT('',(3.285175139886,75.054971459418));
#257 = CARTESIAN_POINT('',(2.976808379821,75.335358126494));
#258 = CARTESIAN_POINT('',(2.822624999785,74.527447820663));
#259 = CARTESIAN_POINT('',(2.668441619765,72.766356566251));
#260 = CARTESIAN_POINT('',(2.514258239706,70.095083820692));
#261 = CARTESIAN_POINT('',(2.360074859696,66.605116001185));
#262 = CARTESIAN_POINT('',(2.205891479657,62.430658779718));
#263 = CARTESIAN_POINT('',(2.051708099628,57.736853612602));
#264 = CARTESIAN_POINT('',(1.897524719595,52.705945425122));
#265 = ( GEOMETRIC_REPRESENTATION_CONTEXT(2) 
PARAMETRIC_REPRESENTATION_CONTEXT() REPRESENTATION_CONTEXT('2D SPACE',''
  ) );
#266 = ORIENTED_EDGE('',*,*,#267,.F.);
#267 = EDGE_CURVE('',#268,#212,#270,.T.);
#268 = VERTEX_POINT('',#269);
#269 = CARTESIAN_POINT('',(1.3E+03,313.86097625965,378.));
#270 = SURFACE_CURVE('',#271,(#276,#283),.PCURVE_S1.);
#271 = ELLIPSE('',#272,37.61157630509,14.);
#272 = AXIS2_PLACEMENT_3D('',#273,#274,#275);
#273 = CARTESIAN_POINT('',(1.3E+03,297.77777777777,389.33333333333));
#274 = DIRECTION('',(1.,0.,0.));
#275 = DIRECTION('',(0.,-0.995183167582,-9.803296874689E-02));
#276 = PCURVE('',#50,#277);
#277 = DEFINITIONAL_REPRESENTATION('',(#278),#282);
#278 = ELLIPSE('',#279,37.61157630509,14.);
#279 = AXIS2_PLACEMENT_2D('',#280,#281);
#280 = CARTESIAN_POINT('',(11.333333333333,-647.7777777777));
#281 = DIRECTION('',(-9.803296874689E-02,0.995183167582));
#282 = ( GEOMETRIC_REPRESENTATION_CONTEXT(2) 
PARAMETRIC_REPRESENTATION_CONTEXT() REPRESENTATION_CONTEXT('2D SPACE',''
  ) );
#283 = PCURVE('',#228,#284);
#284 = DEFINITIONAL_REPRESENTATION('',(#285),#300);
#285 = B_SPLINE_CURVE_WITH_KNOTS('',7,(#286,#287,#288,#289,#290,#291,
    #292,#293,#294,#295,#296,#297,#298,#299),.UNSPECIFIED.,.F.,.F.,(8,6,
    8),(1.416748539304,2.260845295356,3.104942051407),.UNSPECIFIED.);
#286 = CARTESIAN_POINT('',(1.688193512103,45.654510915268));
#287 = CARTESIAN_POINT('',(1.567608261238,41.494862042475));
#288 = CARTESIAN_POINT('',(1.447023010374,37.244345944987));
#289 = CARTESIAN_POINT('',(1.32643775951,33.001753575787));
#290 = CARTESIAN_POINT('',(1.205852508645,28.869115859892));
#291 = CARTESIAN_POINT('',(1.08526725778,24.94582793888));
#292 = CARTESIAN_POINT('',(0.964682006916,21.322418840426));
#293 = CARTESIAN_POINT('',(0.723511505187,14.829565110582));
#294 = CARTESIAN_POINT('',(0.602926254322,11.960120677682));
#295 = CARTESIAN_POINT('',(0.482341003458,9.544758823019));
#296 = CARTESIAN_POINT('',(0.361755752593,7.647161532115));
#297 = CARTESIAN_POINT('',(0.241170501729,6.312968409655));
#298 = CARTESIAN_POINT('',(0.120585250864,5.566915877262));
#299 = CARTESIAN_POINT('',(-4.440892098501E-15,5.412669801046));
#300 = ( GEOMETRIC_REPRESENTATION_CONTEXT(2) 
PARAMETRIC_REPRESENTATION_CONTEXT() REPRESENTATION_CONTEXT('2D SPACE',''
  ) );
#301 = ORIENTED_EDGE('',*,*,#302,.F.);
#302 = EDGE_CURVE('',#303,#268,#305,.T.);
#303 = VERTEX_POINT('',#304);
#304 = CARTESIAN_POINT('',(1.3E+03,350.,378.));
#305 = SURFACE_CURVE('',#306,(#310,#317),.PCURVE_S1.);
#306 = LINE('',#307,#308);
#307 = CARTESIAN_POINT('',(1.3E+03,350.,378.));
#308 = VECTOR('',#309,1.);
#309 = DIRECTION('',(0.,-1.,0.));
#310 = PCURVE('',#50,#311);
#311 = DEFINITIONAL_REPRESENTATION('',(#312),#316);
#312 = LINE('',#313,#314);
#313 = CARTESIAN_POINT('',(0.,-700.));
#314 = VECTOR('',#315,1.);
#315 = DIRECTION('',(0.,1.));
#316 = ( GEOMETRIC_REPRESENTATION_CONTEXT(2) 
PARAMETRIC_REPRESENTATION_CONTEXT() REPRESENTATION_CONTEXT('2D SPACE',''
  ) );
#317 = PCURVE('',#90,#318);
#318 = DEFINITIONAL_REPRESENTATION('',(#319),#323);
#319 = LINE('',#320,#321);
#320 = CARTESIAN_POINT('',(0.,700.));
#321 = VECTOR('',#322,1.);
#322 = DIRECTION('',(0.,-1.));
#323 = ( GEOMETRIC_REPRESENTATION_CONTEXT(2) 
PARAMETRIC_REPRESENTATION_CONTEXT() REPRESENTATION_CONTEXT('2D SPACE',''
  ) );
#324 = ORIENTED_EDGE('',*,*,#325,.T.);
#325 = EDGE_CURVE('',#303,#326,#328,.T.);
#326 = VERTEX_POINT('',#327);
#327 = CARTESIAN_POINT('',(1.3E+03,350.,408.));
#328 = SURFACE_CURVE('',#329,(#333,#340),.PCURVE_S1.);
#329 = LINE('',#330,#331);
#330 = CARTESIAN_POINT('',(1.3E+03,350.,378.));
#331 = VECTOR('',#332,1.);
#332 = DIRECTION('',(0.,0.,1.));
#333 = PCURVE('',#50,#334);
#334 = DEFINITIONAL_REPRESENTATION('',(#335),#339);
#335 = LINE('',#336,#337);
#336 = CARTESIAN_POINT('',(0.,-700.));
#337 = VECTOR('',#338,1.);
#338 = DIRECTION('',(1.,0.));
#339 = ( GEOMETRIC_REPRESENTATION_CONTEXT(2) 
PARAMETRIC_REPRESENTATION_CONTEXT() REPRESENTATION_CONTEXT('2D SPACE',''
  ) );
#340 = PCURVE('',#341,#346);
#341 = PLANE('',#342);
#342 = AXIS2_PLACEMENT_3D('',#343,#344,#345);
#343 = CARTESIAN_POINT('',(1.3E+03,350.,378.));
#344 = DIRECTION('',(-0.,1.,0.));
#345 = DIRECTION('',(0.,0.,1.));
#346 = DEFINITIONAL_REPRESENTATION('',(#347),#351);
#347 = LINE('',#348,#349);
#348 = CARTESIAN_POINT('',(0.,0.));
#349 = VECTOR('',#350,1.);
#350 = DIRECTION('',(1.,0.));
#351 = ( GEOMETRIC_REPRESENTATION_CONTEXT(2) 
PARAMETRIC_REPRESENTATION_CONTEXT() REPRESENTATION_CONTEXT('2D SPACE',''
  ) );
#352 = ORIENTED_EDGE('',*,*,#353,.F.);
#353 = EDGE_CURVE('',#42,#326,#354,.T.);
#354 = SURFACE_CURVE('',#355,(#359,#366),.PCURVE_S1.);
#355 = LINE('',#356,#357);
#356 = CARTESIAN_POINT('',(1.3E+03,-350.,408.));
#357 = VECTOR('',#358,1.);
#358 = DIRECTION('',(0.,1.,0.));
#359 = PCURVE('',#50,#360);
#360 = DEFINITIONAL_REPRESENTATION('',(#361),#365);
#361 = LINE('',#362,#363);
#362 = CARTESIAN_POINT('',(30.,0.));
#363 = VECTOR('',#364,1.);
#364 = DIRECTION('',(0.,-1.));
#365 = ( GEOMETRIC_REPRESENTATION_CONTEXT(2) 
PARAMETRIC_REPRESENTATION_CONTEXT() REPRESENTATION_CONTEXT('2D SPACE',''
  ) );
#366 = PCURVE('',#367,#372);
#367 = PLANE('',#368);
#368 = AXIS2_PLACEMENT_3D('',#369,#370,#371);
#369 = CARTESIAN_POINT('',(1.3E+03,-350.,408.));
#370 = DIRECTION('',(0.,0.,1.));
#371 = DIRECTION('',(1.,0.,-0.));
#372 = DEFINITIONAL_REPRESENTATION('',(#373),#377);
#373 = LINE('',#374,#375);
#374 = CARTESIAN_POINT('',(0.,0.));
#375 = VECTOR('',#376,1.);
#376 = DIRECTION('',(0.,1.));
#377 = ( GEOMETRIC_REPRESENTATION_CONTEXT(2) 
PARAMETRIC_REPRESENTATION_CONTEXT() REPRESENTATION_CONTEXT('2D SPACE',''
  ) );
#378 = ADVANCED_FACE('',(#379,#561,#878,#1213,#1248,#1565,#1600),#62,.F.
  );
#379 = FACE_BOUND('',#380,.F.);
#380 = EDGE_LOOP('',(#381,#404,#405,#428,#456,#479,#507,#535));
#381 = ORIENTED_EDGE('',*,*,#382,.F.);
#382 = EDGE_CURVE('',#40,#383,#385,.T.);
#383 = VERTEX_POINT('',#384);
#384 = CARTESIAN_POINT('',(1.875E+03,-350.,378.));
#385 = SURFACE_CURVE('',#386,(#390,#397),.PCURVE_S1.);
#386 = LINE('',#387,#388);
#387 = CARTESIAN_POINT('',(1.3E+03,-350.,378.));
#388 = VECTOR('',#389,1.);
#389 = DIRECTION('',(1.,0.,0.));
#390 = PCURVE('',#62,#391);
#391 = DEFINITIONAL_REPRESENTATION('',(#392),#396);
#392 = LINE('',#393,#394);
#393 = CARTESIAN_POINT('',(0.,0.));
#394 = VECTOR('',#395,1.);
#395 = DIRECTION('',(0.,1.));
#396 = ( GEOMETRIC_REPRESENTATION_CONTEXT(2) 
PARAMETRIC_REPRESENTATION_CONTEXT() REPRESENTATION_CONTEXT('2D SPACE',''
  ) );
#397 = PCURVE('',#90,#398);
#398 = DEFINITIONAL_REPRESENTATION('',(#399),#403);
#399 = LINE('',#400,#401);
#400 = CARTESIAN_POINT('',(0.,0.));
#401 = VECTOR('',#402,1.);
#402 = DIRECTION('',(1.,0.));
#403 = ( GEOMETRIC_REPRESENTATION_CONTEXT(2) 
PARAMETRIC_REPRESENTATION_CONTEXT() REPRESENTATION_CONTEXT('2D SPACE',''
  ) );
#404 = ORIENTED_EDGE('',*,*,#39,.T.);
#405 = ORIENTED_EDGE('',*,*,#406,.F.);
#406 = EDGE_CURVE('',#407,#42,#409,.T.);
#407 = VERTEX_POINT('',#408);
#408 = CARTESIAN_POINT('',(2.5E+03,-350.,408.));
#409 = SURFACE_CURVE('',#410,(#414,#421),.PCURVE_S1.);
#410 = LINE('',#411,#412);
#411 = CARTESIAN_POINT('',(2.5E+03,-350.,408.));
#412 = VECTOR('',#413,1.);
#413 = DIRECTION('',(-1.,0.,0.));
#414 = PCURVE('',#62,#415);
#415 = DEFINITIONAL_REPRESENTATION('',(#416),#420);
#416 = LINE('',#417,#418);
#417 = CARTESIAN_POINT('',(30.,1.2E+03));
#418 = VECTOR('',#419,1.);
#419 = DIRECTION('',(0.,-1.));
#420 = ( GEOMETRIC_REPRESENTATION_CONTEXT(2) 
PARAMETRIC_REPRESENTATION_CONTEXT() REPRESENTATION_CONTEXT('2D SPACE',''
  ) );
#421 = PCURVE('',#367,#422);
#422 = DEFINITIONAL_REPRESENTATION('',(#423),#427);
#423 = LINE('',#424,#425);
#424 = CARTESIAN_POINT('',(1.2E+03,0.));
#425 = VECTOR('',#426,1.);
#426 = DIRECTION('',(-1.,0.));
#427 = ( GEOMETRIC_REPRESENTATION_CONTEXT(2) 
PARAMETRIC_REPRESENTATION_CONTEXT() REPRESENTATION_CONTEXT('2D SPACE',''
  ) );
#428 = ORIENTED_EDGE('',*,*,#429,.F.);
#429 = EDGE_CURVE('',#430,#407,#432,.T.);
#430 = VERTEX_POINT('',#431);
#431 = CARTESIAN_POINT('',(2.5E+03,-350.,378.));
#432 = SURFACE_CURVE('',#433,(#437,#444),.PCURVE_S1.);
#433 = LINE('',#434,#435);
#434 = CARTESIAN_POINT('',(2.5E+03,-350.,378.));
#435 = VECTOR('',#436,1.);
#436 = DIRECTION('',(0.,0.,1.));
#437 = PCURVE('',#62,#438);
#438 = DEFINITIONAL_REPRESENTATION('',(#439),#443);
#439 = LINE('',#440,#441);
#440 = CARTESIAN_POINT('',(0.,1.2E+03));
#441 = VECTOR('',#442,1.);
#442 = DIRECTION('',(1.,0.));
#443 = ( GEOMETRIC_REPRESENTATION_CONTEXT(2) 
PARAMETRIC_REPRESENTATION_CONTEXT() REPRESENTATION_CONTEXT('2D SPACE',''
  ) );
#444 = PCURVE('',#445,#450);
#445 = PLANE('',#446);
#446 = AXIS2_PLACEMENT_3D('',#447,#448,#449);
#447 = CARTESIAN_POINT('',(2.5E+03,-350.,378.));
#448 = DIRECTION('',(1.,0.,-0.));
#449 = DIRECTION('',(0.,0.,1.));
#450 = DEFINITIONAL_REPRESENTATION('',(#451),#455);
#451 = LINE('',#452,#453);
#452 = CARTESIAN_POINT('',(0.,0.));
#453 = VECTOR('',#454,1.);
#454 = DIRECTION('',(1.,0.));
#455 = ( GEOMETRIC_REPRESENTATION_CONTEXT(2) 
PARAMETRIC_REPRESENTATION_CONTEXT() REPRESENTATION_CONTEXT('2D SPACE',''
  ) );
#456 = ORIENTED_EDGE('',*,*,#457,.F.);
#457 = EDGE_CURVE('',#458,#430,#460,.T.);
#458 = VERTEX_POINT('',#459);
#459 = CARTESIAN_POINT('',(1.965E+03,-350.,378.));
#460 = SURFACE_CURVE('',#461,(#465,#472),.PCURVE_S1.);
#461 = LINE('',#462,#463);
#462 = CARTESIAN_POINT('',(1.3E+03,-350.,378.));
#463 = VECTOR('',#464,1.);
#464 = DIRECTION('',(1.,0.,0.));
#465 = PCURVE('',#62,#466);
#466 = DEFINITIONAL_REPRESENTATION('',(#467),#471);
#467 = LINE('',#468,#469);
#468 = CARTESIAN_POINT('',(0.,0.));
#469 = VECTOR('',#470,1.);
#470 = DIRECTION('',(0.,1.));
#471 = ( GEOMETRIC_REPRESENTATION_CONTEXT(2) 
PARAMETRIC_REPRESENTATION_CONTEXT() REPRESENTATION_CONTEXT('2D SPACE',''
  ) );
#472 = PCURVE('',#90,#473);
#473 = DEFINITIONAL_REPRESENTATION('',(#474),#478);
#474 = LINE('',#475,#476);
#475 = CARTESIAN_POINT('',(0.,0.));
#476 = VECTOR('',#477,1.);
#477 = DIRECTION('',(1.,0.));
#478 = ( GEOMETRIC_REPRESENTATION_CONTEXT(2) 
PARAMETRIC_REPRESENTATION_CONTEXT() REPRESENTATION_CONTEXT('2D SPACE',''
  ) );
#479 = ORIENTED_EDGE('',*,*,#480,.F.);
#480 = EDGE_CURVE('',#481,#458,#483,.T.);
#481 = VERTEX_POINT('',#482);
#482 = CARTESIAN_POINT('',(1.965E+03,-350.,218.));
#483 = SURFACE_CURVE('',#484,(#488,#495),.PCURVE_S1.);
#484 = LINE('',#485,#486);
#485 = CARTESIAN_POINT('',(1.965E+03,-350.,218.));
#486 = VECTOR('',#487,1.);
#487 = DIRECTION('',(0.,0.,1.));
#488 = PCURVE('',#62,#489);
#489 = DEFINITIONAL_REPRESENTATION('',(#490),#494);
#490 = LINE('',#491,#492);
#491 = CARTESIAN_POINT('',(-160.,665.));
#492 = VECTOR('',#493,1.);
#493 = DIRECTION('',(1.,0.));
#494 = ( GEOMETRIC_REPRESENTATION_CONTEXT(2) 
PARAMETRIC_REPRESENTATION_CONTEXT() REPRESENTATION_CONTEXT('2D SPACE',''
  ) );
#495 = PCURVE('',#496,#501);
#496 = PLANE('',#497);
#497 = AXIS2_PLACEMENT_3D('',#498,#499,#500);
#498 = CARTESIAN_POINT('',(1.965E+03,-350.,218.));
#499 = DIRECTION('',(1.,0.,-0.));
#500 = DIRECTION('',(0.,0.,1.));
#501 = DEFINITIONAL_REPRESENTATION('',(#502),#506);
#502 = LINE('',#503,#504);
#503 = CARTESIAN_POINT('',(0.,0.));
#504 = VECTOR('',#505,1.);
#505 = DIRECTION('',(1.,0.));
#506 = ( GEOMETRIC_REPRESENTATION_CONTEXT(2) 
PARAMETRIC_REPRESENTATION_CONTEXT() REPRESENTATION_CONTEXT('2D SPACE',''
  ) );
#507 = ORIENTED_EDGE('',*,*,#508,.F.);
#508 = EDGE_CURVE('',#509,#481,#511,.T.);
#509 = VERTEX_POINT('',#510);
#510 = CARTESIAN_POINT('',(1.875E+03,-350.,218.));
#511 = SURFACE_CURVE('',#512,(#516,#523),.PCURVE_S1.);
#512 = LINE('',#513,#514);
#513 = CARTESIAN_POINT('',(1.875E+03,-350.,218.));
#514 = VECTOR('',#515,1.);
#515 = DIRECTION('',(1.,0.,-0.));
#516 = PCURVE('',#62,#517);
#517 = DEFINITIONAL_REPRESENTATION('',(#518),#522);
#518 = LINE('',#519,#520);
#519 = CARTESIAN_POINT('',(-160.,575.));
#520 = VECTOR('',#521,1.);
#521 = DIRECTION('',(0.,1.));
#522 = ( GEOMETRIC_REPRESENTATION_CONTEXT(2) 
PARAMETRIC_REPRESENTATION_CONTEXT() REPRESENTATION_CONTEXT('2D SPACE',''
  ) );
#523 = PCURVE('',#524,#529);
#524 = PLANE('',#525);
#525 = AXIS2_PLACEMENT_3D('',#526,#527,#528);
#526 = CARTESIAN_POINT('',(1.875E+03,-350.,218.));
#527 = DIRECTION('',(0.,0.,1.));
#528 = DIRECTION('',(1.,0.,-0.));
#529 = DEFINITIONAL_REPRESENTATION('',(#530),#534);
#530 = LINE('',#531,#532);
#531 = CARTESIAN_POINT('',(0.,0.));
#532 = VECTOR('',#533,1.);
#533 = DIRECTION('',(1.,0.));
#534 = ( GEOMETRIC_REPRESENTATION_CONTEXT(2) 
PARAMETRIC_REPRESENTATION_CONTEXT() REPRESENTATION_CONTEXT('2D SPACE',''
  ) );
#535 = ORIENTED_EDGE('',*,*,#536,.T.);
#536 = EDGE_CURVE('',#509,#383,#537,.T.);
#537 = SURFACE_CURVE('',#538,(#542,#549),.PCURVE_S1.);
#538 = LINE('',#539,#540);
#539 = CARTESIAN_POINT('',(1.875E+03,-350.,218.));
#540 = VECTOR('',#541,1.);
#541 = DIRECTION('',(0.,0.,1.));
#542 = PCURVE('',#62,#543);
#543 = DEFINITIONAL_REPRESENTATION('',(#544),#548);
#544 = LINE('',#545,#546);
#545 = CARTESIAN_POINT('',(-160.,575.));
#546 = VECTOR('',#547,1.);
#547 = DIRECTION('',(1.,0.));
#548 = ( GEOMETRIC_REPRESENTATION_CONTEXT(2) 
PARAMETRIC_REPRESENTATION_CONTEXT() REPRESENTATION_CONTEXT('2D SPACE',''
  ) );
#549 = PCURVE('',#550,#555);
#550 = PLANE('',#551);
#551 = AXIS2_PLACEMENT_3D('',#552,#553,#554);
#552 = CARTESIAN_POINT('',(1.875E+03,-350.,218.));
#553 = DIRECTION('',(1.,0.,-0.));
#554 = DIRECTION('',(0.,0.,1.));
#555 = DEFINITIONAL_REPRESENTATION('',(#556),#560);
#556 = LINE('',#557,#558);
#557 = CARTESIAN_POINT('',(0.,0.));
#558 = VECTOR('',#559,1.);
#559 = DIRECTION('',(1.,0.));
#560 = ( GEOMETRIC_REPRESENTATION_CONTEXT(2) 
PARAMETRIC_REPRESENTATION_CONTEXT() REPRESENTATION_CONTEXT('2D SPACE',''
  ) );
#561 = FACE_BOUND('',#562,.F.);
#562 = EDGE_LOOP('',(#563,#734));
#563 = ORIENTED_EDGE('',*,*,#564,.T.);
#564 = EDGE_CURVE('',#565,#567,#569,.T.);
#565 = VERTEX_POINT('',#566);
#566 = CARTESIAN_POINT('',(1.45E+03,-350.,382.60769515458));
#567 = VERTEX_POINT('',#568);
#568 = CARTESIAN_POINT('',(1.450000000003E+03,-350.,392.99999999672));
#569 = SURFACE_CURVE('',#570,(#621,#675),.PCURVE_S1.);
#570 = B_SPLINE_CURVE_WITH_KNOTS('',7,(#571,#572,#573,#574,#575,#576,
    #577,#578,#579,#580,#581,#582,#583,#584,#585,#586,#587,#588,#589,
    #590,#591,#592,#593,#594,#595,#596,#597,#598,#599,#600,#601,#602,
    #603,#604,#605,#606,#607,#608,#609,#610,#611,#612,#613,#614,#615,
    #616,#617,#618,#619,#620),.UNSPECIFIED.,.F.,.F.,(8,6,6,6,6,6,6,6,8),
  (0.,0.10572315132,0.155935373678,0.241479417509,0.419487733412,
    0.585861894154,0.770816986311,0.922728135215,1.),.UNSPECIFIED.);
#571 = CARTESIAN_POINT('',(1.45E+03,-350.,382.60769515458));
#572 = CARTESIAN_POINT('',(1.450189283897E+03,-350.,382.60769515458));
#573 = CARTESIAN_POINT('',(1.450378621225E+03,-350.,382.62378421169));
#574 = CARTESIAN_POINT('',(1.450566303108E+03,-350.,382.65597686219));
#575 = CARTESIAN_POINT('',(1.450750760845E+03,-350.,382.7039327855));
#576 = CARTESIAN_POINT('',(1.450930555664E+03,-350.,382.76705761858));
#577 = CARTESIAN_POINT('',(1.451104380344E+03,-350.,382.8445381759));
#578 = CARTESIAN_POINT('',(1.451350241705E+03,-350.,382.97842428945));
#579 = CARTESIAN_POINT('',(1.451427816237E+03,-350.,383.02454298531));
#580 = CARTESIAN_POINT('',(1.451503680257E+03,-350.,383.07356141279));
#581 = CARTESIAN_POINT('',(1.45157773054E+03,-350.,383.12536639618));
#582 = CARTESIAN_POINT('',(1.451649875942E+03,-350.,383.17983965594));
#583 = CARTESIAN_POINT('',(1.45172003663E+03,-350.,383.23685913096));
#584 = CARTESIAN_POINT('',(1.451904173289E+03,-350.,383.39756723955));
#585 = CARTESIAN_POINT('',(1.45201424358E+03,-350.,383.505864546));
#586 = CARTESIAN_POINT('',(1.452118014195E+03,-350.,383.62057808715));
#587 = CARTESIAN_POINT('',(1.452215249772E+03,-350.,383.74108665983));
#588 = CARTESIAN_POINT('',(1.452305801519E+03,-350.,383.86677908843));
#589 = CARTESIAN_POINT('',(1.452389593331E+03,-350.,383.99706655624));
#590 = CARTESIAN_POINT('',(1.452626880162E+03,-350.,384.41090373151));
#591 = CARTESIAN_POINT('',(1.452757739795E+03,-350.,384.70775524243));
#592 = CARTESIAN_POINT('',(1.45285927396E+03,-350.,385.01713864537));
#593 = CARTESIAN_POINT('',(1.452932517362E+03,-350.,385.33486243365));
#594 = CARTESIAN_POINT('',(1.452979079653E+03,-350.,385.6574578931));
#595 = CARTESIAN_POINT('',(1.453000909144E+03,-350.,385.98222321523));
#596 = CARTESIAN_POINT('',(1.452999107309E+03,-350.,386.61111395572));
#597 = CARTESIAN_POINT('',(1.452978354589E+03,-350.,386.9151278062));
#598 = CARTESIAN_POINT('',(1.45293934575E+03,-350.,387.21784809678));
#599 = CARTESIAN_POINT('',(1.452883716549E+03,-350.,387.51814232443));
#600 = CARTESIAN_POINT('',(1.452813072967E+03,-350.,387.8152157669));
#601 = CARTESIAN_POINT('',(1.452728934755E+03,-350.,388.10859668364));
#602 = CARTESIAN_POINT('',(1.452525637284E+03,-350.,388.71998043283));
#603 = CARTESIAN_POINT('',(1.452403651624E+03,-350.,389.0369697946));
#604 = CARTESIAN_POINT('',(1.452268595787E+03,-350.,389.34885454223));
#605 = CARTESIAN_POINT('',(1.452122218362E+03,-350.,389.65561150425));
#606 = CARTESIAN_POINT('',(1.451966126424E+03,-350.,389.95742224391));
#607 = CARTESIAN_POINT('',(1.451801773699E+03,-350.,390.25466291101));
#608 = CARTESIAN_POINT('',(1.451489709741E+03,-350.,390.78873090957));
#609 = CARTESIAN_POINT('',(1.451344293637E+03,-350.,391.02682652413));
#610 = CARTESIAN_POINT('',(1.451194910298E+03,-350.,391.26246732441));
#611 = CARTESIAN_POINT('',(1.451042240066E+03,-350.,391.49597100056));
#612 = CARTESIAN_POINT('',(1.450886924644E+03,-350.,391.72768411359));
#613 = CARTESIAN_POINT('',(1.45072957051E+03,-350.,391.9579828999));
#614 = CARTESIAN_POINT('',(1.450489967118E+03,-350.,392.30390644201));
#615 = CARTESIAN_POINT('',(1.450408805008E+03,-350.,392.42027542954));
#616 = CARTESIAN_POINT('',(1.450327342642E+03,-350.,392.53643291215));
#617 = CARTESIAN_POINT('',(1.450245655987E+03,-350.,392.6524311844));
#618 = CARTESIAN_POINT('',(1.450163820347E+03,-350.,392.76832296165));
#619 = CARTESIAN_POINT('',(1.45008191036E+03,-350.,392.88416138009));
#620 = CARTESIAN_POINT('',(1.450000000003E+03,-350.,392.99999999672));
#621 = PCURVE('',#62,#622);
#622 = DEFINITIONAL_REPRESENTATION('',(#623),#674);
#623 = B_SPLINE_CURVE_WITH_KNOTS('',7,(#624,#625,#626,#627,#628,#629,
    #630,#631,#632,#633,#634,#635,#636,#637,#638,#639,#640,#641,#642,
    #643,#644,#645,#646,#647,#648,#649,#650,#651,#652,#653,#654,#655,
    #656,#657,#658,#659,#660,#661,#662,#663,#664,#665,#666,#667,#668,
    #669,#670,#671,#672,#673),.UNSPECIFIED.,.F.,.F.,(8,6,6,6,6,6,6,6,8),
  (0.,0.10572315132,0.155935373678,0.241479417509,0.419487733412,
    0.585861894154,0.770816986311,0.922728135215,1.),.UNSPECIFIED.);
#624 = CARTESIAN_POINT('',(4.607695154587,150.));
#625 = CARTESIAN_POINT('',(4.607695154587,150.18928389744));
#626 = CARTESIAN_POINT('',(4.62378421169,150.3786212247));
#627 = CARTESIAN_POINT('',(4.655976862196,150.56630310763));
#628 = CARTESIAN_POINT('',(4.703932785501,150.75076084523));
#629 = CARTESIAN_POINT('',(4.767057618581,150.93055566392));
#630 = CARTESIAN_POINT('',(4.844538175906,151.10438034422));
#631 = CARTESIAN_POINT('',(4.978424289458,151.35024170528));
#632 = CARTESIAN_POINT('',(5.024542985319,151.42781623743));
#633 = CARTESIAN_POINT('',(5.073561412796,151.50368025652));
#634 = CARTESIAN_POINT('',(5.125366396186,151.57773054008));
#635 = CARTESIAN_POINT('',(5.179839655944,151.64987594167));
#636 = CARTESIAN_POINT('',(5.236859130964,151.7200366298));
#637 = CARTESIAN_POINT('',(5.397567239551,151.90417328888));
#638 = CARTESIAN_POINT('',(5.505864546001,152.01424358008));
#639 = CARTESIAN_POINT('',(5.620578087155,152.1180141953));
#640 = CARTESIAN_POINT('',(5.74108665983,152.2152497722));
#641 = CARTESIAN_POINT('',(5.86677908843,152.30580151948));
#642 = CARTESIAN_POINT('',(5.997066556246,152.3895933313));
#643 = CARTESIAN_POINT('',(6.410903731511,152.6268801616));
#644 = CARTESIAN_POINT('',(6.707755242439,152.75773979527));
#645 = CARTESIAN_POINT('',(7.017138645376,152.85927396018));
#646 = CARTESIAN_POINT('',(7.334862433656,152.93251736165));
#647 = CARTESIAN_POINT('',(7.657457893109,152.97907965276));
#648 = CARTESIAN_POINT('',(7.982223215237,153.00090914353));
#649 = CARTESIAN_POINT('',(8.611113955729,152.99910730888));
#650 = CARTESIAN_POINT('',(8.915127806206,152.97835458886));
#651 = CARTESIAN_POINT('',(9.21784809678,152.93934574957));
#652 = CARTESIAN_POINT('',(9.518142324435,152.88371654932));
#653 = CARTESIAN_POINT('',(9.815215766902,152.81307296685));
#654 = CARTESIAN_POINT('',(10.108596683649,152.72893475523));
#655 = CARTESIAN_POINT('',(10.71998043283,152.52563728399));
#656 = CARTESIAN_POINT('',(11.036969794602,152.40365162429));
#657 = CARTESIAN_POINT('',(11.348854542238,152.26859578719));
#658 = CARTESIAN_POINT('',(11.655611504259,152.12221836246));
#659 = CARTESIAN_POINT('',(11.957422243913,151.96612642443));
#660 = CARTESIAN_POINT('',(12.254662911011,151.80177369869));
#661 = CARTESIAN_POINT('',(12.788730909572,151.4897097408));
#662 = CARTESIAN_POINT('',(13.026826524136,151.34429363718));
#663 = CARTESIAN_POINT('',(13.262467324412,151.19491029796));
#664 = CARTESIAN_POINT('',(13.495971000562,151.04224006648));
#665 = CARTESIAN_POINT('',(13.727684113592,150.88692464392));
#666 = CARTESIAN_POINT('',(13.957982899904,150.72957050954));
#667 = CARTESIAN_POINT('',(14.303906442012,150.48996711782));
#668 = CARTESIAN_POINT('',(14.420275429542,150.4088050079));
#669 = CARTESIAN_POINT('',(14.536432912158,150.32734264209));
#670 = CARTESIAN_POINT('',(14.652431184407,150.24565598744));
#671 = CARTESIAN_POINT('',(14.768322961655,150.16382034711));
#672 = CARTESIAN_POINT('',(14.884161380091,150.08191036038));
#673 = CARTESIAN_POINT('',(14.999999996725,150.00000000262));
#674 = ( GEOMETRIC_REPRESENTATION_CONTEXT(2) 
PARAMETRIC_REPRESENTATION_CONTEXT() REPRESENTATION_CONTEXT('2D SPACE',''
  ) );
#675 = PCURVE('',#676,#681);
#676 = TOROIDAL_SURFACE('',#677,9.,3.);
#677 = AXIS2_PLACEMENT_3D('',#678,#679,#680);
#678 = CARTESIAN_POINT('',(1.45E+03,-356.,393.));
#679 = DIRECTION('',(1.,0.,2.22044604925E-16));
#680 = DIRECTION('',(2.22044604925E-16,0.,-1.));
#681 = DEFINITIONAL_REPRESENTATION('',(#682),#733);
#682 = B_SPLINE_CURVE_WITH_KNOTS('',7,(#683,#684,#685,#686,#687,#688,
    #689,#690,#691,#692,#693,#694,#695,#696,#697,#698,#699,#700,#701,
    #702,#703,#704,#705,#706,#707,#708,#709,#710,#711,#712,#713,#714,
    #715,#716,#717,#718,#719,#720,#721,#722,#723,#724,#725,#726,#727,
    #728,#729,#730,#731,#732),.UNSPECIFIED.,.F.,.F.,(8,6,6,6,6,6,6,6,8),
  (0.,0.10572315132,0.155935373678,0.241479417509,0.419487733412,
    0.585861894154,0.770816986311,0.922728135215,1.),.UNSPECIFIED.);
#683 = CARTESIAN_POINT('',(0.523598775598,0.));
#684 = CARTESIAN_POINT('',(0.523598775598,6.309463248083E-02));
#685 = CARTESIAN_POINT('',(0.524269154061,0.126206932124));
#686 = CARTESIAN_POINT('',(0.525610506878,0.189178331932));
#687 = CARTESIAN_POINT('',(0.527618504778,0.251895230978));
#688 = CARTESIAN_POINT('',(0.530287916029,0.314260795383));
#689 = CARTESIAN_POINT('',(0.533612266771,0.376174037411));
#690 = CARTESIAN_POINT('',(0.539463167838,0.466650046408));
#691 = CARTESIAN_POINT('',(0.54149247484,0.495660351007));
#692 = CARTESIAN_POINT('',(0.543666045357,0.524537710815));
#693 = CARTESIAN_POINT('',(0.545982847342,0.553274078242));
#694 = CARTESIAN_POINT('',(0.548441824576,0.581862412612));
#695 = CARTESIAN_POINT('',(0.551041889906,0.61029635898));
#696 = CARTESIAN_POINT('',(0.55844996771,0.686738186064));
#697 = CARTESIAN_POINT('',(0.56352432297,0.734441749284));
#698 = CARTESIAN_POINT('',(0.56899950052,0.781652215543));
#699 = CARTESIAN_POINT('',(0.574870349479,0.828351257062));
#700 = CARTESIAN_POINT('',(0.581132001387,0.874526287716));
#701 = CARTESIAN_POINT('',(0.587779805712,0.920168384209));
#702 = CARTESIAN_POINT('',(0.609436801204,1.059129381308));
#703 = CARTESIAN_POINT('',(0.625709623832,1.150609710797));
#704 = CARTESIAN_POINT('',(0.643597821449,1.239758809084));
#705 = CARTESIAN_POINT('',(0.663079868762,1.326647327838));
#706 = CARTESIAN_POINT('',(0.684134229895,1.411348664531));
#707 = CARTESIAN_POINT('',(0.706735920337,1.493962840748));
#708 = CARTESIAN_POINT('',(0.753440150483,1.650052438522));
#709 = CARTESIAN_POINT('',(0.777342623594,1.723754189958));
#710 = CARTESIAN_POINT('',(0.802579579463,1.795886575161));
#711 = CARTESIAN_POINT('',(0.829139159164,1.866557977867));
#712 = CARTESIAN_POINT('',(0.857000113488,1.935868922344));
#713 = CARTESIAN_POINT('',(0.886134649272,2.00392701075));
#714 = CARTESIAN_POINT('',(0.950291286214,2.145259557603));
#715 = CARTESIAN_POINT('',(0.985596599503,2.218243801303));
#716 = CARTESIAN_POINT('',(1.022392879514,2.289976766116));
#717 = CARTESIAN_POINT('',(1.060614860045,2.360593453119));
#718 = CARTESIAN_POINT('',(1.100170951377,2.430218071245));
#719 = CARTESIAN_POINT('',(1.140948592333,2.498979069457));
#720 = CARTESIAN_POINT('',(1.217220704587,2.6228991041));
#721 = CARTESIAN_POINT('',(1.252351985301,2.678284863334));
#722 = CARTESIAN_POINT('',(1.288148578481,2.733247297853));
#723 = CARTESIAN_POINT('',(1.324525663288,2.787853151262));
#724 = CARTESIAN_POINT('',(1.361388200705,2.842166216037));
#725 = CARTESIAN_POINT('',(1.398634775277,2.896250779117));
#726 = CARTESIAN_POINT('',(1.45524993127,2.977604458619));
#727 = CARTESIAN_POINT('',(1.47441053452,3.004991765452));
#728 = CARTESIAN_POINT('',(1.49362918923,3.032345471808));
#729 = CARTESIAN_POINT('',(1.512891642346,3.059674023901));
#730 = CARTESIAN_POINT('',(1.532183445124,3.086985830344));
#731 = CARTESIAN_POINT('',(1.551489953132,3.114289262147));
#732 = CARTESIAN_POINT('',(1.570796326249,3.141592652715));
#733 = ( GEOMETRIC_REPRESENTATION_CONTEXT(2) 
PARAMETRIC_REPRESENTATION_CONTEXT() REPRESENTATION_CONTEXT('2D SPACE',''
  ) );
#734 = ORIENTED_EDGE('',*,*,#735,.T.);
#735 = EDGE_CURVE('',#567,#565,#736,.T.);
#736 = SURFACE_CURVE('',#737,(#782,#830),.PCURVE_S1.);
#737 = B_SPLINE_CURVE_WITH_KNOTS('',7,(#738,#739,#740,#741,#742,#743,
    #744,#745,#746,#747,#748,#749,#750,#751,#752,#753,#754,#755,#756,
    #757,#758,#759,#760,#761,#762,#763,#764,#765,#766,#767,#768,#769,
    #770,#771,#772,#773,#774,#775,#776,#777,#778,#779,#780,#781),
  .UNSPECIFIED.,.F.,.F.,(8,6,6,6,6,6,6,8),(0.,0.101555725802,
    0.293448355768,0.502442338889,0.660539049377,0.793437550703,
    0.862790273829,1.),.UNSPECIFIED.);
#738 = CARTESIAN_POINT('',(1.450000000003E+03,-350.,392.99999999672));
#739 = CARTESIAN_POINT('',(1.449892347359E+03,-350.,392.84775618297));
#740 = CARTESIAN_POINT('',(1.44978469548E+03,-350.,392.69551342517));
#741 = CARTESIAN_POINT('',(1.449677212361E+03,-350.,392.54314912154));
#742 = CARTESIAN_POINT('',(1.449570067516E+03,-350.,392.39054276128));
#743 = CARTESIAN_POINT('',(1.449463432619E+03,-350.,392.23757566957));
#744 = CARTESIAN_POINT('',(1.449357482149E+03,-350.,392.08413075256));
#745 = CARTESIAN_POINT('',(1.449053826855E+03,-350.,391.63903179655));
#746 = CARTESIAN_POINT('',(1.448858364271E+03,-350.,391.34588918188));
#747 = CARTESIAN_POINT('',(1.448667174308E+03,-350.,391.04984149361));
#748 = CARTESIAN_POINT('',(1.44848153693E+03,-350.,390.75016919346));
#749 = CARTESIAN_POINT('',(1.448302846242E+03,-350.,390.4462582631));
#750 = CARTESIAN_POINT('',(1.448132617628E+03,-350.,390.13760036028));
#751 = CARTESIAN_POINT('',(1.447798112471E+03,-350.,389.48201509616));
#752 = CARTESIAN_POINT('',(1.447635789503E+03,-350.,389.13426742764));
#753 = CARTESIAN_POINT('',(1.447487606116E+03,-350.,388.77995484674));
#754 = CARTESIAN_POINT('',(1.44735599638E+03,-350.,388.41892973574));
#755 = CARTESIAN_POINT('',(1.44724370407E+03,-350.,388.05151765981));
#756 = CARTESIAN_POINT('',(1.447153647797E+03,-350.,387.67857025915));
#757 = CARTESIAN_POINT('',(1.447040023575E+03,-350.,387.01621501906));
#758 = CARTESIAN_POINT('',(1.447005624565E+03,-350.,386.72869704962));
#759 = CARTESIAN_POINT('',(1.446987101581E+03,-350.,386.4395588163));
#760 = CARTESIAN_POINT('',(1.446985887287E+03,-350.,386.14981585099));
#761 = CARTESIAN_POINT('',(1.447003407113E+03,-350.,385.86086441289));
#762 = CARTESIAN_POINT('',(1.447040989272E+03,-350.,385.57448539738));
#763 = CARTESIAN_POINT('',(1.447149209115E+03,-350.,385.05610108842));
#764 = CARTESIAN_POINT('',(1.447213615181E+03,-350.,384.82274303426));
#765 = CARTESIAN_POINT('',(1.44729366606E+03,-350.,384.59413008897));
#766 = CARTESIAN_POINT('',(1.447389885999E+03,-350.,384.37189345828));
#767 = CARTESIAN_POINT('',(1.447502583941E+03,-350.,384.15791308605));
#768 = CARTESIAN_POINT('',(1.447631755004E+03,-350.,383.95427240033));
#769 = CARTESIAN_POINT('',(1.447852734638E+03,-350.,383.66348175165));
#770 = CARTESIAN_POINT('',(1.447932871184E+03,-350.,383.56719592096));
#771 = CARTESIAN_POINT('',(1.448017299845E+03,-350.,383.47465935984));
#772 = CARTESIAN_POINT('',(1.448105918552E+03,-350.,383.38620108443));
#773 = CARTESIAN_POINT('',(1.448198588114E+03,-350.,383.30215180248));
#774 = CARTESIAN_POINT('',(1.448295127486E+03,-350.,383.22283845677));
#775 = CARTESIAN_POINT('',(1.448593511572E+03,-350.,383.00166093978));
#776 = CARTESIAN_POINT('',(1.448806171385E+03,-350.,382.87437448711));
#777 = CARTESIAN_POINT('',(1.449031288734E+03,-350.,382.76945649919));
#778 = CARTESIAN_POINT('',(1.449266373523E+03,-350.,382.68906101906));
#779 = CARTESIAN_POINT('',(1.449508505578E+03,-350.,382.63479631977));
#780 = CARTESIAN_POINT('',(1.449754334818E+03,-350.,382.60769515458));
#781 = CARTESIAN_POINT('',(1.45E+03,-350.,382.60769515458));
#782 = PCURVE('',#62,#783);
#783 = DEFINITIONAL_REPRESENTATION('',(#784),#829);
#784 = B_SPLINE_CURVE_WITH_KNOTS('',7,(#785,#786,#787,#788,#789,#790,
    #791,#792,#793,#794,#795,#796,#797,#798,#799,#800,#801,#802,#803,
    #804,#805,#806,#807,#808,#809,#810,#811,#812,#813,#814,#815,#816,
    #817,#818,#819,#820,#821,#822,#823,#824,#825,#826,#827,#828),
  .UNSPECIFIED.,.F.,.F.,(8,6,6,6,6,6,6,8),(0.,0.101555725802,
    0.293448355768,0.502442338889,0.660539049377,0.793437550703,
    0.862790273829,1.),.UNSPECIFIED.);
#785 = CARTESIAN_POINT('',(14.999999996725,150.00000000262));
#786 = CARTESIAN_POINT('',(14.847756182974,149.89234735908));
#787 = CARTESIAN_POINT('',(14.695513425173,149.78469547953));
#788 = CARTESIAN_POINT('',(14.543149121543,149.67721236076));
#789 = CARTESIAN_POINT('',(14.390542761283,149.57006751589));
#790 = CARTESIAN_POINT('',(14.237575669573,149.46343261896));
#791 = CARTESIAN_POINT('',(14.084130752569,149.35748214947));
#792 = CARTESIAN_POINT('',(13.639031796552,149.05382685506));
#793 = CARTESIAN_POINT('',(13.345889181885,148.8583642714));
#794 = CARTESIAN_POINT('',(13.049841493616,148.66717430786));
#795 = CARTESIAN_POINT('',(12.750169193469,148.48153693016));
#796 = CARTESIAN_POINT('',(12.446258263105,148.30284624183));
#797 = CARTESIAN_POINT('',(12.137600360288,148.13261762791));
#798 = CARTESIAN_POINT('',(11.482015096162,147.79811247066));
#799 = CARTESIAN_POINT('',(11.134267427642,147.63578950326));
#800 = CARTESIAN_POINT('',(10.779954846747,147.48760611551));
#801 = CARTESIAN_POINT('',(10.418929735742,147.35599637957));
#802 = CARTESIAN_POINT('',(10.051517659818,147.24370406982));
#803 = CARTESIAN_POINT('',(9.678570259154,147.15364779711));
#804 = CARTESIAN_POINT('',(9.016215019063,147.04002357454));
#805 = CARTESIAN_POINT('',(8.728697049624,147.00562456469));
#806 = CARTESIAN_POINT('',(8.439558816303,146.98710158124));
#807 = CARTESIAN_POINT('',(8.149815850995,146.98588728723));
#808 = CARTESIAN_POINT('',(7.86086441289,147.00340711284));
#809 = CARTESIAN_POINT('',(7.574485397388,147.04098927208));
#810 = CARTESIAN_POINT('',(7.056101088422,147.14920911486));
#811 = CARTESIAN_POINT('',(6.822743034263,147.21361518065));
#812 = CARTESIAN_POINT('',(6.594130088977,147.29366605951));
#813 = CARTESIAN_POINT('',(6.371893458281,147.38988599864));
#814 = CARTESIAN_POINT('',(6.15791308605,147.50258394101));
#815 = CARTESIAN_POINT('',(5.954272400337,147.63175500402));
#816 = CARTESIAN_POINT('',(5.663481751654,147.85273463794));
#817 = CARTESIAN_POINT('',(5.567195920961,147.93287118436));
#818 = CARTESIAN_POINT('',(5.474659359845,148.01729984456));
#819 = CARTESIAN_POINT('',(5.386201084433,148.1059185519));
#820 = CARTESIAN_POINT('',(5.302151802484,148.1985881137));
#821 = CARTESIAN_POINT('',(5.222838456777,148.295127486));
#822 = CARTESIAN_POINT('',(5.001660939784,148.59351157197));
#823 = CARTESIAN_POINT('',(4.874374487111,148.80617138454));
#824 = CARTESIAN_POINT('',(4.769456499192,149.03128873448));
#825 = CARTESIAN_POINT('',(4.689061019069,149.26637352349));
#826 = CARTESIAN_POINT('',(4.634796319771,149.50850557796));
#827 = CARTESIAN_POINT('',(4.607695154587,149.75433481849));
#828 = CARTESIAN_POINT('',(4.607695154587,150.));
#829 = ( GEOMETRIC_REPRESENTATION_CONTEXT(2) 
PARAMETRIC_REPRESENTATION_CONTEXT() REPRESENTATION_CONTEXT('2D SPACE',''
  ) );
#830 = PCURVE('',#676,#831);
#831 = DEFINITIONAL_REPRESENTATION('',(#832),#877);
#832 = B_SPLINE_CURVE_WITH_KNOTS('',7,(#833,#834,#835,#836,#837,#838,
    #839,#840,#841,#842,#843,#844,#845,#846,#847,#848,#849,#850,#851,
    #852,#853,#854,#855,#856,#857,#858,#859,#860,#861,#862,#863,#864,
    #865,#866,#867,#868,#869,#870,#871,#872,#873,#874,#875,#876),
  .UNSPECIFIED.,.F.,.F.,(8,6,6,6,6,6,6,8),(0.,0.101555725802,
    0.293448355768,0.502442338889,0.660539049377,0.793437550703,
    0.862790273829,1.),.UNSPECIFIED.);
#833 = CARTESIAN_POINT('',(1.570796326249,3.141592652715));
#834 = CARTESIAN_POINT('',(1.545422359438,3.177476868332));
#835 = CARTESIAN_POINT('',(1.520048560732,3.213360825591));
#836 = CARTESIAN_POINT('',(1.494707879678,3.249264003711));
#837 = CARTESIAN_POINT('',(1.469433589328,3.285205368547));
#838 = CARTESIAN_POINT('',(1.444258642053,3.321203766463));
#839 = CARTESIAN_POINT('',(1.419215025356,3.357278318197));
#840 = CARTESIAN_POINT('',(1.347317997019,3.46179406127));
#841 = CARTESIAN_POINT('',(1.300886306262,3.530473153551));
#842 = CARTESIAN_POINT('',(1.255235555612,3.599629430407));
#843 = CARTESIAN_POINT('',(1.210558932932,3.669394801606));
#844 = CARTESIAN_POINT('',(1.16702844275,3.73989742024));
#845 = CARTESIAN_POINT('',(1.124784381115,3.81127409862));
#846 = CARTESIAN_POINT('',(1.039437096349,3.96255426748));
#847 = CARTESIAN_POINT('',(0.996610959106,4.042618734566));
#848 = CARTESIAN_POINT('',(0.955575075684,4.124107967985));
#849 = CARTESIAN_POINT('',(0.916444519635,4.207215353408));
#850 = CARTESIAN_POINT('',(0.879305353608,4.292128236161));
#851 = CARTESIAN_POINT('',(0.844205977939,4.379047093305));
#852 = CARTESIAN_POINT('',(0.786166744993,4.535738363571));
#853 = CARTESIAN_POINT('',(0.762357433054,4.604504198576));
#854 = CARTESIAN_POINT('',(0.739743246729,4.67466559017));
#855 = CARTESIAN_POINT('',(0.718338620203,4.746314298205));
#856 = CARTESIAN_POINT('',(0.698156198649,4.819532212807));
#857 = CARTESIAN_POINT('',(0.679204581749,4.894403830912));
#858 = CARTESIAN_POINT('',(0.64660185555,5.035443374621));
#859 = CARTESIAN_POINT('',(0.632589769713,5.101085931728));
#860 = CARTESIAN_POINT('',(0.619463802783,5.167999493083));
#861 = CARTESIAN_POINT('',(0.607235821904,5.236205608854));
#862 = CARTESIAN_POINT('',(0.595918769219,5.305715294335));
#863 = CARTESIAN_POINT('',(0.585526607441,5.376526158096));
#864 = CARTESIAN_POINT('',(0.571145099839,5.486222279987));
#865 = CARTESIAN_POINT('',(0.566470486703,5.524181102999));
#866 = CARTESIAN_POINT('',(0.56205546555,5.562475947058));
#867 = CARTESIAN_POINT('',(0.557902775389,5.601098006928));
#868 = CARTESIAN_POINT('',(0.554015189528,5.640036225316));
#869 = CARTESIAN_POINT('',(0.550395541685,5.679276266383));
#870 = CARTESIAN_POINT('',(0.540421395785,5.796993543432));
#871 = CARTESIAN_POINT('',(0.534849506989,5.8763753143));
#872 = CARTESIAN_POINT('',(0.530366817492,5.956689507282));
#873 = CARTESIAN_POINT('',(0.526988962159,6.037745930111));
#874 = CARTESIAN_POINT('',(0.524728003257,6.119353900648));
#875 = CARTESIAN_POINT('',(0.523598775598,6.201296913343));
#876 = CARTESIAN_POINT('',(0.523598775598,6.28318530718));
#877 = ( GEOMETRIC_REPRESENTATION_CONTEXT(2) 
PARAMETRIC_REPRESENTATION_CONTEXT() REPRESENTATION_CONTEXT('2D SPACE',''
  ) );
#878 = FACE_BOUND('',#879,.F.);
#879 = EDGE_LOOP('',(#880,#1051));
#880 = ORIENTED_EDGE('',*,*,#881,.T.);
#881 = EDGE_CURVE('',#882,#884,#886,.T.);
#882 = VERTEX_POINT('',#883);
#883 = CARTESIAN_POINT('',(1.45E+03,-350.,403.39230484541));
#884 = VERTEX_POINT('',#885);
#885 = CARTESIAN_POINT('',(1.450000000003E+03,-350.,392.99999999672));
#886 = SURFACE_CURVE('',#887,(#938,#992),.PCURVE_S1.);
#887 = B_SPLINE_CURVE_WITH_KNOTS('',7,(#888,#889,#890,#891,#892,#893,
    #894,#895,#896,#897,#898,#899,#900,#901,#902,#903,#904,#905,#906,
    #907,#908,#909,#910,#911,#912,#913,#914,#915,#916,#917,#918,#919,
    #920,#921,#922,#923,#924,#925,#926,#927,#928,#929,#930,#931,#932,
    #933,#934,#935,#936,#937),.UNSPECIFIED.,.F.,.F.,(8,6,6,6,6,6,6,6,8),
  (0.,0.106155075048,0.156384708486,0.241971984318,0.420122277889,
    0.584458061223,0.769444845283,0.921399420187,1.),.UNSPECIFIED.);
#888 = CARTESIAN_POINT('',(1.45E+03,-350.,403.39230484541));
#889 = CARTESIAN_POINT('',(1.449809943013E+03,-350.,403.39230484541));
#890 = CARTESIAN_POINT('',(1.449619831588E+03,-350.,403.37608408749));
#891 = CARTESIAN_POINT('',(1.449431396421E+03,-350.,403.34362771918));
#892 = CARTESIAN_POINT('',(1.449246225133E+03,-350.,403.29528187483));
#893 = CARTESIAN_POINT('',(1.449065772896E+03,-350.,403.23165050666));
#894 = CARTESIAN_POINT('',(1.448891360825E+03,-350.,403.15355934747));
#895 = CARTESIAN_POINT('',(1.448645048373E+03,-350.,403.01880483265));
#896 = CARTESIAN_POINT('',(1.448567535097E+03,-350.,402.97251867983));
#897 = CARTESIAN_POINT('',(1.448491738101E+03,-350.,402.92333565746));
#898 = CARTESIAN_POINT('',(1.448417760303E+03,-350.,402.87136925947));
#899 = CARTESIAN_POINT('',(1.448345692529E+03,-350.,402.81673803949));
#900 = CARTESIAN_POINT('',(1.448275614273E+03,-350.,402.75956428762));
#901 = CARTESIAN_POINT('',(1.448091694154E+03,-350.,402.59843342293));
#902 = CARTESIAN_POINT('',(1.447981768382E+03,-350.,402.48987279236));
#903 = CARTESIAN_POINT('',(1.447878155561E+03,-350.,402.37490611994));
#904 = CARTESIAN_POINT('',(1.447781089447E+03,-350.,402.25415544199));
#905 = CARTESIAN_POINT('',(1.447690717236E+03,-350.,402.12823246828));
#906 = CARTESIAN_POINT('',(1.447607113491E+03,-350.,401.99772627086));
#907 = CARTESIAN_POINT('',(1.447370381186E+03,-350.,401.5831697826));
#908 = CARTESIAN_POINT('',(1.447239928847E+03,-350.,401.28584755942));
#909 = CARTESIAN_POINT('',(1.447138836687E+03,-350.,400.97603843714));
#910 = CARTESIAN_POINT('',(1.447066058964E+03,-350.,400.65793400483));
#911 = CARTESIAN_POINT('',(1.447019976376E+03,-350.,400.3350009292));
#912 = CARTESIAN_POINT('',(1.446998632998E+03,-350.,400.00993707888));
#913 = CARTESIAN_POINT('',(1.447001359984E+03,-350.,399.38449899934));
#914 = CARTESIAN_POINT('',(1.447022036404E+03,-350.,399.08423432526));
#915 = CARTESIAN_POINT('',(1.44706051361E+03,-350.,398.78523676576));
#916 = CARTESIAN_POINT('',(1.447115215423E+03,-350.,398.48859713804));
#917 = CARTESIAN_POINT('',(1.447184594141E+03,-350.,398.19508415299));
#918 = CARTESIAN_POINT('',(1.447267183856E+03,-350.,397.90515832072));
#919 = CARTESIAN_POINT('',(1.447468028683E+03,-350.,397.29685251043));
#920 = CARTESIAN_POINT('',(1.447589426722E+03,-350.,396.97957799859));
#921 = CARTESIAN_POINT('',(1.447723966977E+03,-350.,396.66740703385));
#922 = CARTESIAN_POINT('',(1.447869895024E+03,-350.,396.36037046811));
#923 = CARTESIAN_POINT('',(1.448025598197E+03,-350.,396.05829258966));
#924 = CARTESIAN_POINT('',(1.448189617746E+03,-350.,395.76080141999));
#925 = CARTESIAN_POINT('',(1.448501184939E+03,-350.,395.22628470926));
#926 = CARTESIAN_POINT('',(1.448646421677E+03,-350.,394.98798544182));
#927 = CARTESIAN_POINT('',(1.448795658928E+03,-350.,394.75215633267));
#928 = CARTESIAN_POINT('',(1.448948214116E+03,-350.,394.51848079717));
#929 = CARTESIAN_POINT('',(1.449103443654E+03,-350.,394.28661301097));
#930 = CARTESIAN_POINT('',(1.449260739541E+03,-350.,394.05617712745));
#931 = CARTESIAN_POINT('',(1.449501660425E+03,-350.,393.70810071147));
#932 = CARTESIAN_POINT('',(1.449584191686E+03,-350.,393.58971203218));
#933 = CARTESIAN_POINT('',(1.44966703903E+03,-350.,393.47154590939));
#934 = CARTESIAN_POINT('',(1.449750122454E+03,-350.,393.35354733726));
#935 = CARTESIAN_POINT('',(1.449833362676E+03,-350.,393.23566085197));
#936 = CARTESIAN_POINT('',(1.449916681138E+03,-350.,393.11783053171));
#937 = CARTESIAN_POINT('',(1.450000000003E+03,-350.,392.99999999672));
#938 = PCURVE('',#62,#939);
#939 = DEFINITIONAL_REPRESENTATION('',(#940),#991);
#940 = B_SPLINE_CURVE_WITH_KNOTS('',7,(#941,#942,#943,#944,#945,#946,
    #947,#948,#949,#950,#951,#952,#953,#954,#955,#956,#957,#958,#959,
    #960,#961,#962,#963,#964,#965,#966,#967,#968,#969,#970,#971,#972,
    #973,#974,#975,#976,#977,#978,#979,#980,#981,#982,#983,#984,#985,
    #986,#987,#988,#989,#990),.UNSPECIFIED.,.F.,.F.,(8,6,6,6,6,6,6,6,8),
  (0.,0.106155075048,0.156384708486,0.241971984318,0.420122277889,
    0.584458061223,0.769444845283,0.921399420187,1.),.UNSPECIFIED.);
#941 = CARTESIAN_POINT('',(25.392304845413,150.));
#942 = CARTESIAN_POINT('',(25.392304845413,149.80994301287));
#943 = CARTESIAN_POINT('',(25.376084087493,149.61983158798));
#944 = CARTESIAN_POINT('',(25.343627719187,149.43139642105));
#945 = CARTESIAN_POINT('',(25.295281874835,149.24622513293));
#946 = CARTESIAN_POINT('',(25.231650506668,149.06577289556));
#947 = CARTESIAN_POINT('',(25.153559347478,148.89136082548));
#948 = CARTESIAN_POINT('',(25.018804832656,148.64504837272));
#949 = CARTESIAN_POINT('',(24.972518679837,148.56753509748));
#950 = CARTESIAN_POINT('',(24.923335657462,148.49173810096));
#951 = CARTESIAN_POINT('',(24.871369259474,148.41776030337));
#952 = CARTESIAN_POINT('',(24.816738039495,148.34569252913));
#953 = CARTESIAN_POINT('',(24.759564287623,148.27561427275));
#954 = CARTESIAN_POINT('',(24.598433422939,148.09169415436));
#955 = CARTESIAN_POINT('',(24.489872792364,147.98176838207));
#956 = CARTESIAN_POINT('',(24.374906119942,147.87815556147));
#957 = CARTESIAN_POINT('',(24.25415544199,147.78108944667));
#958 = CARTESIAN_POINT('',(24.128232468289,147.69071723553));
#959 = CARTESIAN_POINT('',(23.997726270867,147.60711349053));
#960 = CARTESIAN_POINT('',(23.583169782605,147.37038118588));
#961 = CARTESIAN_POINT('',(23.285847559422,147.23992884673));
#962 = CARTESIAN_POINT('',(22.97603843714,147.13883668683));
#963 = CARTESIAN_POINT('',(22.65793400483,147.06605896419));
#964 = CARTESIAN_POINT('',(22.335000929208,147.01997637557));
#965 = CARTESIAN_POINT('',(22.009937078888,146.99863299777));
#966 = CARTESIAN_POINT('',(21.384498999348,147.00135998423));
#967 = CARTESIAN_POINT('',(21.084234325269,147.02203640418));
#968 = CARTESIAN_POINT('',(20.785236765763,147.06051361025));
#969 = CARTESIAN_POINT('',(20.488597138047,147.11521542318));
#970 = CARTESIAN_POINT('',(20.195084152999,147.18459414122));
#971 = CARTESIAN_POINT('',(19.905158320725,147.26718385647));
#972 = CARTESIAN_POINT('',(19.296852510435,147.46802868256));
#973 = CARTESIAN_POINT('',(18.979577998599,147.58942672185));
#974 = CARTESIAN_POINT('',(18.667407033854,147.7239669774));
#975 = CARTESIAN_POINT('',(18.360370468116,147.86989502355));
#976 = CARTESIAN_POINT('',(18.05829258966,148.02559819651));
#977 = CARTESIAN_POINT('',(17.760801419996,148.18961774629));
#978 = CARTESIAN_POINT('',(17.226284709266,148.50118493892));
#979 = CARTESIAN_POINT('',(16.987985441826,148.64642167747));
#980 = CARTESIAN_POINT('',(16.752156332672,148.79565892759));
#981 = CARTESIAN_POINT('',(16.518480797173,148.94821411626));
#982 = CARTESIAN_POINT('',(16.286613010976,149.10344365412));
#983 = CARTESIAN_POINT('',(16.056177127454,149.26073954135));
#984 = CARTESIAN_POINT('',(15.708100711479,149.50166042475));
#985 = CARTESIAN_POINT('',(15.589712032184,149.58419168588));
#986 = CARTESIAN_POINT('',(15.471545909396,149.66703903035));
#987 = CARTESIAN_POINT('',(15.353547337266,149.75012245425));
#988 = CARTESIAN_POINT('',(15.235660851972,149.83336267629));
#989 = CARTESIAN_POINT('',(15.117830531716,149.91668113777));
#990 = CARTESIAN_POINT('',(14.999999996725,150.00000000262));
#991 = ( GEOMETRIC_REPRESENTATION_CONTEXT(2) 
PARAMETRIC_REPRESENTATION_CONTEXT() REPRESENTATION_CONTEXT('2D SPACE',''
  ) );
#992 = PCURVE('',#993,#998);
#993 = TOROIDAL_SURFACE('',#994,9.,3.);
#994 = AXIS2_PLACEMENT_3D('',#995,#996,#997);
#995 = CARTESIAN_POINT('',(1.45E+03,-356.,393.));
#996 = DIRECTION('',(1.,0.,2.22044604925E-16));
#997 = DIRECTION('',(2.22044604925E-16,0.,-1.));
#998 = DEFINITIONAL_REPRESENTATION('',(#999),#1050);
#999 = B_SPLINE_CURVE_WITH_KNOTS('',7,(#1000,#1001,#1002,#1003,#1004,
    #1005,#1006,#1007,#1008,#1009,#1010,#1011,#1012,#1013,#1014,#1015,
    #1016,#1017,#1018,#1019,#1020,#1021,#1022,#1023,#1024,#1025,#1026,
    #1027,#1028,#1029,#1030,#1031,#1032,#1033,#1034,#1035,#1036,#1037,
    #1038,#1039,#1040,#1041,#1042,#1043,#1044,#1045,#1046,#1047,#1048,
    #1049),.UNSPECIFIED.,.F.,.F.,(8,6,6,6,6,6,6,6,8),(0.,0.106155075048,
    0.156384708486,0.241971984318,0.420122277889,0.584458061223,
    0.769444845283,0.921399420187,1.),.UNSPECIFIED.);
#1000 = CARTESIAN_POINT('',(2.617993877991,6.28318530718));
#1001 = CARTESIAN_POINT('',(2.617993877991,6.219832978137));
#1002 = CARTESIAN_POINT('',(2.617318011962,6.156462649874));
#1003 = CARTESIAN_POINT('',(2.615965671137,6.093235093664));
#1004 = CARTESIAN_POINT('',(2.61394126447,6.030265197399));
#1005 = CARTESIAN_POINT('',(2.611250103435,5.967650783749));
#1006 = CARTESIAN_POINT('',(2.607898750493,5.905493940476));
#1007 = CARTESIAN_POINT('',(2.602007653663,5.814777353555));
#1008 = CARTESIAN_POINT('',(2.599970140374,5.785763886832));
#1009 = CARTESIAN_POINT('',(2.597788308897,5.756883816546));
#1010 = CARTESIAN_POINT('',(2.595463193706,5.728145168264));
#1011 = CARTESIAN_POINT('',(2.592995852944,5.699554959802));
#1012 = CARTESIAN_POINT('',(2.590387375179,5.671119521716));
#1013 = CARTESIAN_POINT('',(2.58295568079,5.594666984919));
#1014 = CARTESIAN_POINT('',(2.577865902273,5.546955042432));
#1015 = CARTESIAN_POINT('',(2.572375040111,5.499737259977));
#1016 = CARTESIAN_POINT('',(2.566488247471,5.453031852621));
#1017 = CARTESIAN_POINT('',(2.560210393341,5.406851300785));
#1018 = CARTESIAN_POINT('',(2.553546126531,5.361204419512));
#1019 = CARTESIAN_POINT('',(2.531833307002,5.22220317062));
#1020 = CARTESIAN_POINT('',(2.515519314625,5.130690988138));
#1021 = CARTESIAN_POINT('',(2.497587802629,5.041513042215));
#1022 = CARTESIAN_POINT('',(2.478060242675,4.954598040708));
#1023 = CARTESIAN_POINT('',(2.456958168228,4.869872008804));
#1024 = CARTESIAN_POINT('',(2.434306582207,4.787234373566));
#1025 = CARTESIAN_POINT('',(2.387796350044,4.632084050011));
#1026 = CARTESIAN_POINT('',(2.364172664169,4.559300251352));
#1027 = CARTESIAN_POINT('',(2.339247147781,4.488047233249));
#1028 = CARTESIAN_POINT('',(2.313031310042,4.418220455395));
#1029 = CARTESIAN_POINT('',(2.285545519271,4.349722783101));
#1030 = CARTESIAN_POINT('',(2.256816318812,4.282450432861));
#1031 = CARTESIAN_POINT('',(2.193158295233,4.141803779739));
#1032 = CARTESIAN_POINT('',(2.157914853428,4.068748645861));
#1033 = CARTESIAN_POINT('',(2.121177607279,3.996950511014));
#1034 = CARTESIAN_POINT('',(2.08301124515,3.92627415149));
#1035 = CARTESIAN_POINT('',(2.043506740298,3.856595182613));
#1036 = CARTESIAN_POINT('',(2.002776018428,3.787784945382));
#1037 = CARTESIAN_POINT('',(1.926575742981,3.663777640025));
#1038 = CARTESIAN_POINT('',(1.891470960849,3.608352433818));
#1039 = CARTESIAN_POINT('',(1.855696809367,3.553353828973));
#1040 = CARTESIAN_POINT('',(1.819337830373,3.498714971328));
#1041 = CARTESIAN_POINT('',(1.782488836754,3.444371978596));
#1042 = CARTESIAN_POINT('',(1.745251082146,3.390260479394));
#1043 = CARTESIAN_POINT('',(1.688319326532,3.308406643047));
#1044 = CARTESIAN_POINT('',(1.668834368941,3.280545432742));
#1045 = CARTESIAN_POINT('',(1.649288332,3.252719588635));
#1046 = CARTESIAN_POINT('',(1.629696202782,3.224920218947));
#1047 = CARTESIAN_POINT('',(1.610073181296,3.19713847284));
#1048 = CARTESIAN_POINT('',(1.59043468049,3.169365540415));
#1049 = CARTESIAN_POINT('',(1.570796326249,3.141592652715));
#1050 = ( GEOMETRIC_REPRESENTATION_CONTEXT(2) 
PARAMETRIC_REPRESENTATION_CONTEXT() REPRESENTATION_CONTEXT('2D SPACE',''
  ) );
#1051 = ORIENTED_EDGE('',*,*,#1052,.F.);
#1052 = EDGE_CURVE('',#882,#884,#1053,.T.);
#1053 = SURFACE_CURVE('',#1054,(#1105,#1159),.PCURVE_S1.);
#1054 = B_SPLINE_CURVE_WITH_KNOTS('',7,(#1055,#1056,#1057,#1058,#1059,
    #1060,#1061,#1062,#1063,#1064,#1065,#1066,#1067,#1068,#1069,#1070,
    #1071,#1072,#1073,#1074,#1075,#1076,#1077,#1078,#1079,#1080,#1081,
    #1082,#1083,#1084,#1085,#1086,#1087,#1088,#1089,#1090,#1091,#1092,
    #1093,#1094,#1095,#1096,#1097,#1098,#1099,#1100,#1101,#1102,#1103,
    #1104),.UNSPECIFIED.,.F.,.F.,(8,6,6,6,6,6,6,6,8),(0.,0.105723151278,
    0.155935373616,0.241479417414,0.419487733245,0.585861893922,
    0.770816986007,0.92272813485,1.),.UNSPECIFIED.);
#1055 = CARTESIAN_POINT('',(1.45E+03,-350.,403.39230484541));
#1056 = CARTESIAN_POINT('',(1.450189283897E+03,-350.,403.39230484541));
#1057 = CARTESIAN_POINT('',(1.450378621225E+03,-350.,403.37621578831));
#1058 = CARTESIAN_POINT('',(1.450566303108E+03,-350.,403.3440231378));
#1059 = CARTESIAN_POINT('',(1.450750760845E+03,-350.,403.29606721449));
#1060 = CARTESIAN_POINT('',(1.450930555664E+03,-350.,403.23294238141));
#1061 = CARTESIAN_POINT('',(1.451104380344E+03,-350.,403.15546182409));
#1062 = CARTESIAN_POINT('',(1.451350241705E+03,-350.,403.02157571054));
#1063 = CARTESIAN_POINT('',(1.451427816237E+03,-350.,402.97545701467));
#1064 = CARTESIAN_POINT('',(1.451503680257E+03,-350.,402.9264385872));
#1065 = CARTESIAN_POINT('',(1.45157773054E+03,-350.,402.87463360381));
#1066 = CARTESIAN_POINT('',(1.451649875942E+03,-350.,402.82016034405));
#1067 = CARTESIAN_POINT('',(1.45172003663E+03,-350.,402.76314086903));
#1068 = CARTESIAN_POINT('',(1.451904173289E+03,-350.,402.60243276044));
#1069 = CARTESIAN_POINT('',(1.45201424358E+03,-350.,402.49413545399));
#1070 = CARTESIAN_POINT('',(1.452118014195E+03,-350.,402.37942191284));
#1071 = CARTESIAN_POINT('',(1.452215249772E+03,-350.,402.25891334016));
#1072 = CARTESIAN_POINT('',(1.452305801519E+03,-350.,402.13322091156));
#1073 = CARTESIAN_POINT('',(1.452389593331E+03,-350.,402.00293344375));
#1074 = CARTESIAN_POINT('',(1.452626880162E+03,-350.,401.58909626848));
#1075 = CARTESIAN_POINT('',(1.452757739795E+03,-350.,401.29224475755));
#1076 = CARTESIAN_POINT('',(1.45285927396E+03,-350.,400.98286135463));
#1077 = CARTESIAN_POINT('',(1.452932517362E+03,-350.,400.66513756632));
#1078 = CARTESIAN_POINT('',(1.452979079653E+03,-350.,400.34254210689));
#1079 = CARTESIAN_POINT('',(1.453000909144E+03,-350.,400.01777678475));
#1080 = CARTESIAN_POINT('',(1.452999107309E+03,-350.,399.38888604426));
#1081 = CARTESIAN_POINT('',(1.452978354589E+03,-350.,399.08487219379));
#1082 = CARTESIAN_POINT('',(1.45293934575E+03,-350.,398.78215190321));
#1083 = CARTESIAN_POINT('',(1.452883716549E+03,-350.,398.48185767556));
#1084 = CARTESIAN_POINT('',(1.452813072967E+03,-350.,398.18478423309));
#1085 = CARTESIAN_POINT('',(1.452728934755E+03,-350.,397.89140331634));
#1086 = CARTESIAN_POINT('',(1.452525637284E+03,-350.,397.28001956716));
#1087 = CARTESIAN_POINT('',(1.452403651624E+03,-350.,396.96303020539));
#1088 = CARTESIAN_POINT('',(1.452268595787E+03,-350.,396.65114545775));
#1089 = CARTESIAN_POINT('',(1.452122218362E+03,-350.,396.34438849573));
#1090 = CARTESIAN_POINT('',(1.451966126424E+03,-350.,396.04257775608));
#1091 = CARTESIAN_POINT('',(1.451801773699E+03,-350.,395.74533708898));
#1092 = CARTESIAN_POINT('',(1.451489709741E+03,-350.,395.21126909042));
#1093 = CARTESIAN_POINT('',(1.451344293637E+03,-350.,394.97317347586));
#1094 = CARTESIAN_POINT('',(1.451194910298E+03,-350.,394.73753267558));
#1095 = CARTESIAN_POINT('',(1.451042240066E+03,-350.,394.50402899943));
#1096 = CARTESIAN_POINT('',(1.450886924644E+03,-350.,394.2723158864));
#1097 = CARTESIAN_POINT('',(1.45072957051E+03,-350.,394.04201710009));
#1098 = CARTESIAN_POINT('',(1.450489967117E+03,-350.,393.69609355738));
#1099 = CARTESIAN_POINT('',(1.450408805008E+03,-350.,393.57972456872));
#1100 = CARTESIAN_POINT('',(1.450327342642E+03,-350.,393.46356708545));
#1101 = CARTESIAN_POINT('',(1.450245655986E+03,-350.,393.34756881329));
#1102 = CARTESIAN_POINT('',(1.450163820344E+03,-350.,393.23167703635));
#1103 = CARTESIAN_POINT('',(1.450081910357E+03,-350.,393.11583861718));
#1104 = CARTESIAN_POINT('',(1.450000000003E+03,-350.,392.99999999672));
#1105 = PCURVE('',#62,#1106);
#1106 = DEFINITIONAL_REPRESENTATION('',(#1107),#1158);
#1107 = B_SPLINE_CURVE_WITH_KNOTS('',7,(#1108,#1109,#1110,#1111,#1112,
    #1113,#1114,#1115,#1116,#1117,#1118,#1119,#1120,#1121,#1122,#1123,
    #1124,#1125,#1126,#1127,#1128,#1129,#1130,#1131,#1132,#1133,#1134,
    #1135,#1136,#1137,#1138,#1139,#1140,#1141,#1142,#1143,#1144,#1145,
    #1146,#1147,#1148,#1149,#1150,#1151,#1152,#1153,#1154,#1155,#1156,
    #1157),.UNSPECIFIED.,.F.,.F.,(8,6,6,6,6,6,6,6,8),(0.,0.105723151278,
    0.155935373616,0.241479417414,0.419487733245,0.585861893922,
    0.770816986007,0.92272813485,1.),.UNSPECIFIED.);
#1108 = CARTESIAN_POINT('',(25.392304845413,150.));
#1109 = CARTESIAN_POINT('',(25.392304845413,150.18928389744));
#1110 = CARTESIAN_POINT('',(25.37621578831,150.3786212247));
#1111 = CARTESIAN_POINT('',(25.344023137804,150.56630310763));
#1112 = CARTESIAN_POINT('',(25.296067214499,150.75076084523));
#1113 = CARTESIAN_POINT('',(25.232942381419,150.93055566392));
#1114 = CARTESIAN_POINT('',(25.155461824093,151.10438034423));
#1115 = CARTESIAN_POINT('',(25.021575710541,151.35024170529));
#1116 = CARTESIAN_POINT('',(24.975457014679,151.42781623743));
#1117 = CARTESIAN_POINT('',(24.926438587202,151.50368025653));
#1118 = CARTESIAN_POINT('',(24.874633603812,151.57773054008));
#1119 = CARTESIAN_POINT('',(24.820160344054,151.64987594167));
#1120 = CARTESIAN_POINT('',(24.763140869034,151.7200366298));
#1121 = CARTESIAN_POINT('',(24.602432760446,151.90417328888));
#1122 = CARTESIAN_POINT('',(24.494135453997,152.01424358008));
#1123 = CARTESIAN_POINT('',(24.379421912843,152.1180141953));
#1124 = CARTESIAN_POINT('',(24.258913340168,152.2152497722));
#1125 = CARTESIAN_POINT('',(24.133220911567,152.30580151948));
#1126 = CARTESIAN_POINT('',(24.002933443751,152.3895933313));
#1127 = CARTESIAN_POINT('',(23.589096268487,152.6268801616));
#1128 = CARTESIAN_POINT('',(23.292244757552,152.75773979527));
#1129 = CARTESIAN_POINT('',(22.982861354631,152.85927396018));
#1130 = CARTESIAN_POINT('',(22.665137566329,152.93251736165));
#1131 = CARTESIAN_POINT('',(22.342542106894,152.97907965276));
#1132 = CARTESIAN_POINT('',(22.017776784758,153.00090914353));
#1133 = CARTESIAN_POINT('',(21.388886044267,152.99910730888));
#1134 = CARTESIAN_POINT('',(21.084872193791,152.97835458886));
#1135 = CARTESIAN_POINT('',(20.782151903216,152.93934574957));
#1136 = CARTESIAN_POINT('',(20.481857675561,152.88371654932));
#1137 = CARTESIAN_POINT('',(20.184784233095,152.81307296684));
#1138 = CARTESIAN_POINT('',(19.891403316347,152.72893475523));
#1139 = CARTESIAN_POINT('',(19.280019567166,152.52563728399));
#1140 = CARTESIAN_POINT('',(18.963030205395,152.40365162429));
#1141 = CARTESIAN_POINT('',(18.651145457759,152.26859578719));
#1142 = CARTESIAN_POINT('',(18.344388495737,152.12221836246));
#1143 = CARTESIAN_POINT('',(18.042577756083,151.96612642443));
#1144 = CARTESIAN_POINT('',(17.745337088985,151.80177369869));
#1145 = CARTESIAN_POINT('',(17.211269090424,151.4897097408));
#1146 = CARTESIAN_POINT('',(16.97317347586,151.34429363717));
#1147 = CARTESIAN_POINT('',(16.737532675584,151.19491029795));
#1148 = CARTESIAN_POINT('',(16.504028999434,151.04224006647));
#1149 = CARTESIAN_POINT('',(16.272315886404,150.88692464392));
#1150 = CARTESIAN_POINT('',(16.042017100092,150.72957050953));
#1151 = CARTESIAN_POINT('',(15.696093557389,150.48996711741));
#1152 = CARTESIAN_POINT('',(15.579724568725,150.40880500772));
#1153 = CARTESIAN_POINT('',(15.463567085456,150.32734264152));
#1154 = CARTESIAN_POINT('',(15.347568813291,150.24565598553));
#1155 = CARTESIAN_POINT('',(15.231677036352,150.16382034359));
#1156 = CARTESIAN_POINT('',(15.115838617179,150.08191035662));
#1157 = CARTESIAN_POINT('',(14.999999996725,150.00000000262));
#1158 = ( GEOMETRIC_REPRESENTATION_CONTEXT(2) 
PARAMETRIC_REPRESENTATION_CONTEXT() REPRESENTATION_CONTEXT('2D SPACE',''
  ) );
#1159 = PCURVE('',#993,#1160);
#1160 = DEFINITIONAL_REPRESENTATION('',(#1161),#1212);
#1161 = B_SPLINE_CURVE_WITH_KNOTS('',7,(#1162,#1163,#1164,#1165,#1166,
    #1167,#1168,#1169,#1170,#1171,#1172,#1173,#1174,#1175,#1176,#1177,
    #1178,#1179,#1180,#1181,#1182,#1183,#1184,#1185,#1186,#1187,#1188,
    #1189,#1190,#1191,#1192,#1193,#1194,#1195,#1196,#1197,#1198,#1199,
    #1200,#1201,#1202,#1203,#1204,#1205,#1206,#1207,#1208,#1209,#1210,
    #1211),.UNSPECIFIED.,.F.,.F.,(8,6,6,6,6,6,6,6,8),(0.,0.105723151278,
    0.155935373616,0.241479417414,0.419487733245,0.585861893922,
    0.770816986007,0.92272813485,1.),.UNSPECIFIED.);
#1162 = CARTESIAN_POINT('',(2.617993877991,0.));
#1163 = CARTESIAN_POINT('',(2.617993877991,6.3094632481E-02));
#1164 = CARTESIAN_POINT('',(2.617323499529,0.126206932125));
#1165 = CARTESIAN_POINT('',(2.615982146712,0.189178331932));
#1166 = CARTESIAN_POINT('',(2.613974148812,0.251895230979));
#1167 = CARTESIAN_POINT('',(2.611304737561,0.314260795383));
#1168 = CARTESIAN_POINT('',(2.607980386818,0.376174037412));
#1169 = CARTESIAN_POINT('',(2.602129485752,0.466650046409));
#1170 = CARTESIAN_POINT('',(2.600100178749,0.495660351008));
#1171 = CARTESIAN_POINT('',(2.597926608233,0.524537710816));
#1172 = CARTESIAN_POINT('',(2.595609806247,0.553274078243));
#1173 = CARTESIAN_POINT('',(2.593150829013,0.581862412613));
#1174 = CARTESIAN_POINT('',(2.590550763684,0.610296358981));
#1175 = CARTESIAN_POINT('',(2.58314268588,0.686738186065));
#1176 = CARTESIAN_POINT('',(2.57806833062,0.734441749284));
#1177 = CARTESIAN_POINT('',(2.57259315307,0.781652215544));
#1178 = CARTESIAN_POINT('',(2.566722304111,0.828351257063));
#1179 = CARTESIAN_POINT('',(2.560460652202,0.874526287716));
#1180 = CARTESIAN_POINT('',(2.553812847878,0.92016838421));
#1181 = CARTESIAN_POINT('',(2.532155852386,1.059129381308));
#1182 = CARTESIAN_POINT('',(2.515883029757,1.150609710799));
#1183 = CARTESIAN_POINT('',(2.497994832141,1.239758809083));
#1184 = CARTESIAN_POINT('',(2.478512784828,1.326647327841));
#1185 = CARTESIAN_POINT('',(2.457458423695,1.411348664531));
#1186 = CARTESIAN_POINT('',(2.434856733253,1.493962840749));
#1187 = CARTESIAN_POINT('',(2.388152503106,1.650052438523));
#1188 = CARTESIAN_POINT('',(2.364250029996,1.723754189959));
#1189 = CARTESIAN_POINT('',(2.339013074126,1.795886575162));
#1190 = CARTESIAN_POINT('',(2.312453494426,1.866557977867));
#1191 = CARTESIAN_POINT('',(2.284592540101,1.935868922345));
#1192 = CARTESIAN_POINT('',(2.255458004318,2.003927010751));
#1193 = CARTESIAN_POINT('',(2.191301367375,2.145259557604));
#1194 = CARTESIAN_POINT('',(2.155996054086,2.218243801304));
#1195 = CARTESIAN_POINT('',(2.119199774076,2.289976766117));
#1196 = CARTESIAN_POINT('',(2.080977793544,2.36059345312));
#1197 = CARTESIAN_POINT('',(2.041421702213,2.430218071246));
#1198 = CARTESIAN_POINT('',(2.000644061256,2.498979069458));
#1199 = CARTESIAN_POINT('',(1.924371949002,2.6228991041));
#1200 = CARTESIAN_POINT('',(1.889240668288,2.678284863335));
#1201 = CARTESIAN_POINT('',(1.853444075108,2.733247297854));
#1202 = CARTESIAN_POINT('',(1.817066990301,2.787853151263));
#1203 = CARTESIAN_POINT('',(1.780204452884,2.842166216038));
#1204 = CARTESIAN_POINT('',(1.742957878312,2.896250779117));
#1205 = CARTESIAN_POINT('',(1.686342722221,2.97760445876));
#1206 = CARTESIAN_POINT('',(1.667182118783,3.004991765515));
#1207 = CARTESIAN_POINT('',(1.647963463964,3.032345472002));
#1208 = CARTESIAN_POINT('',(1.628701010862,3.05967402454));
#1209 = CARTESIAN_POINT('',(1.609409208134,3.086985831517));
#1210 = CARTESIAN_POINT('',(1.590102700003,3.114289263398));
#1211 = CARTESIAN_POINT('',(1.570796326249,3.141592652715));
#1212 = ( GEOMETRIC_REPRESENTATION_CONTEXT(2) 
PARAMETRIC_REPRESENTATION_CONTEXT() REPRESENTATION_CONTEXT('2D SPACE',''
  ) );
#1213 = FACE_BOUND('',#1214,.F.);
#1214 = EDGE_LOOP('',(#1215));
#1215 = ORIENTED_EDGE('',*,*,#1216,.T.);
#1216 = EDGE_CURVE('',#1217,#1217,#1219,.T.);
#1217 = VERTEX_POINT('',#1218);
#1218 = CARTESIAN_POINT('',(1.62E+03,-350.,380.5));
#1219 = SURFACE_CURVE('',#1220,(#1225,#1236),.PCURVE_S1.);
#1220 = CIRCLE('',#1221,12.5);
#1221 = AXIS2_PLACEMENT_3D('',#1222,#1223,#1224);
#1222 = CARTESIAN_POINT('',(1.62E+03,-350.,393.));
#1223 = DIRECTION('',(0.,-1.,0.));
#1224 = DIRECTION('',(0.,-0.,-1.));
#1225 = PCURVE('',#62,#1226);
#1226 = DEFINITIONAL_REPRESENTATION('',(#1227),#1235);
#1227 = ( BOUNDED_CURVE() B_SPLINE_CURVE(2,(#1228,#1229,#1230,#1231,
#1232,#1233,#1234),.UNSPECIFIED.,.T.,.F.) B_SPLINE_CURVE_WITH_KNOTS((1,2
    ,2,2,2,1),(-2.094395102393,0.,2.094395102393,4.188790204786,
6.28318530718,8.377580409573),.UNSPECIFIED.) CURVE() 
GEOMETRIC_REPRESENTATION_ITEM() RATIONAL_B_SPLINE_CURVE((1.,0.5,1.,0.5,
1.,0.5,1.)) REPRESENTATION_ITEM('') );
#1228 = CARTESIAN_POINT('',(2.5,320.));
#1229 = CARTESIAN_POINT('',(2.5,341.65063509461));
#1230 = CARTESIAN_POINT('',(21.25,330.8253175473));
#1231 = CARTESIAN_POINT('',(40.,320.));
#1232 = CARTESIAN_POINT('',(21.25,309.17468245269));
#1233 = CARTESIAN_POINT('',(2.5,298.34936490538));
#1234 = CARTESIAN_POINT('',(2.5,320.));
#1235 = ( GEOMETRIC_REPRESENTATION_CONTEXT(2) 
PARAMETRIC_REPRESENTATION_CONTEXT() REPRESENTATION_CONTEXT('2D SPACE',''
  ) );
#1236 = PCURVE('',#1237,#1242);
#1237 = CYLINDRICAL_SURFACE('',#1238,12.5);
#1238 = AXIS2_PLACEMENT_3D('',#1239,#1240,#1241);
#1239 = CARTESIAN_POINT('',(1.62E+03,-350.,393.));
#1240 = DIRECTION('',(0.,-1.,0.));
#1241 = DIRECTION('',(0.,-0.,-1.));
#1242 = DEFINITIONAL_REPRESENTATION('',(#1243),#1247);
#1243 = LINE('',#1244,#1245);
#1244 = CARTESIAN_POINT('',(0.,0.));
#1245 = VECTOR('',#1246,1.);
#1246 = DIRECTION('',(1.,0.));
#1247 = ( GEOMETRIC_REPRESENTATION_CONTEXT(2) 
PARAMETRIC_REPRESENTATION_CONTEXT() REPRESENTATION_CONTEXT('2D SPACE',''
  ) );
#1248 = FACE_BOUND('',#1249,.F.);
#1249 = EDGE_LOOP('',(#1250,#1403));
#1250 = ORIENTED_EDGE('',*,*,#1251,.T.);
#1251 = EDGE_CURVE('',#1252,#1254,#1256,.T.);
#1252 = VERTEX_POINT('',#1253);
#1253 = CARTESIAN_POINT('',(2.350000000003E+03,-350.,392.99999999672));
#1254 = VERTEX_POINT('',#1255);
#1255 = CARTESIAN_POINT('',(2.35E+03,-350.,382.60769515458));
#1256 = SURFACE_CURVE('',#1257,(#1302,#1350),.PCURVE_S1.);
#1257 = B_SPLINE_CURVE_WITH_KNOTS('',7,(#1258,#1259,#1260,#1261,#1262,
    #1263,#1264,#1265,#1266,#1267,#1268,#1269,#1270,#1271,#1272,#1273,
    #1274,#1275,#1276,#1277,#1278,#1279,#1280,#1281,#1282,#1283,#1284,
    #1285,#1286,#1287,#1288,#1289,#1290,#1291,#1292,#1293,#1294,#1295,
    #1296,#1297,#1298,#1299,#1300,#1301),.UNSPECIFIED.,.F.,.F.,(8,6,6,6,
    6,6,6,8),(0.,0.101555725802,0.293448355768,0.502442338889,
    0.660539049377,0.793437550703,0.862790273829,1.),.UNSPECIFIED.);
#1258 = CARTESIAN_POINT('',(2.350000000003E+03,-350.,392.99999999672));
#1259 = CARTESIAN_POINT('',(2.349892347359E+03,-350.,392.84775618297));
#1260 = CARTESIAN_POINT('',(2.34978469548E+03,-350.,392.69551342517));
#1261 = CARTESIAN_POINT('',(2.349677212361E+03,-350.,392.54314912154));
#1262 = CARTESIAN_POINT('',(2.349570067516E+03,-350.,392.39054276128));
#1263 = CARTESIAN_POINT('',(2.349463432619E+03,-350.,392.23757566957));
#1264 = CARTESIAN_POINT('',(2.349357482149E+03,-350.,392.08413075256));
#1265 = CARTESIAN_POINT('',(2.349053826855E+03,-350.,391.63903179655));
#1266 = CARTESIAN_POINT('',(2.348858364271E+03,-350.,391.34588918188));
#1267 = CARTESIAN_POINT('',(2.348667174308E+03,-350.,391.04984149361));
#1268 = CARTESIAN_POINT('',(2.34848153693E+03,-350.,390.75016919347));
#1269 = CARTESIAN_POINT('',(2.348302846242E+03,-350.,390.4462582631));
#1270 = CARTESIAN_POINT('',(2.348132617628E+03,-350.,390.13760036028));
#1271 = CARTESIAN_POINT('',(2.347798112471E+03,-350.,389.48201509616));
#1272 = CARTESIAN_POINT('',(2.347635789503E+03,-350.,389.13426742764));
#1273 = CARTESIAN_POINT('',(2.347487606116E+03,-350.,388.77995484674));
#1274 = CARTESIAN_POINT('',(2.34735599638E+03,-350.,388.41892973574));
#1275 = CARTESIAN_POINT('',(2.34724370407E+03,-350.,388.05151765981));
#1276 = CARTESIAN_POINT('',(2.347153647797E+03,-350.,387.67857025915));
#1277 = CARTESIAN_POINT('',(2.347040023575E+03,-350.,387.01621501906));
#1278 = CARTESIAN_POINT('',(2.347005624565E+03,-350.,386.72869704962));
#1279 = CARTESIAN_POINT('',(2.346987101581E+03,-350.,386.4395588163));
#1280 = CARTESIAN_POINT('',(2.346985887287E+03,-350.,386.14981585099));
#1281 = CARTESIAN_POINT('',(2.347003407113E+03,-350.,385.86086441288));
#1282 = CARTESIAN_POINT('',(2.347040989272E+03,-350.,385.57448539738));
#1283 = CARTESIAN_POINT('',(2.347149209115E+03,-350.,385.05610108842));
#1284 = CARTESIAN_POINT('',(2.347213615181E+03,-350.,384.82274303426));
#1285 = CARTESIAN_POINT('',(2.34729366606E+03,-350.,384.59413008897));
#1286 = CARTESIAN_POINT('',(2.347389885999E+03,-350.,384.37189345828));
#1287 = CARTESIAN_POINT('',(2.347502583941E+03,-350.,384.15791308604));
#1288 = CARTESIAN_POINT('',(2.347631755004E+03,-350.,383.95427240033));
#1289 = CARTESIAN_POINT('',(2.347852734638E+03,-350.,383.66348175165));
#1290 = CARTESIAN_POINT('',(2.347932871184E+03,-350.,383.56719592096));
#1291 = CARTESIAN_POINT('',(2.348017299845E+03,-350.,383.47465935984));
#1292 = CARTESIAN_POINT('',(2.348105918552E+03,-350.,383.38620108443));
#1293 = CARTESIAN_POINT('',(2.348198588114E+03,-350.,383.30215180248));
#1294 = CARTESIAN_POINT('',(2.348295127486E+03,-350.,383.22283845677));
#1295 = CARTESIAN_POINT('',(2.348593511572E+03,-350.,383.00166093978));
#1296 = CARTESIAN_POINT('',(2.348806171385E+03,-350.,382.87437448711));
#1297 = CARTESIAN_POINT('',(2.349031288734E+03,-350.,382.76945649919));
#1298 = CARTESIAN_POINT('',(2.349266373523E+03,-350.,382.68906101906));
#1299 = CARTESIAN_POINT('',(2.349508505578E+03,-350.,382.63479631977));
#1300 = CARTESIAN_POINT('',(2.349754334818E+03,-350.,382.60769515458));
#1301 = CARTESIAN_POINT('',(2.35E+03,-350.,382.60769515458));
#1302 = PCURVE('',#62,#1303);
#1303 = DEFINITIONAL_REPRESENTATION('',(#1304),#1349);
#1304 = B_SPLINE_CURVE_WITH_KNOTS('',7,(#1305,#1306,#1307,#1308,#1309,
    #1310,#1311,#1312,#1313,#1314,#1315,#1316,#1317,#1318,#1319,#1320,
    #1321,#1322,#1323,#1324,#1325,#1326,#1327,#1328,#1329,#1330,#1331,
    #1332,#1333,#1334,#1335,#1336,#1337,#1338,#1339,#1340,#1341,#1342,
    #1343,#1344,#1345,#1346,#1347,#1348),.UNSPECIFIED.,.F.,.F.,(8,6,6,6,
    6,6,6,8),(0.,0.101555725802,0.293448355768,0.502442338889,
    0.660539049377,0.793437550703,0.862790273829,1.),.UNSPECIFIED.);
#1305 = CARTESIAN_POINT('',(14.999999996725,1.050000000003E+03));
#1306 = CARTESIAN_POINT('',(14.847756182974,1.049892347359E+03));
#1307 = CARTESIAN_POINT('',(14.695513425173,1.04978469548E+03));
#1308 = CARTESIAN_POINT('',(14.543149121543,1.049677212361E+03));
#1309 = CARTESIAN_POINT('',(14.390542761284,1.049570067516E+03));
#1310 = CARTESIAN_POINT('',(14.237575669573,1.049463432619E+03));
#1311 = CARTESIAN_POINT('',(14.084130752569,1.049357482149E+03));
#1312 = CARTESIAN_POINT('',(13.639031796552,1.049053826855E+03));
#1313 = CARTESIAN_POINT('',(13.345889181885,1.048858364271E+03));
#1314 = CARTESIAN_POINT('',(13.049841493617,1.048667174308E+03));
#1315 = CARTESIAN_POINT('',(12.75016919347,1.04848153693E+03));
#1316 = CARTESIAN_POINT('',(12.446258263104,1.048302846242E+03));
#1317 = CARTESIAN_POINT('',(12.137600360289,1.048132617628E+03));
#1318 = CARTESIAN_POINT('',(11.482015096162,1.047798112471E+03));
#1319 = CARTESIAN_POINT('',(11.134267427642,1.047635789503E+03));
#1320 = CARTESIAN_POINT('',(10.779954846747,1.047487606116E+03));
#1321 = CARTESIAN_POINT('',(10.418929735741,1.04735599638E+03));
#1322 = CARTESIAN_POINT('',(10.051517659819,1.04724370407E+03));
#1323 = CARTESIAN_POINT('',(9.678570259154,1.047153647797E+03));
#1324 = CARTESIAN_POINT('',(9.016215019063,1.047040023575E+03));
#1325 = CARTESIAN_POINT('',(8.728697049624,1.047005624565E+03));
#1326 = CARTESIAN_POINT('',(8.439558816303,1.046987101581E+03));
#1327 = CARTESIAN_POINT('',(8.149815850995,1.046985887287E+03));
#1328 = CARTESIAN_POINT('',(7.860864412889,1.047003407113E+03));
#1329 = CARTESIAN_POINT('',(7.574485397388,1.047040989272E+03));
#1330 = CARTESIAN_POINT('',(7.056101088422,1.047149209115E+03));
#1331 = CARTESIAN_POINT('',(6.822743034263,1.047213615181E+03));
#1332 = CARTESIAN_POINT('',(6.594130088977,1.04729366606E+03));
#1333 = CARTESIAN_POINT('',(6.371893458281,1.047389885999E+03));
#1334 = CARTESIAN_POINT('',(6.157913086049,1.047502583941E+03));
#1335 = CARTESIAN_POINT('',(5.954272400338,1.047631755004E+03));
#1336 = CARTESIAN_POINT('',(5.663481751654,1.047852734638E+03));
#1337 = CARTESIAN_POINT('',(5.567195920961,1.047932871184E+03));
#1338 = CARTESIAN_POINT('',(5.474659359845,1.048017299845E+03));
#1339 = CARTESIAN_POINT('',(5.386201084432,1.048105918552E+03));
#1340 = CARTESIAN_POINT('',(5.302151802484,1.048198588114E+03));
#1341 = CARTESIAN_POINT('',(5.222838456777,1.048295127486E+03));
#1342 = CARTESIAN_POINT('',(5.001660939783,1.048593511572E+03));
#1343 = CARTESIAN_POINT('',(4.874374487111,1.048806171385E+03));
#1344 = CARTESIAN_POINT('',(4.769456499192,1.049031288734E+03));
#1345 = CARTESIAN_POINT('',(4.689061019069,1.049266373523E+03));
#1346 = CARTESIAN_POINT('',(4.634796319771,1.049508505578E+03));
#1347 = CARTESIAN_POINT('',(4.607695154587,1.049754334818E+03));
#1348 = CARTESIAN_POINT('',(4.607695154587,1.05E+03));
#1349 = ( GEOMETRIC_REPRESENTATION_CONTEXT(2) 
PARAMETRIC_REPRESENTATION_CONTEXT() REPRESENTATION_CONTEXT('2D SPACE',''
  ) );
#1350 = PCURVE('',#1351,#1356);
#1351 = TOROIDAL_SURFACE('',#1352,9.,3.);
#1352 = AXIS2_PLACEMENT_3D('',#1353,#1354,#1355);
#1353 = CARTESIAN_POINT('',(2.35E+03,-356.,393.));
#1354 = DIRECTION('',(1.,0.,2.22044604925E-16));
#1355 = DIRECTION('',(2.22044604925E-16,0.,-1.));
#1356 = DEFINITIONAL_REPRESENTATION('',(#1357),#1402);
#1357 = B_SPLINE_CURVE_WITH_KNOTS('',7,(#1358,#1359,#1360,#1361,#1362,
    #1363,#1364,#1365,#1366,#1367,#1368,#1369,#1370,#1371,#1372,#1373,
    #1374,#1375,#1376,#1377,#1378,#1379,#1380,#1381,#1382,#1383,#1384,
    #1385,#1386,#1387,#1388,#1389,#1390,#1391,#1392,#1393,#1394,#1395,
    #1396,#1397,#1398,#1399,#1400,#1401),.UNSPECIFIED.,.F.,.F.,(8,6,6,6,
    6,6,6,8),(0.,0.101555725802,0.293448355768,0.502442338889,
    0.660539049377,0.793437550703,0.862790273829,1.),.UNSPECIFIED.);
#1358 = CARTESIAN_POINT('',(1.570796326249,3.141592652715));
#1359 = CARTESIAN_POINT('',(1.545422359438,3.177476868332));
#1360 = CARTESIAN_POINT('',(1.520048560732,3.213360825591));
#1361 = CARTESIAN_POINT('',(1.494707879678,3.249264003711));
#1362 = CARTESIAN_POINT('',(1.469433589328,3.285205368547));
#1363 = CARTESIAN_POINT('',(1.444258642053,3.321203766463));
#1364 = CARTESIAN_POINT('',(1.419215025356,3.357278318197));
#1365 = CARTESIAN_POINT('',(1.34731799702,3.461794061269));
#1366 = CARTESIAN_POINT('',(1.300886306262,3.530473153551));
#1367 = CARTESIAN_POINT('',(1.255235555612,3.599629430407));
#1368 = CARTESIAN_POINT('',(1.210558932932,3.669394801606));
#1369 = CARTESIAN_POINT('',(1.16702844275,3.73989742024));
#1370 = CARTESIAN_POINT('',(1.124784381115,3.81127409862));
#1371 = CARTESIAN_POINT('',(1.039437096349,3.96255426748));
#1372 = CARTESIAN_POINT('',(0.996610959107,4.042618734566));
#1373 = CARTESIAN_POINT('',(0.955575075684,4.124107967985));
#1374 = CARTESIAN_POINT('',(0.916444519634,4.207215353408));
#1375 = CARTESIAN_POINT('',(0.879305353609,4.292128236161));
#1376 = CARTESIAN_POINT('',(0.844205977939,4.379047093305));
#1377 = CARTESIAN_POINT('',(0.786166744993,4.535738363571));
#1378 = CARTESIAN_POINT('',(0.762357433053,4.604504198576));
#1379 = CARTESIAN_POINT('',(0.739743246729,4.67466559017));
#1380 = CARTESIAN_POINT('',(0.718338620203,4.746314298205));
#1381 = CARTESIAN_POINT('',(0.698156198649,4.819532212807));
#1382 = CARTESIAN_POINT('',(0.679204581749,4.894403830912));
#1383 = CARTESIAN_POINT('',(0.64660185555,5.035443374621));
#1384 = CARTESIAN_POINT('',(0.632589769713,5.101085931729));
#1385 = CARTESIAN_POINT('',(0.619463802783,5.167999493083));
#1386 = CARTESIAN_POINT('',(0.607235821904,5.236205608854));
#1387 = CARTESIAN_POINT('',(0.595918769219,5.305715294335));
#1388 = CARTESIAN_POINT('',(0.585526607441,5.376526158096));
#1389 = CARTESIAN_POINT('',(0.571145099839,5.486222279987));
#1390 = CARTESIAN_POINT('',(0.566470486703,5.524181102999));
#1391 = CARTESIAN_POINT('',(0.56205546555,5.562475947058));
#1392 = CARTESIAN_POINT('',(0.557902775389,5.601098006928));
#1393 = CARTESIAN_POINT('',(0.554015189528,5.640036225316));
#1394 = CARTESIAN_POINT('',(0.550395541685,5.679276266383));
#1395 = CARTESIAN_POINT('',(0.540421395785,5.796993543432));
#1396 = CARTESIAN_POINT('',(0.534849506989,5.8763753143));
#1397 = CARTESIAN_POINT('',(0.530366817492,5.956689507282));
#1398 = CARTESIAN_POINT('',(0.526988962159,6.037745930111));
#1399 = CARTESIAN_POINT('',(0.524728003257,6.119353900648));
#1400 = CARTESIAN_POINT('',(0.523598775598,6.201296913343));
#1401 = CARTESIAN_POINT('',(0.523598775598,6.28318530718));
#1402 = ( GEOMETRIC_REPRESENTATION_CONTEXT(2) 
PARAMETRIC_REPRESENTATION_CONTEXT() REPRESENTATION_CONTEXT('2D SPACE',''
  ) );
#1403 = ORIENTED_EDGE('',*,*,#1404,.T.);
#1404 = EDGE_CURVE('',#1254,#1252,#1405,.T.);
#1405 = SURFACE_CURVE('',#1406,(#1457,#1511),.PCURVE_S1.);
#1406 = B_SPLINE_CURVE_WITH_KNOTS('',7,(#1407,#1408,#1409,#1410,#1411,
    #1412,#1413,#1414,#1415,#1416,#1417,#1418,#1419,#1420,#1421,#1422,
    #1423,#1424,#1425,#1426,#1427,#1428,#1429,#1430,#1431,#1432,#1433,
    #1434,#1435,#1436,#1437,#1438,#1439,#1440,#1441,#1442,#1443,#1444,
    #1445,#1446,#1447,#1448,#1449,#1450,#1451,#1452,#1453,#1454,#1455,
    #1456),.UNSPECIFIED.,.F.,.F.,(8,6,6,6,6,6,6,6,8),(0.,0.10572315132,
    0.155935373678,0.241479417509,0.419487733411,0.585861894154,
    0.770816986311,0.922728135215,1.),.UNSPECIFIED.);
#1407 = CARTESIAN_POINT('',(2.35E+03,-350.,382.60769515458));
#1408 = CARTESIAN_POINT('',(2.350189283897E+03,-350.,382.60769515458));
#1409 = CARTESIAN_POINT('',(2.350378621225E+03,-350.,382.62378421169));
#1410 = CARTESIAN_POINT('',(2.350566303108E+03,-350.,382.65597686219));
#1411 = CARTESIAN_POINT('',(2.350750760845E+03,-350.,382.7039327855));
#1412 = CARTESIAN_POINT('',(2.350930555664E+03,-350.,382.76705761858));
#1413 = CARTESIAN_POINT('',(2.351104380344E+03,-350.,382.8445381759));
#1414 = CARTESIAN_POINT('',(2.351350241705E+03,-350.,382.97842428945));
#1415 = CARTESIAN_POINT('',(2.351427816237E+03,-350.,383.02454298531));
#1416 = CARTESIAN_POINT('',(2.351503680257E+03,-350.,383.07356141279));
#1417 = CARTESIAN_POINT('',(2.35157773054E+03,-350.,383.12536639618));
#1418 = CARTESIAN_POINT('',(2.351649875942E+03,-350.,383.17983965594));
#1419 = CARTESIAN_POINT('',(2.35172003663E+03,-350.,383.23685913096));
#1420 = CARTESIAN_POINT('',(2.351904173289E+03,-350.,383.39756723955));
#1421 = CARTESIAN_POINT('',(2.35201424358E+03,-350.,383.505864546));
#1422 = CARTESIAN_POINT('',(2.352118014195E+03,-350.,383.62057808715));
#1423 = CARTESIAN_POINT('',(2.352215249772E+03,-350.,383.74108665983));
#1424 = CARTESIAN_POINT('',(2.352305801519E+03,-350.,383.86677908843));
#1425 = CARTESIAN_POINT('',(2.352389593331E+03,-350.,383.99706655624));
#1426 = CARTESIAN_POINT('',(2.352626880162E+03,-350.,384.41090373151));
#1427 = CARTESIAN_POINT('',(2.352757739795E+03,-350.,384.70775524244));
#1428 = CARTESIAN_POINT('',(2.35285927396E+03,-350.,385.01713864537));
#1429 = CARTESIAN_POINT('',(2.352932517362E+03,-350.,385.33486243365));
#1430 = CARTESIAN_POINT('',(2.352979079653E+03,-350.,385.6574578931));
#1431 = CARTESIAN_POINT('',(2.353000909144E+03,-350.,385.98222321523));
#1432 = CARTESIAN_POINT('',(2.352999107309E+03,-350.,386.61111395573));
#1433 = CARTESIAN_POINT('',(2.352978354589E+03,-350.,386.9151278062));
#1434 = CARTESIAN_POINT('',(2.35293934575E+03,-350.,387.21784809678));
#1435 = CARTESIAN_POINT('',(2.352883716549E+03,-350.,387.51814232443));
#1436 = CARTESIAN_POINT('',(2.352813072967E+03,-350.,387.8152157669));
#1437 = CARTESIAN_POINT('',(2.352728934755E+03,-350.,388.10859668364));
#1438 = CARTESIAN_POINT('',(2.352525637284E+03,-350.,388.71998043283));
#1439 = CARTESIAN_POINT('',(2.352403651624E+03,-350.,389.0369697946));
#1440 = CARTESIAN_POINT('',(2.352268595787E+03,-350.,389.34885454223));
#1441 = CARTESIAN_POINT('',(2.352122218362E+03,-350.,389.65561150425));
#1442 = CARTESIAN_POINT('',(2.351966126424E+03,-350.,389.95742224391));
#1443 = CARTESIAN_POINT('',(2.351801773699E+03,-350.,390.25466291101));
#1444 = CARTESIAN_POINT('',(2.351489709741E+03,-350.,390.78873090957));
#1445 = CARTESIAN_POINT('',(2.351344293637E+03,-350.,391.02682652413));
#1446 = CARTESIAN_POINT('',(2.351194910298E+03,-350.,391.26246732441));
#1447 = CARTESIAN_POINT('',(2.351042240066E+03,-350.,391.49597100056));
#1448 = CARTESIAN_POINT('',(2.350886924644E+03,-350.,391.72768411359));
#1449 = CARTESIAN_POINT('',(2.35072957051E+03,-350.,391.9579828999));
#1450 = CARTESIAN_POINT('',(2.350489967118E+03,-350.,392.30390644201));
#1451 = CARTESIAN_POINT('',(2.350408805008E+03,-350.,392.42027542954));
#1452 = CARTESIAN_POINT('',(2.350327342642E+03,-350.,392.53643291215));
#1453 = CARTESIAN_POINT('',(2.350245655987E+03,-350.,392.6524311844));
#1454 = CARTESIAN_POINT('',(2.350163820347E+03,-350.,392.76832296165));
#1455 = CARTESIAN_POINT('',(2.35008191036E+03,-350.,392.88416138009));
#1456 = CARTESIAN_POINT('',(2.350000000003E+03,-350.,392.99999999672));
#1457 = PCURVE('',#62,#1458);
#1458 = DEFINITIONAL_REPRESENTATION('',(#1459),#1510);
#1459 = B_SPLINE_CURVE_WITH_KNOTS('',7,(#1460,#1461,#1462,#1463,#1464,
    #1465,#1466,#1467,#1468,#1469,#1470,#1471,#1472,#1473,#1474,#1475,
    #1476,#1477,#1478,#1479,#1480,#1481,#1482,#1483,#1484,#1485,#1486,
    #1487,#1488,#1489,#1490,#1491,#1492,#1493,#1494,#1495,#1496,#1497,
    #1498,#1499,#1500,#1501,#1502,#1503,#1504,#1505,#1506,#1507,#1508,
    #1509),.UNSPECIFIED.,.F.,.F.,(8,6,6,6,6,6,6,6,8),(0.,0.10572315132,
    0.155935373678,0.241479417509,0.419487733411,0.585861894154,
    0.770816986311,0.922728135215,1.),.UNSPECIFIED.);
#1460 = CARTESIAN_POINT('',(4.607695154587,1.05E+03));
#1461 = CARTESIAN_POINT('',(4.607695154587,1.050189283897E+03));
#1462 = CARTESIAN_POINT('',(4.62378421169,1.050378621225E+03));
#1463 = CARTESIAN_POINT('',(4.655976862196,1.050566303108E+03));
#1464 = CARTESIAN_POINT('',(4.703932785501,1.050750760845E+03));
#1465 = CARTESIAN_POINT('',(4.767057618581,1.050930555664E+03));
#1466 = CARTESIAN_POINT('',(4.844538175906,1.051104380344E+03));
#1467 = CARTESIAN_POINT('',(4.978424289458,1.051350241705E+03));
#1468 = CARTESIAN_POINT('',(5.024542985319,1.051427816237E+03));
#1469 = CARTESIAN_POINT('',(5.073561412796,1.051503680257E+03));
#1470 = CARTESIAN_POINT('',(5.125366396186,1.05157773054E+03));
#1471 = CARTESIAN_POINT('',(5.179839655944,1.051649875942E+03));
#1472 = CARTESIAN_POINT('',(5.236859130964,1.05172003663E+03));
#1473 = CARTESIAN_POINT('',(5.397567239552,1.051904173289E+03));
#1474 = CARTESIAN_POINT('',(5.505864546,1.05201424358E+03));
#1475 = CARTESIAN_POINT('',(5.620578087155,1.052118014195E+03));
#1476 = CARTESIAN_POINT('',(5.74108665983,1.052215249772E+03));
#1477 = CARTESIAN_POINT('',(5.86677908843,1.052305801519E+03));
#1478 = CARTESIAN_POINT('',(5.997066556246,1.052389593331E+03));
#1479 = CARTESIAN_POINT('',(6.410903731511,1.052626880162E+03));
#1480 = CARTESIAN_POINT('',(6.70775524244,1.052757739795E+03));
#1481 = CARTESIAN_POINT('',(7.017138645375,1.05285927396E+03));
#1482 = CARTESIAN_POINT('',(7.334862433658,1.052932517362E+03));
#1483 = CARTESIAN_POINT('',(7.657457893108,1.052979079653E+03));
#1484 = CARTESIAN_POINT('',(7.982223215238,1.053000909144E+03));
#1485 = CARTESIAN_POINT('',(8.61111395573,1.052999107309E+03));
#1486 = CARTESIAN_POINT('',(8.915127806206,1.052978354589E+03));
#1487 = CARTESIAN_POINT('',(9.217848096781,1.05293934575E+03));
#1488 = CARTESIAN_POINT('',(9.518142324436,1.052883716549E+03));
#1489 = CARTESIAN_POINT('',(9.815215766902,1.052813072967E+03));
#1490 = CARTESIAN_POINT('',(10.108596683649,1.052728934755E+03));
#1491 = CARTESIAN_POINT('',(10.71998043283,1.052525637284E+03));
#1492 = CARTESIAN_POINT('',(11.036969794602,1.052403651624E+03));
#1493 = CARTESIAN_POINT('',(11.348854542237,1.052268595787E+03));
#1494 = CARTESIAN_POINT('',(11.655611504259,1.052122218362E+03));
#1495 = CARTESIAN_POINT('',(11.957422243913,1.051966126424E+03));
#1496 = CARTESIAN_POINT('',(12.254662911011,1.051801773699E+03));
#1497 = CARTESIAN_POINT('',(12.788730909572,1.051489709741E+03));
#1498 = CARTESIAN_POINT('',(13.026826524136,1.051344293637E+03));
#1499 = CARTESIAN_POINT('',(13.262467324412,1.051194910298E+03));
#1500 = CARTESIAN_POINT('',(13.495971000563,1.051042240066E+03));
#1501 = CARTESIAN_POINT('',(13.727684113592,1.050886924644E+03));
#1502 = CARTESIAN_POINT('',(13.957982899904,1.05072957051E+03));
#1503 = CARTESIAN_POINT('',(14.303906442012,1.050489967118E+03));
#1504 = CARTESIAN_POINT('',(14.420275429542,1.050408805008E+03));
#1505 = CARTESIAN_POINT('',(14.536432912158,1.050327342642E+03));
#1506 = CARTESIAN_POINT('',(14.652431184407,1.050245655987E+03));
#1507 = CARTESIAN_POINT('',(14.768322961655,1.050163820347E+03));
#1508 = CARTESIAN_POINT('',(14.884161380091,1.05008191036E+03));
#1509 = CARTESIAN_POINT('',(14.999999996725,1.050000000003E+03));
#1510 = ( GEOMETRIC_REPRESENTATION_CONTEXT(2) 
PARAMETRIC_REPRESENTATION_CONTEXT() REPRESENTATION_CONTEXT('2D SPACE',''
  ) );
#1511 = PCURVE('',#1351,#1512);
#1512 = DEFINITIONAL_REPRESENTATION('',(#1513),#1564);
#1513 = B_SPLINE_CURVE_WITH_KNOTS('',7,(#1514,#1515,#1516,#1517,#1518,
    #1519,#1520,#1521,#1522,#1523,#1524,#1525,#1526,#1527,#1528,#1529,
    #1530,#1531,#1532,#1533,#1534,#1535,#1536,#1537,#1538,#1539,#1540,
    #1541,#1542,#1543,#1544,#1545,#1546,#1547,#1548,#1549,#1550,#1551,
    #1552,#1553,#1554,#1555,#1556,#1557,#1558,#1559,#1560,#1561,#1562,
    #1563),.UNSPECIFIED.,.F.,.F.,(8,6,6,6,6,6,6,6,8),(0.,0.10572315132,
    0.155935373678,0.241479417509,0.419487733411,0.585861894154,
    0.770816986311,0.922728135215,1.),.UNSPECIFIED.);
#1514 = CARTESIAN_POINT('',(0.523598775598,0.));
#1515 = CARTESIAN_POINT('',(0.523598775598,6.309463248084E-02));
#1516 = CARTESIAN_POINT('',(0.524269154061,0.126206932124));
#1517 = CARTESIAN_POINT('',(0.525610506878,0.189178331932));
#1518 = CARTESIAN_POINT('',(0.527618504778,0.251895230978));
#1519 = CARTESIAN_POINT('',(0.530287916029,0.314260795382));
#1520 = CARTESIAN_POINT('',(0.533612266771,0.376174037411));
#1521 = CARTESIAN_POINT('',(0.539463167838,0.466650046408));
#1522 = CARTESIAN_POINT('',(0.54149247484,0.495660351007));
#1523 = CARTESIAN_POINT('',(0.543666045357,0.524537710815));
#1524 = CARTESIAN_POINT('',(0.545982847342,0.553274078242));
#1525 = CARTESIAN_POINT('',(0.548441824576,0.581862412612));
#1526 = CARTESIAN_POINT('',(0.551041889906,0.61029635898));
#1527 = CARTESIAN_POINT('',(0.55844996771,0.686738186064));
#1528 = CARTESIAN_POINT('',(0.56352432297,0.734441749283));
#1529 = CARTESIAN_POINT('',(0.56899950052,0.781652215543));
#1530 = CARTESIAN_POINT('',(0.574870349479,0.828351257062));
#1531 = CARTESIAN_POINT('',(0.581132001387,0.874526287715));
#1532 = CARTESIAN_POINT('',(0.587779805712,0.920168384209));
#1533 = CARTESIAN_POINT('',(0.609436801204,1.059129381307));
#1534 = CARTESIAN_POINT('',(0.625709623833,1.150609710797));
#1535 = CARTESIAN_POINT('',(0.643597821449,1.239758809084));
#1536 = CARTESIAN_POINT('',(0.663079868762,1.326647327838));
#1537 = CARTESIAN_POINT('',(0.684134229895,1.411348664531));
#1538 = CARTESIAN_POINT('',(0.706735920337,1.493962840748));
#1539 = CARTESIAN_POINT('',(0.753440150483,1.650052438522));
#1540 = CARTESIAN_POINT('',(0.777342623594,1.723754189958));
#1541 = CARTESIAN_POINT('',(0.802579579463,1.795886575161));
#1542 = CARTESIAN_POINT('',(0.829139159164,1.866557977867));
#1543 = CARTESIAN_POINT('',(0.857000113488,1.935868922344));
#1544 = CARTESIAN_POINT('',(0.886134649272,2.00392701075));
#1545 = CARTESIAN_POINT('',(0.950291286214,2.145259557603));
#1546 = CARTESIAN_POINT('',(0.985596599503,2.218243801303));
#1547 = CARTESIAN_POINT('',(1.022392879514,2.289976766116));
#1548 = CARTESIAN_POINT('',(1.060614860045,2.360593453119));
#1549 = CARTESIAN_POINT('',(1.100170951377,2.430218071245));
#1550 = CARTESIAN_POINT('',(1.140948592333,2.498979069457));
#1551 = CARTESIAN_POINT('',(1.217220704587,2.6228991041));
#1552 = CARTESIAN_POINT('',(1.252351985301,2.678284863334));
#1553 = CARTESIAN_POINT('',(1.288148578481,2.733247297853));
#1554 = CARTESIAN_POINT('',(1.324525663288,2.787853151262));
#1555 = CARTESIAN_POINT('',(1.361388200705,2.842166216037));
#1556 = CARTESIAN_POINT('',(1.398634775277,2.896250779117));
#1557 = CARTESIAN_POINT('',(1.45524993127,2.977604458619));
#1558 = CARTESIAN_POINT('',(1.47441053452,3.004991765452));
#1559 = CARTESIAN_POINT('',(1.49362918923,3.032345471808));
#1560 = CARTESIAN_POINT('',(1.512891642346,3.059674023901));
#1561 = CARTESIAN_POINT('',(1.532183445124,3.086985830344));
#1562 = CARTESIAN_POINT('',(1.551489953132,3.114289262147));
#1563 = CARTESIAN_POINT('',(1.570796326249,3.141592652715));
#1564 = ( GEOMETRIC_REPRESENTATION_CONTEXT(2) 
PARAMETRIC_REPRESENTATION_CONTEXT() REPRESENTATION_CONTEXT('2D SPACE',''
  ) );
#1565 = FACE_BOUND('',#1566,.F.);
#1566 = EDGE_LOOP('',(#1567));
#1567 = ORIENTED_EDGE('',*,*,#1568,.T.);
#1568 = EDGE_CURVE('',#1569,#1569,#1571,.T.);
#1569 = VERTEX_POINT('',#1570);
#1570 = CARTESIAN_POINT('',(2.22E+03,-350.,380.5));
#1571 = SURFACE_CURVE('',#1572,(#1577,#1588),.PCURVE_S1.);
#1572 = CIRCLE('',#1573,12.5);
#1573 = AXIS2_PLACEMENT_3D('',#1574,#1575,#1576);
#1574 = CARTESIAN_POINT('',(2.22E+03,-350.,393.));
#1575 = DIRECTION('',(0.,-1.,0.));
#1576 = DIRECTION('',(0.,-0.,-1.));
#1577 = PCURVE('',#62,#1578);
#1578 = DEFINITIONAL_REPRESENTATION('',(#1579),#1587);
#1579 = ( BOUNDED_CURVE() B_SPLINE_CURVE(2,(#1580,#1581,#1582,#1583,
#1584,#1585,#1586),.UNSPECIFIED.,.T.,.F.) B_SPLINE_CURVE_WITH_KNOTS((1,2
    ,2,2,2,1),(-2.094395102393,0.,2.094395102393,4.188790204786,
6.28318530718,8.377580409573),.UNSPECIFIED.) CURVE() 
GEOMETRIC_REPRESENTATION_ITEM() RATIONAL_B_SPLINE_CURVE((1.,0.5,1.,0.5,
1.,0.5,1.)) REPRESENTATION_ITEM('') );
#1580 = CARTESIAN_POINT('',(2.5,920.));
#1581 = CARTESIAN_POINT('',(2.5,941.65063509461));
#1582 = CARTESIAN_POINT('',(21.25,930.8253175473));
#1583 = CARTESIAN_POINT('',(40.,920.));
#1584 = CARTESIAN_POINT('',(21.25,909.17468245269));
#1585 = CARTESIAN_POINT('',(2.5,898.34936490538));
#1586 = CARTESIAN_POINT('',(2.5,920.));
#1587 = ( GEOMETRIC_REPRESENTATION_CONTEXT(2) 
PARAMETRIC_REPRESENTATION_CONTEXT() REPRESENTATION_CONTEXT('2D SPACE',''
  ) );
#1588 = PCURVE('',#1589,#1594);
#1589 = CYLINDRICAL_SURFACE('',#1590,12.5);
#1590 = AXIS2_PLACEMENT_3D('',#1591,#1592,#1593);
#1591 = CARTESIAN_POINT('',(2.22E+03,-350.,393.));
#1592 = DIRECTION('',(0.,-1.,0.));
#1593 = DIRECTION('',(0.,-0.,-1.));
#1594 = DEFINITIONAL_REPRESENTATION('',(#1595),#1599);
#1595 = LINE('',#1596,#1597);
#1596 = CARTESIAN_POINT('',(0.,0.));
#1597 = VECTOR('',#1598,1.);
#1598 = DIRECTION('',(1.,0.));
#1599 = ( GEOMETRIC_REPRESENTATION_CONTEXT(2) 
PARAMETRIC_REPRESENTATION_CONTEXT() REPRESENTATION_CONTEXT('2D SPACE',''
  ) );
#1600 = FACE_BOUND('',#1601,.F.);
#1601 = EDGE_LOOP('',(#1602,#1773));
#1602 = ORIENTED_EDGE('',*,*,#1603,.T.);
#1603 = EDGE_CURVE('',#1604,#1606,#1608,.T.);
#1604 = VERTEX_POINT('',#1605);
#1605 = CARTESIAN_POINT('',(2.35E+03,-350.,403.39230484541));
#1606 = VERTEX_POINT('',#1607);
#1607 = CARTESIAN_POINT('',(2.350000000003E+03,-350.,392.99999999672));
#1608 = SURFACE_CURVE('',#1609,(#1660,#1714),.PCURVE_S1.);
#1609 = B_SPLINE_CURVE_WITH_KNOTS('',7,(#1610,#1611,#1612,#1613,#1614,
    #1615,#1616,#1617,#1618,#1619,#1620,#1621,#1622,#1623,#1624,#1625,
    #1626,#1627,#1628,#1629,#1630,#1631,#1632,#1633,#1634,#1635,#1636,
    #1637,#1638,#1639,#1640,#1641,#1642,#1643,#1644,#1645,#1646,#1647,
    #1648,#1649,#1650,#1651,#1652,#1653,#1654,#1655,#1656,#1657,#1658,
    #1659),.UNSPECIFIED.,.F.,.F.,(8,6,6,6,6,6,6,6,8),(0.,0.106155075048,
    0.156384708486,0.241971984318,0.42012227789,0.584458061224,
    0.769444845283,0.921399420188,1.),.UNSPECIFIED.);
#1610 = CARTESIAN_POINT('',(2.35E+03,-350.,403.39230484541));
#1611 = CARTESIAN_POINT('',(2.349809943013E+03,-350.,403.39230484541));
#1612 = CARTESIAN_POINT('',(2.349619831588E+03,-350.,403.37608408749));
#1613 = CARTESIAN_POINT('',(2.349431396421E+03,-350.,403.34362771918));
#1614 = CARTESIAN_POINT('',(2.349246225133E+03,-350.,403.29528187483));
#1615 = CARTESIAN_POINT('',(2.349065772896E+03,-350.,403.23165050666));
#1616 = CARTESIAN_POINT('',(2.348891360825E+03,-350.,403.15355934747));
#1617 = CARTESIAN_POINT('',(2.348645048373E+03,-350.,403.01880483265));
#1618 = CARTESIAN_POINT('',(2.348567535097E+03,-350.,402.97251867983));
#1619 = CARTESIAN_POINT('',(2.348491738101E+03,-350.,402.92333565746));
#1620 = CARTESIAN_POINT('',(2.348417760303E+03,-350.,402.87136925947));
#1621 = CARTESIAN_POINT('',(2.348345692529E+03,-350.,402.81673803949));
#1622 = CARTESIAN_POINT('',(2.348275614273E+03,-350.,402.75956428762));
#1623 = CARTESIAN_POINT('',(2.348091694154E+03,-350.,402.59843342293));
#1624 = CARTESIAN_POINT('',(2.347981768382E+03,-350.,402.48987279236));
#1625 = CARTESIAN_POINT('',(2.347878155561E+03,-350.,402.37490611994));
#1626 = CARTESIAN_POINT('',(2.347781089447E+03,-350.,402.25415544199));
#1627 = CARTESIAN_POINT('',(2.347690717236E+03,-350.,402.12823246828));
#1628 = CARTESIAN_POINT('',(2.347607113491E+03,-350.,401.99772627086));
#1629 = CARTESIAN_POINT('',(2.347370381186E+03,-350.,401.5831697826));
#1630 = CARTESIAN_POINT('',(2.347239928847E+03,-350.,401.28584755942));
#1631 = CARTESIAN_POINT('',(2.347138836687E+03,-350.,400.97603843713));
#1632 = CARTESIAN_POINT('',(2.347066058964E+03,-350.,400.65793400483));
#1633 = CARTESIAN_POINT('',(2.347019976376E+03,-350.,400.3350009292));
#1634 = CARTESIAN_POINT('',(2.346998632998E+03,-350.,400.00993707888));
#1635 = CARTESIAN_POINT('',(2.347001359984E+03,-350.,399.38449899934));
#1636 = CARTESIAN_POINT('',(2.347022036404E+03,-350.,399.08423432526));
#1637 = CARTESIAN_POINT('',(2.34706051361E+03,-350.,398.78523676576));
#1638 = CARTESIAN_POINT('',(2.347115215423E+03,-350.,398.48859713804));
#1639 = CARTESIAN_POINT('',(2.347184594141E+03,-350.,398.195084153));
#1640 = CARTESIAN_POINT('',(2.347267183856E+03,-350.,397.90515832072));
#1641 = CARTESIAN_POINT('',(2.347468028683E+03,-350.,397.29685251043));
#1642 = CARTESIAN_POINT('',(2.347589426722E+03,-350.,396.97957799859));
#1643 = CARTESIAN_POINT('',(2.347723966977E+03,-350.,396.66740703385));
#1644 = CARTESIAN_POINT('',(2.347869895024E+03,-350.,396.36037046811));
#1645 = CARTESIAN_POINT('',(2.348025598197E+03,-350.,396.05829258966));
#1646 = CARTESIAN_POINT('',(2.348189617746E+03,-350.,395.76080141999));
#1647 = CARTESIAN_POINT('',(2.348501184939E+03,-350.,395.22628470926));
#1648 = CARTESIAN_POINT('',(2.348646421677E+03,-350.,394.98798544182));
#1649 = CARTESIAN_POINT('',(2.348795658928E+03,-350.,394.75215633267));
#1650 = CARTESIAN_POINT('',(2.348948214116E+03,-350.,394.51848079717));
#1651 = CARTESIAN_POINT('',(2.349103443654E+03,-350.,394.28661301097));
#1652 = CARTESIAN_POINT('',(2.349260739541E+03,-350.,394.05617712745));
#1653 = CARTESIAN_POINT('',(2.349501660425E+03,-350.,393.70810071147));
#1654 = CARTESIAN_POINT('',(2.349584191686E+03,-350.,393.58971203218));
#1655 = CARTESIAN_POINT('',(2.34966703903E+03,-350.,393.47154590939));
#1656 = CARTESIAN_POINT('',(2.349750122454E+03,-350.,393.35354733726));
#1657 = CARTESIAN_POINT('',(2.349833362676E+03,-350.,393.23566085197));
#1658 = CARTESIAN_POINT('',(2.349916681138E+03,-350.,393.11783053171));
#1659 = CARTESIAN_POINT('',(2.350000000003E+03,-350.,392.99999999672));
#1660 = PCURVE('',#62,#1661);
#1661 = DEFINITIONAL_REPRESENTATION('',(#1662),#1713);
#1662 = B_SPLINE_CURVE_WITH_KNOTS('',7,(#1663,#1664,#1665,#1666,#1667,
    #1668,#1669,#1670,#1671,#1672,#1673,#1674,#1675,#1676,#1677,#1678,
    #1679,#1680,#1681,#1682,#1683,#1684,#1685,#1686,#1687,#1688,#1689,
    #1690,#1691,#1692,#1693,#1694,#1695,#1696,#1697,#1698,#1699,#1700,
    #1701,#1702,#1703,#1704,#1705,#1706,#1707,#1708,#1709,#1710,#1711,
    #1712),.UNSPECIFIED.,.F.,.F.,(8,6,6,6,6,6,6,6,8),(0.,0.106155075048,
    0.156384708486,0.241971984318,0.42012227789,0.584458061224,
    0.769444845283,0.921399420188,1.),.UNSPECIFIED.);
#1663 = CARTESIAN_POINT('',(25.392304845413,1.05E+03));
#1664 = CARTESIAN_POINT('',(25.392304845413,1.049809943013E+03));
#1665 = CARTESIAN_POINT('',(25.376084087493,1.049619831588E+03));
#1666 = CARTESIAN_POINT('',(25.343627719187,1.049431396421E+03));
#1667 = CARTESIAN_POINT('',(25.295281874835,1.049246225133E+03));
#1668 = CARTESIAN_POINT('',(25.231650506668,1.049065772896E+03));
#1669 = CARTESIAN_POINT('',(25.153559347478,1.048891360825E+03));
#1670 = CARTESIAN_POINT('',(25.018804832656,1.048645048373E+03));
#1671 = CARTESIAN_POINT('',(24.972518679837,1.048567535097E+03));
#1672 = CARTESIAN_POINT('',(24.923335657462,1.048491738101E+03));
#1673 = CARTESIAN_POINT('',(24.871369259474,1.048417760303E+03));
#1674 = CARTESIAN_POINT('',(24.816738039495,1.048345692529E+03));
#1675 = CARTESIAN_POINT('',(24.759564287623,1.048275614273E+03));
#1676 = CARTESIAN_POINT('',(24.598433422939,1.048091694154E+03));
#1677 = CARTESIAN_POINT('',(24.489872792365,1.047981768382E+03));
#1678 = CARTESIAN_POINT('',(24.374906119942,1.047878155561E+03));
#1679 = CARTESIAN_POINT('',(24.25415544199,1.047781089447E+03));
#1680 = CARTESIAN_POINT('',(24.128232468289,1.047690717236E+03));
#1681 = CARTESIAN_POINT('',(23.997726270867,1.047607113491E+03));
#1682 = CARTESIAN_POINT('',(23.583169782605,1.047370381186E+03));
#1683 = CARTESIAN_POINT('',(23.285847559423,1.047239928847E+03));
#1684 = CARTESIAN_POINT('',(22.976038437137,1.047138836687E+03));
#1685 = CARTESIAN_POINT('',(22.657934004835,1.047066058964E+03));
#1686 = CARTESIAN_POINT('',(22.335000929204,1.047019976376E+03));
#1687 = CARTESIAN_POINT('',(22.009937078889,1.046998632998E+03));
#1688 = CARTESIAN_POINT('',(21.384498999348,1.047001359984E+03));
#1689 = CARTESIAN_POINT('',(21.084234325269,1.047022036404E+03));
#1690 = CARTESIAN_POINT('',(20.785236765762,1.04706051361E+03));
#1691 = CARTESIAN_POINT('',(20.488597138047,1.047115215423E+03));
#1692 = CARTESIAN_POINT('',(20.195084153,1.047184594141E+03));
#1693 = CARTESIAN_POINT('',(19.905158320725,1.047267183856E+03));
#1694 = CARTESIAN_POINT('',(19.296852510435,1.047468028683E+03));
#1695 = CARTESIAN_POINT('',(18.979577998599,1.047589426722E+03));
#1696 = CARTESIAN_POINT('',(18.667407033854,1.047723966977E+03));
#1697 = CARTESIAN_POINT('',(18.360370468116,1.047869895024E+03));
#1698 = CARTESIAN_POINT('',(18.05829258966,1.048025598197E+03));
#1699 = CARTESIAN_POINT('',(17.760801419996,1.048189617746E+03));
#1700 = CARTESIAN_POINT('',(17.226284709266,1.048501184939E+03));
#1701 = CARTESIAN_POINT('',(16.987985441826,1.048646421677E+03));
#1702 = CARTESIAN_POINT('',(16.752156332672,1.048795658928E+03));
#1703 = CARTESIAN_POINT('',(16.518480797173,1.048948214116E+03));
#1704 = CARTESIAN_POINT('',(16.286613010976,1.049103443654E+03));
#1705 = CARTESIAN_POINT('',(16.056177127454,1.049260739541E+03));
#1706 = CARTESIAN_POINT('',(15.708100711479,1.049501660425E+03));
#1707 = CARTESIAN_POINT('',(15.589712032184,1.049584191686E+03));
#1708 = CARTESIAN_POINT('',(15.471545909396,1.04966703903E+03));
#1709 = CARTESIAN_POINT('',(15.353547337266,1.049750122454E+03));
#1710 = CARTESIAN_POINT('',(15.235660851972,1.049833362676E+03));
#1711 = CARTESIAN_POINT('',(15.117830531716,1.049916681138E+03));
#1712 = CARTESIAN_POINT('',(14.999999996725,1.050000000003E+03));
#1713 = ( GEOMETRIC_REPRESENTATION_CONTEXT(2) 
PARAMETRIC_REPRESENTATION_CONTEXT() REPRESENTATION_CONTEXT('2D SPACE',''
  ) );
#1714 = PCURVE('',#1715,#1720);
#1715 = TOROIDAL_SURFACE('',#1716,9.,3.);
#1716 = AXIS2_PLACEMENT_3D('',#1717,#1718,#1719);
#1717 = CARTESIAN_POINT('',(2.35E+03,-356.,393.));
#1718 = DIRECTION('',(1.,0.,2.22044604925E-16));
#1719 = DIRECTION('',(2.22044604925E-16,0.,-1.));
#1720 = DEFINITIONAL_REPRESENTATION('',(#1721),#1772);
#1721 = B_SPLINE_CURVE_WITH_KNOTS('',7,(#1722,#1723,#1724,#1725,#1726,
    #1727,#1728,#1729,#1730,#1731,#1732,#1733,#1734,#1735,#1736,#1737,
    #1738,#1739,#1740,#1741,#1742,#1743,#1744,#1745,#1746,#1747,#1748,
    #1749,#1750,#1751,#1752,#1753,#1754,#1755,#1756,#1757,#1758,#1759,
    #1760,#1761,#1762,#1763,#1764,#1765,#1766,#1767,#1768,#1769,#1770,
    #1771),.UNSPECIFIED.,.F.,.F.,(8,6,6,6,6,6,6,6,8),(0.,0.106155075048,
    0.156384708486,0.241971984318,0.42012227789,0.584458061224,
    0.769444845283,0.921399420188,1.),.UNSPECIFIED.);
#1722 = CARTESIAN_POINT('',(2.617993877991,6.28318530718));
#1723 = CARTESIAN_POINT('',(2.617993877991,6.219832978137));
#1724 = CARTESIAN_POINT('',(2.617318011962,6.156462649875));
#1725 = CARTESIAN_POINT('',(2.615965671137,6.093235093663));
#1726 = CARTESIAN_POINT('',(2.61394126447,6.030265197399));
#1727 = CARTESIAN_POINT('',(2.611250103435,5.967650783749));
#1728 = CARTESIAN_POINT('',(2.607898750493,5.905493940475));
#1729 = CARTESIAN_POINT('',(2.602007653663,5.814777353555));
#1730 = CARTESIAN_POINT('',(2.599970140374,5.785763886832));
#1731 = CARTESIAN_POINT('',(2.597788308897,5.756883816546));
#1732 = CARTESIAN_POINT('',(2.595463193706,5.728145168264));
#1733 = CARTESIAN_POINT('',(2.592995852944,5.699554959802));
#1734 = CARTESIAN_POINT('',(2.590387375179,5.671119521716));
#1735 = CARTESIAN_POINT('',(2.58295568079,5.594666984919));
#1736 = CARTESIAN_POINT('',(2.577865902273,5.546955042433));
#1737 = CARTESIAN_POINT('',(2.572375040111,5.499737259977));
#1738 = CARTESIAN_POINT('',(2.566488247471,5.453031852621));
#1739 = CARTESIAN_POINT('',(2.560210393341,5.406851300785));
#1740 = CARTESIAN_POINT('',(2.553546126531,5.361204419512));
#1741 = CARTESIAN_POINT('',(2.531833307002,5.22220317062));
#1742 = CARTESIAN_POINT('',(2.515519314625,5.130690988138));
#1743 = CARTESIAN_POINT('',(2.497587802628,5.041513042214));
#1744 = CARTESIAN_POINT('',(2.478060242675,4.954598040709));
#1745 = CARTESIAN_POINT('',(2.456958168228,4.869872008804));
#1746 = CARTESIAN_POINT('',(2.434306582207,4.787234373567));
#1747 = CARTESIAN_POINT('',(2.387796350044,4.632084050011));
#1748 = CARTESIAN_POINT('',(2.364172664169,4.559300251352));
#1749 = CARTESIAN_POINT('',(2.339247147781,4.488047233249));
#1750 = CARTESIAN_POINT('',(2.313031310042,4.418220455395));
#1751 = CARTESIAN_POINT('',(2.285545519272,4.349722783101));
#1752 = CARTESIAN_POINT('',(2.256816318812,4.282450432861));
#1753 = CARTESIAN_POINT('',(2.193158295233,4.141803779739));
#1754 = CARTESIAN_POINT('',(2.157914853428,4.068748645861));
#1755 = CARTESIAN_POINT('',(2.121177607279,3.996950511014));
#1756 = CARTESIAN_POINT('',(2.08301124515,3.92627415149));
#1757 = CARTESIAN_POINT('',(2.043506740298,3.856595182613));
#1758 = CARTESIAN_POINT('',(2.002776018428,3.787784945382));
#1759 = CARTESIAN_POINT('',(1.926575742981,3.663777640025));
#1760 = CARTESIAN_POINT('',(1.891470960849,3.608352433818));
#1761 = CARTESIAN_POINT('',(1.855696809367,3.553353828973));
#1762 = CARTESIAN_POINT('',(1.819337830373,3.498714971328));
#1763 = CARTESIAN_POINT('',(1.782488836754,3.444371978596));
#1764 = CARTESIAN_POINT('',(1.745251082146,3.390260479394));
#1765 = CARTESIAN_POINT('',(1.688319326532,3.308406643047));
#1766 = CARTESIAN_POINT('',(1.668834368941,3.280545432742));
#1767 = CARTESIAN_POINT('',(1.649288332,3.252719588635));
#1768 = CARTESIAN_POINT('',(1.629696202782,3.224920218947));
#1769 = CARTESIAN_POINT('',(1.610073181296,3.19713847284));
#1770 = CARTESIAN_POINT('',(1.59043468049,3.169365540415));
#1771 = CARTESIAN_POINT('',(1.570796326249,3.141592652715));
#1772 = ( GEOMETRIC_REPRESENTATION_CONTEXT(2) 
PARAMETRIC_REPRESENTATION_CONTEXT() REPRESENTATION_CONTEXT('2D SPACE',''
  ) );
#1773 = ORIENTED_EDGE('',*,*,#1774,.F.);
#1774 = EDGE_CURVE('',#1604,#1606,#1775,.T.);
#1775 = SURFACE_CURVE('',#1776,(#1827,#1881),.PCURVE_S1.);
#1776 = B_SPLINE_CURVE_WITH_KNOTS('',7,(#1777,#1778,#1779,#1780,#1781,
    #1782,#1783,#1784,#1785,#1786,#1787,#1788,#1789,#1790,#1791,#1792,
    #1793,#1794,#1795,#1796,#1797,#1798,#1799,#1800,#1801,#1802,#1803,
    #1804,#1805,#1806,#1807,#1808,#1809,#1810,#1811,#1812,#1813,#1814,
    #1815,#1816,#1817,#1818,#1819,#1820,#1821,#1822,#1823,#1824,#1825,
    #1826),.UNSPECIFIED.,.F.,.F.,(8,6,6,6,6,6,6,6,8),(0.,0.105723151278,
    0.155935373616,0.241479417414,0.419487733246,0.585861893923,
    0.770816986007,0.92272813485,1.),.UNSPECIFIED.);
#1777 = CARTESIAN_POINT('',(2.35E+03,-350.,403.39230484541));
#1778 = CARTESIAN_POINT('',(2.350189283897E+03,-350.,403.39230484541));
#1779 = CARTESIAN_POINT('',(2.350378621225E+03,-350.,403.37621578831));
#1780 = CARTESIAN_POINT('',(2.350566303108E+03,-350.,403.3440231378));
#1781 = CARTESIAN_POINT('',(2.350750760845E+03,-350.,403.29606721449));
#1782 = CARTESIAN_POINT('',(2.350930555664E+03,-350.,403.23294238141));
#1783 = CARTESIAN_POINT('',(2.351104380344E+03,-350.,403.15546182409));
#1784 = CARTESIAN_POINT('',(2.351350241705E+03,-350.,403.02157571054));
#1785 = CARTESIAN_POINT('',(2.351427816237E+03,-350.,402.97545701467));
#1786 = CARTESIAN_POINT('',(2.351503680257E+03,-350.,402.9264385872));
#1787 = CARTESIAN_POINT('',(2.35157773054E+03,-350.,402.87463360381));
#1788 = CARTESIAN_POINT('',(2.351649875942E+03,-350.,402.82016034405));
#1789 = CARTESIAN_POINT('',(2.35172003663E+03,-350.,402.76314086903));
#1790 = CARTESIAN_POINT('',(2.351904173289E+03,-350.,402.60243276044));
#1791 = CARTESIAN_POINT('',(2.35201424358E+03,-350.,402.49413545399));
#1792 = CARTESIAN_POINT('',(2.352118014195E+03,-350.,402.37942191284));
#1793 = CARTESIAN_POINT('',(2.352215249772E+03,-350.,402.25891334016));
#1794 = CARTESIAN_POINT('',(2.352305801519E+03,-350.,402.13322091156));
#1795 = CARTESIAN_POINT('',(2.352389593331E+03,-350.,402.00293344375));
#1796 = CARTESIAN_POINT('',(2.352626880162E+03,-350.,401.58909626848));
#1797 = CARTESIAN_POINT('',(2.352757739795E+03,-350.,401.29224475755));
#1798 = CARTESIAN_POINT('',(2.35285927396E+03,-350.,400.98286135462));
#1799 = CARTESIAN_POINT('',(2.352932517362E+03,-350.,400.66513756634));
#1800 = CARTESIAN_POINT('',(2.352979079653E+03,-350.,400.34254210688));
#1801 = CARTESIAN_POINT('',(2.353000909144E+03,-350.,400.01777678475));
#1802 = CARTESIAN_POINT('',(2.352999107309E+03,-350.,399.38888604426));
#1803 = CARTESIAN_POINT('',(2.352978354589E+03,-350.,399.08487219379));
#1804 = CARTESIAN_POINT('',(2.35293934575E+03,-350.,398.78215190321));
#1805 = CARTESIAN_POINT('',(2.352883716549E+03,-350.,398.48185767556));
#1806 = CARTESIAN_POINT('',(2.352813072967E+03,-350.,398.18478423309));
#1807 = CARTESIAN_POINT('',(2.352728934755E+03,-350.,397.89140331634));
#1808 = CARTESIAN_POINT('',(2.352525637284E+03,-350.,397.28001956716));
#1809 = CARTESIAN_POINT('',(2.352403651624E+03,-350.,396.96303020539));
#1810 = CARTESIAN_POINT('',(2.352268595787E+03,-350.,396.65114545775));
#1811 = CARTESIAN_POINT('',(2.352122218362E+03,-350.,396.34438849573));
#1812 = CARTESIAN_POINT('',(2.351966126424E+03,-350.,396.04257775608));
#1813 = CARTESIAN_POINT('',(2.351801773699E+03,-350.,395.74533708898));
#1814 = CARTESIAN_POINT('',(2.351489709741E+03,-350.,395.21126909042));
#1815 = CARTESIAN_POINT('',(2.351344293637E+03,-350.,394.97317347586));
#1816 = CARTESIAN_POINT('',(2.351194910298E+03,-350.,394.73753267558));
#1817 = CARTESIAN_POINT('',(2.351042240066E+03,-350.,394.50402899943));
#1818 = CARTESIAN_POINT('',(2.350886924644E+03,-350.,394.2723158864));
#1819 = CARTESIAN_POINT('',(2.35072957051E+03,-350.,394.04201710009));
#1820 = CARTESIAN_POINT('',(2.350489967117E+03,-350.,393.69609355738));
#1821 = CARTESIAN_POINT('',(2.350408805008E+03,-350.,393.57972456872));
#1822 = CARTESIAN_POINT('',(2.350327342642E+03,-350.,393.46356708545));
#1823 = CARTESIAN_POINT('',(2.350245655986E+03,-350.,393.34756881329));
#1824 = CARTESIAN_POINT('',(2.350163820344E+03,-350.,393.23167703635));
#1825 = CARTESIAN_POINT('',(2.350081910357E+03,-350.,393.11583861718));
#1826 = CARTESIAN_POINT('',(2.350000000003E+03,-350.,392.99999999672));
#1827 = PCURVE('',#62,#1828);
#1828 = DEFINITIONAL_REPRESENTATION('',(#1829),#1880);
#1829 = B_SPLINE_CURVE_WITH_KNOTS('',7,(#1830,#1831,#1832,#1833,#1834,
    #1835,#1836,#1837,#1838,#1839,#1840,#1841,#1842,#1843,#1844,#1845,
    #1846,#1847,#1848,#1849,#1850,#1851,#1852,#1853,#1854,#1855,#1856,
    #1857,#1858,#1859,#1860,#1861,#1862,#1863,#1864,#1865,#1866,#1867,
    #1868,#1869,#1870,#1871,#1872,#1873,#1874,#1875,#1876,#1877,#1878,
    #1879),.UNSPECIFIED.,.F.,.F.,(8,6,6,6,6,6,6,6,8),(0.,0.105723151278,
    0.155935373616,0.241479417414,0.419487733246,0.585861893923,
    0.770816986007,0.92272813485,1.),.UNSPECIFIED.);
#1830 = CARTESIAN_POINT('',(25.392304845413,1.05E+03));
#1831 = CARTESIAN_POINT('',(25.392304845413,1.050189283897E+03));
#1832 = CARTESIAN_POINT('',(25.37621578831,1.050378621225E+03));
#1833 = CARTESIAN_POINT('',(25.344023137804,1.050566303108E+03));
#1834 = CARTESIAN_POINT('',(25.296067214499,1.050750760845E+03));
#1835 = CARTESIAN_POINT('',(25.232942381418,1.050930555664E+03));
#1836 = CARTESIAN_POINT('',(25.155461824093,1.051104380344E+03));
#1837 = CARTESIAN_POINT('',(25.021575710541,1.051350241705E+03));
#1838 = CARTESIAN_POINT('',(24.975457014679,1.051427816237E+03));
#1839 = CARTESIAN_POINT('',(24.926438587202,1.051503680257E+03));
#1840 = CARTESIAN_POINT('',(24.874633603812,1.05157773054E+03));
#1841 = CARTESIAN_POINT('',(24.820160344054,1.051649875942E+03));
#1842 = CARTESIAN_POINT('',(24.763140869034,1.05172003663E+03));
#1843 = CARTESIAN_POINT('',(24.602432760446,1.051904173289E+03));
#1844 = CARTESIAN_POINT('',(24.494135453998,1.05201424358E+03));
#1845 = CARTESIAN_POINT('',(24.379421912843,1.052118014195E+03));
#1846 = CARTESIAN_POINT('',(24.258913340168,1.052215249772E+03));
#1847 = CARTESIAN_POINT('',(24.133220911567,1.052305801519E+03));
#1848 = CARTESIAN_POINT('',(24.002933443751,1.052389593331E+03));
#1849 = CARTESIAN_POINT('',(23.589096268486,1.052626880162E+03));
#1850 = CARTESIAN_POINT('',(23.292244757558,1.052757739795E+03));
#1851 = CARTESIAN_POINT('',(22.98286135462,1.05285927396E+03));
#1852 = CARTESIAN_POINT('',(22.665137566341,1.052932517362E+03));
#1853 = CARTESIAN_POINT('',(22.342542106888,1.052979079653E+03));
#1854 = CARTESIAN_POINT('',(22.017776784759,1.053000909144E+03));
#1855 = CARTESIAN_POINT('',(21.388886044267,1.052999107309E+03));
#1856 = CARTESIAN_POINT('',(21.08487219379,1.052978354589E+03));
#1857 = CARTESIAN_POINT('',(20.782151903216,1.05293934575E+03));
#1858 = CARTESIAN_POINT('',(20.481857675561,1.052883716549E+03));
#1859 = CARTESIAN_POINT('',(20.184784233094,1.052813072967E+03));
#1860 = CARTESIAN_POINT('',(19.891403316347,1.052728934755E+03));
#1861 = CARTESIAN_POINT('',(19.280019567166,1.052525637284E+03));
#1862 = CARTESIAN_POINT('',(18.963030205394,1.052403651624E+03));
#1863 = CARTESIAN_POINT('',(18.651145457759,1.052268595787E+03));
#1864 = CARTESIAN_POINT('',(18.344388495737,1.052122218362E+03));
#1865 = CARTESIAN_POINT('',(18.042577756083,1.051966126424E+03));
#1866 = CARTESIAN_POINT('',(17.745337088985,1.051801773699E+03));
#1867 = CARTESIAN_POINT('',(17.211269090424,1.051489709741E+03));
#1868 = CARTESIAN_POINT('',(16.97317347586,1.051344293637E+03));
#1869 = CARTESIAN_POINT('',(16.737532675584,1.051194910298E+03));
#1870 = CARTESIAN_POINT('',(16.504028999434,1.051042240066E+03));
#1871 = CARTESIAN_POINT('',(16.272315886404,1.050886924644E+03));
#1872 = CARTESIAN_POINT('',(16.042017100092,1.05072957051E+03));
#1873 = CARTESIAN_POINT('',(15.696093557389,1.050489967117E+03));
#1874 = CARTESIAN_POINT('',(15.579724568725,1.050408805008E+03));
#1875 = CARTESIAN_POINT('',(15.463567085456,1.050327342642E+03));
#1876 = CARTESIAN_POINT('',(15.347568813291,1.050245655986E+03));
#1877 = CARTESIAN_POINT('',(15.231677036352,1.050163820344E+03));
#1878 = CARTESIAN_POINT('',(15.11583861718,1.050081910357E+03));
#1879 = CARTESIAN_POINT('',(14.999999996725,1.050000000003E+03));
#1880 = ( GEOMETRIC_REPRESENTATION_CONTEXT(2) 
PARAMETRIC_REPRESENTATION_CONTEXT() REPRESENTATION_CONTEXT('2D SPACE',''
  ) );
#1881 = PCURVE('',#1715,#1882);
#1882 = DEFINITIONAL_REPRESENTATION('',(#1883),#1934);
#1883 = B_SPLINE_CURVE_WITH_KNOTS('',7,(#1884,#1885,#1886,#1887,#1888,
    #1889,#1890,#1891,#1892,#1893,#1894,#1895,#1896,#1897,#1898,#1899,
    #1900,#1901,#1902,#1903,#1904,#1905,#1906,#1907,#1908,#1909,#1910,
    #1911,#1912,#1913,#1914,#1915,#1916,#1917,#1918,#1919,#1920,#1921,
    #1922,#1923,#1924,#1925,#1926,#1927,#1928,#1929,#1930,#1931,#1932,
    #1933),.UNSPECIFIED.,.F.,.F.,(8,6,6,6,6,6,6,6,8),(0.,0.105723151278,
    0.155935373616,0.241479417414,0.419487733246,0.585861893923,
    0.770816986007,0.92272813485,1.),.UNSPECIFIED.);
#1884 = CARTESIAN_POINT('',(2.617993877991,0.));
#1885 = CARTESIAN_POINT('',(2.617993877991,6.309463248101E-02));
#1886 = CARTESIAN_POINT('',(2.617323499529,0.126206932125));
#1887 = CARTESIAN_POINT('',(2.615982146712,0.189178331932));
#1888 = CARTESIAN_POINT('',(2.613974148812,0.251895230979));
#1889 = CARTESIAN_POINT('',(2.611304737561,0.314260795383));
#1890 = CARTESIAN_POINT('',(2.607980386818,0.376174037412));
#1891 = CARTESIAN_POINT('',(2.602129485752,0.466650046409));
#1892 = CARTESIAN_POINT('',(2.600100178749,0.495660351008));
#1893 = CARTESIAN_POINT('',(2.597926608233,0.524537710816));
#1894 = CARTESIAN_POINT('',(2.595609806247,0.553274078243));
#1895 = CARTESIAN_POINT('',(2.593150829013,0.581862412613));
#1896 = CARTESIAN_POINT('',(2.590550763684,0.610296358981));
#1897 = CARTESIAN_POINT('',(2.58314268588,0.686738186065));
#1898 = CARTESIAN_POINT('',(2.57806833062,0.734441749284));
#1899 = CARTESIAN_POINT('',(2.57259315307,0.781652215544));
#1900 = CARTESIAN_POINT('',(2.566722304111,0.828351257063));
#1901 = CARTESIAN_POINT('',(2.560460652202,0.874526287716));
#1902 = CARTESIAN_POINT('',(2.553812847878,0.92016838421));
#1903 = CARTESIAN_POINT('',(2.532155852386,1.059129381308));
#1904 = CARTESIAN_POINT('',(2.515883029757,1.150609710798));
#1905 = CARTESIAN_POINT('',(2.49799483214,1.239758809086));
#1906 = CARTESIAN_POINT('',(2.478512784828,1.326647327838));
#1907 = CARTESIAN_POINT('',(2.457458423695,1.411348664532));
#1908 = CARTESIAN_POINT('',(2.434856733253,1.493962840749));
#1909 = CARTESIAN_POINT('',(2.388152503106,1.650052438523));
#1910 = CARTESIAN_POINT('',(2.364250029996,1.723754189959));
#1911 = CARTESIAN_POINT('',(2.339013074126,1.795886575162));
#1912 = CARTESIAN_POINT('',(2.312453494426,1.866557977867));
#1913 = CARTESIAN_POINT('',(2.284592540101,1.935868922345));
#1914 = CARTESIAN_POINT('',(2.255458004318,2.003927010751));
#1915 = CARTESIAN_POINT('',(2.191301367375,2.145259557604));
#1916 = CARTESIAN_POINT('',(2.155996054086,2.218243801304));
#1917 = CARTESIAN_POINT('',(2.119199774076,2.289976766117));
#1918 = CARTESIAN_POINT('',(2.080977793544,2.36059345312));
#1919 = CARTESIAN_POINT('',(2.041421702213,2.430218071246));
#1920 = CARTESIAN_POINT('',(2.000644061256,2.498979069458));
#1921 = CARTESIAN_POINT('',(1.924371949002,2.6228991041));
#1922 = CARTESIAN_POINT('',(1.889240668288,2.678284863335));
#1923 = CARTESIAN_POINT('',(1.853444075108,2.733247297854));
#1924 = CARTESIAN_POINT('',(1.817066990301,2.787853151263));
#1925 = CARTESIAN_POINT('',(1.780204452884,2.842166216038));
#1926 = CARTESIAN_POINT('',(1.742957878312,2.896250779117));
#1927 = CARTESIAN_POINT('',(1.686342722221,2.97760445876));
#1928 = CARTESIAN_POINT('',(1.667182118783,3.004991765515));
#1929 = CARTESIAN_POINT('',(1.647963463964,3.032345472002));
#1930 = CARTESIAN_POINT('',(1.628701010862,3.05967402454));
#1931 = CARTESIAN_POINT('',(1.609409208134,3.086985831517));
#1932 = CARTESIAN_POINT('',(1.590102700003,3.114289263398));
#1933 = CARTESIAN_POINT('',(1.570796326249,3.141592652715));
#1934 = ( GEOMETRIC_REPRESENTATION_CONTEXT(2) 
PARAMETRIC_REPRESENTATION_CONTEXT() REPRESENTATION_CONTEXT('2D SPACE',''
  ) );
#1935 = ADVANCED_FACE('',(#1936,#1984,#2098,#2212,#2326),#367,.T.);
#1936 = FACE_BOUND('',#1937,.T.);
#1937 = EDGE_LOOP('',(#1938,#1939,#1940,#1963));
#1938 = ORIENTED_EDGE('',*,*,#353,.F.);
#1939 = ORIENTED_EDGE('',*,*,#406,.F.);
#1940 = ORIENTED_EDGE('',*,*,#1941,.T.);
#1941 = EDGE_CURVE('',#407,#1942,#1944,.T.);
#1942 = VERTEX_POINT('',#1943);
#1943 = CARTESIAN_POINT('',(2.5E+03,350.,408.));
#1944 = SURFACE_CURVE('',#1945,(#1949,#1956),.PCURVE_S1.);
#1945 = LINE('',#1946,#1947);
#1946 = CARTESIAN_POINT('',(2.5E+03,-350.,408.));
#1947 = VECTOR('',#1948,1.);
#1948 = DIRECTION('',(0.,1.,0.));
#1949 = PCURVE('',#367,#1950);
#1950 = DEFINITIONAL_REPRESENTATION('',(#1951),#1955);
#1951 = LINE('',#1952,#1953);
#1952 = CARTESIAN_POINT('',(1.2E+03,0.));
#1953 = VECTOR('',#1954,1.);
#1954 = DIRECTION('',(0.,1.));
#1955 = ( GEOMETRIC_REPRESENTATION_CONTEXT(2) 
PARAMETRIC_REPRESENTATION_CONTEXT() REPRESENTATION_CONTEXT('2D SPACE',''
  ) );
#1956 = PCURVE('',#445,#1957);
#1957 = DEFINITIONAL_REPRESENTATION('',(#1958),#1962);
#1958 = LINE('',#1959,#1960);
#1959 = CARTESIAN_POINT('',(30.,0.));
#1960 = VECTOR('',#1961,1.);
#1961 = DIRECTION('',(0.,-1.));
#1962 = ( GEOMETRIC_REPRESENTATION_CONTEXT(2) 
PARAMETRIC_REPRESENTATION_CONTEXT() REPRESENTATION_CONTEXT('2D SPACE',''
  ) );
#1963 = ORIENTED_EDGE('',*,*,#1964,.F.);
#1964 = EDGE_CURVE('',#326,#1942,#1965,.T.);
#1965 = SURFACE_CURVE('',#1966,(#1970,#1977),.PCURVE_S1.);
#1966 = LINE('',#1967,#1968);
#1967 = CARTESIAN_POINT('',(1.3E+03,350.,408.));
#1968 = VECTOR('',#1969,1.);
#1969 = DIRECTION('',(1.,0.,0.));
#1970 = PCURVE('',#367,#1971);
#1971 = DEFINITIONAL_REPRESENTATION('',(#1972),#1976);
#1972 = LINE('',#1973,#1974);
#1973 = CARTESIAN_POINT('',(0.,700.));
#1974 = VECTOR('',#1975,1.);
#1975 = DIRECTION('',(1.,0.));
#1976 = ( GEOMETRIC_REPRESENTATION_CONTEXT(2) 
PARAMETRIC_REPRESENTATION_CONTEXT() REPRESENTATION_CONTEXT('2D SPACE',''
  ) );
#1977 = PCURVE('',#341,#1978);
#1978 = DEFINITIONAL_REPRESENTATION('',(#1979),#1983);
#1979 = LINE('',#1980,#1981);
#1980 = CARTESIAN_POINT('',(30.,0.));
#1981 = VECTOR('',#1982,1.);
#1982 = DIRECTION('',(0.,1.));
#1983 = ( GEOMETRIC_REPRESENTATION_CONTEXT(2) 
PARAMETRIC_REPRESENTATION_CONTEXT() REPRESENTATION_CONTEXT('2D SPACE',''
  ) );
#1984 = FACE_BOUND('',#1985,.T.);
#1985 = EDGE_LOOP('',(#1986,#2016,#2044,#2072));
#1986 = ORIENTED_EDGE('',*,*,#1987,.T.);
#1987 = EDGE_CURVE('',#1988,#1990,#1992,.T.);
#1988 = VERTEX_POINT('',#1989);
#1989 = CARTESIAN_POINT('',(1.935E+03,320.,408.));
#1990 = VERTEX_POINT('',#1991);
#1991 = CARTESIAN_POINT('',(2.235E+03,320.,408.));
#1992 = SURFACE_CURVE('',#1993,(#1997,#2004),.PCURVE_S1.);
#1993 = LINE('',#1994,#1995);
#1994 = CARTESIAN_POINT('',(1.3E+03,320.,408.));
#1995 = VECTOR('',#1996,1.);
#1996 = DIRECTION('',(1.,0.,-0.));
#1997 = PCURVE('',#367,#1998);
#1998 = DEFINITIONAL_REPRESENTATION('',(#1999),#2003);
#1999 = LINE('',#2000,#2001);
#2000 = CARTESIAN_POINT('',(0.,670.));
#2001 = VECTOR('',#2002,1.);
#2002 = DIRECTION('',(1.,0.));
#2003 = ( GEOMETRIC_REPRESENTATION_CONTEXT(2) 
PARAMETRIC_REPRESENTATION_CONTEXT() REPRESENTATION_CONTEXT('2D SPACE',''
  ) );
#2004 = PCURVE('',#2005,#2010);
#2005 = PLANE('',#2006);
#2006 = AXIS2_PLACEMENT_3D('',#2007,#2008,#2009);
#2007 = CARTESIAN_POINT('',(1.3E+03,320.,378.));
#2008 = DIRECTION('',(-0.,1.,0.));
#2009 = DIRECTION('',(0.,0.,1.));
#2010 = DEFINITIONAL_REPRESENTATION('',(#2011),#2015);
#2011 = LINE('',#2012,#2013);
#2012 = CARTESIAN_POINT('',(30.,0.));
#2013 = VECTOR('',#2014,1.);
#2014 = DIRECTION('',(0.,1.));
#2015 = ( GEOMETRIC_REPRESENTATION_CONTEXT(2) 
PARAMETRIC_REPRESENTATION_CONTEXT() REPRESENTATION_CONTEXT('2D SPACE',''
  ) );
#2016 = ORIENTED_EDGE('',*,*,#2017,.F.);
#2017 = EDGE_CURVE('',#2018,#1990,#2020,.T.);
#2018 = VERTEX_POINT('',#2019);
#2019 = CARTESIAN_POINT('',(2.235E+03,-320.,408.));
#2020 = SURFACE_CURVE('',#2021,(#2025,#2032),.PCURVE_S1.);
#2021 = LINE('',#2022,#2023);
#2022 = CARTESIAN_POINT('',(2.235E+03,-350.,408.));
#2023 = VECTOR('',#2024,1.);
#2024 = DIRECTION('',(-0.,1.,0.));
#2025 = PCURVE('',#367,#2026);
#2026 = DEFINITIONAL_REPRESENTATION('',(#2027),#2031);
#2027 = LINE('',#2028,#2029);
#2028 = CARTESIAN_POINT('',(935.,0.));
#2029 = VECTOR('',#2030,1.);
#2030 = DIRECTION('',(0.,1.));
#2031 = ( GEOMETRIC_REPRESENTATION_CONTEXT(2) 
PARAMETRIC_REPRESENTATION_CONTEXT() REPRESENTATION_CONTEXT('2D SPACE',''
  ) );
#2032 = PCURVE('',#2033,#2038);
#2033 = PLANE('',#2034);
#2034 = AXIS2_PLACEMENT_3D('',#2035,#2036,#2037);
#2035 = CARTESIAN_POINT('',(2.235E+03,-350.,378.));
#2036 = DIRECTION('',(1.,0.,-0.));
#2037 = DIRECTION('',(0.,0.,1.));
#2038 = DEFINITIONAL_REPRESENTATION('',(#2039),#2043);
#2039 = LINE('',#2040,#2041);
#2040 = CARTESIAN_POINT('',(30.,0.));
#2041 = VECTOR('',#2042,1.);
#2042 = DIRECTION('',(0.,-1.));
#2043 = ( GEOMETRIC_REPRESENTATION_CONTEXT(2) 
PARAMETRIC_REPRESENTATION_CONTEXT() REPRESENTATION_CONTEXT('2D SPACE',''
  ) );
#2044 = ORIENTED_EDGE('',*,*,#2045,.F.);
#2045 = EDGE_CURVE('',#2046,#2018,#2048,.T.);
#2046 = VERTEX_POINT('',#2047);
#2047 = CARTESIAN_POINT('',(1.935E+03,-320.,408.));
#2048 = SURFACE_CURVE('',#2049,(#2053,#2060),.PCURVE_S1.);
#2049 = LINE('',#2050,#2051);
#2050 = CARTESIAN_POINT('',(1.3E+03,-320.,408.));
#2051 = VECTOR('',#2052,1.);
#2052 = DIRECTION('',(1.,0.,-0.));
#2053 = PCURVE('',#367,#2054);
#2054 = DEFINITIONAL_REPRESENTATION('',(#2055),#2059);
#2055 = LINE('',#2056,#2057);
#2056 = CARTESIAN_POINT('',(0.,30.));
#2057 = VECTOR('',#2058,1.);
#2058 = DIRECTION('',(1.,0.));
#2059 = ( GEOMETRIC_REPRESENTATION_CONTEXT(2) 
PARAMETRIC_REPRESENTATION_CONTEXT() REPRESENTATION_CONTEXT('2D SPACE',''
  ) );
#2060 = PCURVE('',#2061,#2066);
#2061 = PLANE('',#2062);
#2062 = AXIS2_PLACEMENT_3D('',#2063,#2064,#2065);
#2063 = CARTESIAN_POINT('',(1.3E+03,-320.,378.));
#2064 = DIRECTION('',(-0.,1.,0.));
#2065 = DIRECTION('',(0.,0.,1.));
#2066 = DEFINITIONAL_REPRESENTATION('',(#2067),#2071);
#2067 = LINE('',#2068,#2069);
#2068 = CARTESIAN_POINT('',(30.,0.));
#2069 = VECTOR('',#2070,1.);
#2070 = DIRECTION('',(0.,1.));
#2071 = ( GEOMETRIC_REPRESENTATION_CONTEXT(2) 
PARAMETRIC_REPRESENTATION_CONTEXT() REPRESENTATION_CONTEXT('2D SPACE',''
  ) );
#2072 = ORIENTED_EDGE('',*,*,#2073,.T.);
#2073 = EDGE_CURVE('',#2046,#1988,#2074,.T.);
#2074 = SURFACE_CURVE('',#2075,(#2079,#2086),.PCURVE_S1.);
#2075 = LINE('',#2076,#2077);
#2076 = CARTESIAN_POINT('',(1.935E+03,-350.,408.));
#2077 = VECTOR('',#2078,1.);
#2078 = DIRECTION('',(-0.,1.,0.));
#2079 = PCURVE('',#367,#2080);
#2080 = DEFINITIONAL_REPRESENTATION('',(#2081),#2085);
#2081 = LINE('',#2082,#2083);
#2082 = CARTESIAN_POINT('',(635.,0.));
#2083 = VECTOR('',#2084,1.);
#2084 = DIRECTION('',(0.,1.));
#2085 = ( GEOMETRIC_REPRESENTATION_CONTEXT(2) 
PARAMETRIC_REPRESENTATION_CONTEXT() REPRESENTATION_CONTEXT('2D SPACE',''
  ) );
#2086 = PCURVE('',#2087,#2092);
#2087 = PLANE('',#2088);
#2088 = AXIS2_PLACEMENT_3D('',#2089,#2090,#2091);
#2089 = CARTESIAN_POINT('',(1.935E+03,-350.,378.));
#2090 = DIRECTION('',(1.,0.,-0.));
#2091 = DIRECTION('',(0.,0.,1.));
#2092 = DEFINITIONAL_REPRESENTATION('',(#2093),#2097);
#2093 = LINE('',#2094,#2095);
#2094 = CARTESIAN_POINT('',(30.,0.));
#2095 = VECTOR('',#2096,1.);
#2096 = DIRECTION('',(0.,-1.));
#2097 = ( GEOMETRIC_REPRESENTATION_CONTEXT(2) 
PARAMETRIC_REPRESENTATION_CONTEXT() REPRESENTATION_CONTEXT('2D SPACE',''
  ) );
#2098 = FACE_BOUND('',#2099,.T.);
#2099 = EDGE_LOOP('',(#2100,#2130,#2158,#2186));
#2100 = ORIENTED_EDGE('',*,*,#2101,.T.);
#2101 = EDGE_CURVE('',#2102,#2104,#2106,.T.);
#2102 = VERTEX_POINT('',#2103);
#2103 = CARTESIAN_POINT('',(1.33E+03,320.,408.));
#2104 = VERTEX_POINT('',#2105);
#2105 = CARTESIAN_POINT('',(1.585E+03,320.,408.));
#2106 = SURFACE_CURVE('',#2107,(#2111,#2118),.PCURVE_S1.);
#2107 = LINE('',#2108,#2109);
#2108 = CARTESIAN_POINT('',(1.3E+03,320.,408.));
#2109 = VECTOR('',#2110,1.);
#2110 = DIRECTION('',(1.,0.,-0.));
#2111 = PCURVE('',#367,#2112);
#2112 = DEFINITIONAL_REPRESENTATION('',(#2113),#2117);
#2113 = LINE('',#2114,#2115);
#2114 = CARTESIAN_POINT('',(0.,670.));
#2115 = VECTOR('',#2116,1.);
#2116 = DIRECTION('',(1.,0.));
#2117 = ( GEOMETRIC_REPRESENTATION_CONTEXT(2) 
PARAMETRIC_REPRESENTATION_CONTEXT() REPRESENTATION_CONTEXT('2D SPACE',''
  ) );
#2118 = PCURVE('',#2119,#2124);
#2119 = PLANE('',#2120);
#2120 = AXIS2_PLACEMENT_3D('',#2121,#2122,#2123);
#2121 = CARTESIAN_POINT('',(1.3E+03,320.,378.));
#2122 = DIRECTION('',(-0.,1.,0.));
#2123 = DIRECTION('',(0.,0.,1.));
#2124 = DEFINITIONAL_REPRESENTATION('',(#2125),#2129);
#2125 = LINE('',#2126,#2127);
#2126 = CARTESIAN_POINT('',(30.,0.));
#2127 = VECTOR('',#2128,1.);
#2128 = DIRECTION('',(0.,1.));
#2129 = ( GEOMETRIC_REPRESENTATION_CONTEXT(2) 
PARAMETRIC_REPRESENTATION_CONTEXT() REPRESENTATION_CONTEXT('2D SPACE',''
  ) );
#2130 = ORIENTED_EDGE('',*,*,#2131,.F.);
#2131 = EDGE_CURVE('',#2132,#2104,#2134,.T.);
#2132 = VERTEX_POINT('',#2133);
#2133 = CARTESIAN_POINT('',(1.585E+03,-320.,408.));
#2134 = SURFACE_CURVE('',#2135,(#2139,#2146),.PCURVE_S1.);
#2135 = LINE('',#2136,#2137);
#2136 = CARTESIAN_POINT('',(1.585E+03,-350.,408.));
#2137 = VECTOR('',#2138,1.);
#2138 = DIRECTION('',(-0.,1.,0.));
#2139 = PCURVE('',#367,#2140);
#2140 = DEFINITIONAL_REPRESENTATION('',(#2141),#2145);
#2141 = LINE('',#2142,#2143);
#2142 = CARTESIAN_POINT('',(285.,0.));
#2143 = VECTOR('',#2144,1.);
#2144 = DIRECTION('',(0.,1.));
#2145 = ( GEOMETRIC_REPRESENTATION_CONTEXT(2) 
PARAMETRIC_REPRESENTATION_CONTEXT() REPRESENTATION_CONTEXT('2D SPACE',''
  ) );
#2146 = PCURVE('',#2147,#2152);
#2147 = PLANE('',#2148);
#2148 = AXIS2_PLACEMENT_3D('',#2149,#2150,#2151);
#2149 = CARTESIAN_POINT('',(1.585E+03,-350.,378.));
#2150 = DIRECTION('',(1.,0.,-0.));
#2151 = DIRECTION('',(0.,0.,1.));
#2152 = DEFINITIONAL_REPRESENTATION('',(#2153),#2157);
#2153 = LINE('',#2154,#2155);
#2154 = CARTESIAN_POINT('',(30.,0.));
#2155 = VECTOR('',#2156,1.);
#2156 = DIRECTION('',(0.,-1.));
#2157 = ( GEOMETRIC_REPRESENTATION_CONTEXT(2) 
PARAMETRIC_REPRESENTATION_CONTEXT() REPRESENTATION_CONTEXT('2D SPACE',''
  ) );
#2158 = ORIENTED_EDGE('',*,*,#2159,.F.);
#2159 = EDGE_CURVE('',#2160,#2132,#2162,.T.);
#2160 = VERTEX_POINT('',#2161);
#2161 = CARTESIAN_POINT('',(1.33E+03,-320.,408.));
#2162 = SURFACE_CURVE('',#2163,(#2167,#2174),.PCURVE_S1.);
#2163 = LINE('',#2164,#2165);
#2164 = CARTESIAN_POINT('',(1.3E+03,-320.,408.));
#2165 = VECTOR('',#2166,1.);
#2166 = DIRECTION('',(1.,0.,-0.));
#2167 = PCURVE('',#367,#2168);
#2168 = DEFINITIONAL_REPRESENTATION('',(#2169),#2173);
#2169 = LINE('',#2170,#2171);
#2170 = CARTESIAN_POINT('',(0.,30.));
#2171 = VECTOR('',#2172,1.);
#2172 = DIRECTION('',(1.,0.));
#2173 = ( GEOMETRIC_REPRESENTATION_CONTEXT(2) 
PARAMETRIC_REPRESENTATION_CONTEXT() REPRESENTATION_CONTEXT('2D SPACE',''
  ) );
#2174 = PCURVE('',#2175,#2180);
#2175 = PLANE('',#2176);
#2176 = AXIS2_PLACEMENT_3D('',#2177,#2178,#2179);
#2177 = CARTESIAN_POINT('',(1.3E+03,-320.,378.));
#2178 = DIRECTION('',(-0.,1.,0.));
#2179 = DIRECTION('',(0.,0.,1.));
#2180 = DEFINITIONAL_REPRESENTATION('',(#2181),#2185);
#2181 = LINE('',#2182,#2183);
#2182 = CARTESIAN_POINT('',(30.,0.));
#2183 = VECTOR('',#2184,1.);
#2184 = DIRECTION('',(0.,1.));
#2185 = ( GEOMETRIC_REPRESENTATION_CONTEXT(2) 
PARAMETRIC_REPRESENTATION_CONTEXT() REPRESENTATION_CONTEXT('2D SPACE',''
  ) );
#2186 = ORIENTED_EDGE('',*,*,#2187,.T.);
#2187 = EDGE_CURVE('',#2160,#2102,#2188,.T.);
#2188 = SURFACE_CURVE('',#2189,(#2193,#2200),.PCURVE_S1.);
#2189 = LINE('',#2190,#2191);
#2190 = CARTESIAN_POINT('',(1.33E+03,-350.,408.));
#2191 = VECTOR('',#2192,1.);
#2192 = DIRECTION('',(-0.,1.,0.));
#2193 = PCURVE('',#367,#2194);
#2194 = DEFINITIONAL_REPRESENTATION('',(#2195),#2199);
#2195 = LINE('',#2196,#2197);
#2196 = CARTESIAN_POINT('',(30.,0.));
#2197 = VECTOR('',#2198,1.);
#2198 = DIRECTION('',(0.,1.));
#2199 = ( GEOMETRIC_REPRESENTATION_CONTEXT(2) 
PARAMETRIC_REPRESENTATION_CONTEXT() REPRESENTATION_CONTEXT('2D SPACE',''
  ) );
#2200 = PCURVE('',#2201,#2206);
#2201 = PLANE('',#2202);
#2202 = AXIS2_PLACEMENT_3D('',#2203,#2204,#2205);
#2203 = CARTESIAN_POINT('',(1.33E+03,-350.,378.));
#2204 = DIRECTION('',(1.,0.,-0.));
#2205 = DIRECTION('',(0.,0.,1.));
#2206 = DEFINITIONAL_REPRESENTATION('',(#2207),#2211);
#2207 = LINE('',#2208,#2209);
#2208 = CARTESIAN_POINT('',(30.,0.));
#2209 = VECTOR('',#2210,1.);
#2210 = DIRECTION('',(0.,-1.));
#2211 = ( GEOMETRIC_REPRESENTATION_CONTEXT(2) 
PARAMETRIC_REPRESENTATION_CONTEXT() REPRESENTATION_CONTEXT('2D SPACE',''
  ) );
#2212 = FACE_BOUND('',#2213,.T.);
#2213 = EDGE_LOOP('',(#2214,#2244,#2272,#2300));
#2214 = ORIENTED_EDGE('',*,*,#2215,.T.);
#2215 = EDGE_CURVE('',#2216,#2218,#2220,.T.);
#2216 = VERTEX_POINT('',#2217);
#2217 = CARTESIAN_POINT('',(1.615E+03,320.,408.));
#2218 = VERTEX_POINT('',#2219);
#2219 = CARTESIAN_POINT('',(1.905E+03,320.,408.));
#2220 = SURFACE_CURVE('',#2221,(#2225,#2232),.PCURVE_S1.);
#2221 = LINE('',#2222,#2223);
#2222 = CARTESIAN_POINT('',(1.3E+03,320.,408.));
#2223 = VECTOR('',#2224,1.);
#2224 = DIRECTION('',(1.,0.,-0.));
#2225 = PCURVE('',#367,#2226);
#2226 = DEFINITIONAL_REPRESENTATION('',(#2227),#2231);
#2227 = LINE('',#2228,#2229);
#2228 = CARTESIAN_POINT('',(0.,670.));
#2229 = VECTOR('',#2230,1.);
#2230 = DIRECTION('',(1.,0.));
#2231 = ( GEOMETRIC_REPRESENTATION_CONTEXT(2) 
PARAMETRIC_REPRESENTATION_CONTEXT() REPRESENTATION_CONTEXT('2D SPACE',''
  ) );
#2232 = PCURVE('',#2233,#2238);
#2233 = PLANE('',#2234);
#2234 = AXIS2_PLACEMENT_3D('',#2235,#2236,#2237);
#2235 = CARTESIAN_POINT('',(1.3E+03,320.,378.));
#2236 = DIRECTION('',(-0.,1.,0.));
#2237 = DIRECTION('',(0.,0.,1.));
#2238 = DEFINITIONAL_REPRESENTATION('',(#2239),#2243);
#2239 = LINE('',#2240,#2241);
#2240 = CARTESIAN_POINT('',(30.,0.));
#2241 = VECTOR('',#2242,1.);
#2242 = DIRECTION('',(0.,1.));
#2243 = ( GEOMETRIC_REPRESENTATION_CONTEXT(2) 
PARAMETRIC_REPRESENTATION_CONTEXT() REPRESENTATION_CONTEXT('2D SPACE',''
  ) );
#2244 = ORIENTED_EDGE('',*,*,#2245,.F.);
#2245 = EDGE_CURVE('',#2246,#2218,#2248,.T.);
#2246 = VERTEX_POINT('',#2247);
#2247 = CARTESIAN_POINT('',(1.905E+03,-320.,408.));
#2248 = SURFACE_CURVE('',#2249,(#2253,#2260),.PCURVE_S1.);
#2249 = LINE('',#2250,#2251);
#2250 = CARTESIAN_POINT('',(1.905E+03,-350.,408.));
#2251 = VECTOR('',#2252,1.);
#2252 = DIRECTION('',(-0.,1.,0.));
#2253 = PCURVE('',#367,#2254);
#2254 = DEFINITIONAL_REPRESENTATION('',(#2255),#2259);
#2255 = LINE('',#2256,#2257);
#2256 = CARTESIAN_POINT('',(605.,0.));
#2257 = VECTOR('',#2258,1.);
#2258 = DIRECTION('',(0.,1.));
#2259 = ( GEOMETRIC_REPRESENTATION_CONTEXT(2) 
PARAMETRIC_REPRESENTATION_CONTEXT() REPRESENTATION_CONTEXT('2D SPACE',''
  ) );
#2260 = PCURVE('',#2261,#2266);
#2261 = PLANE('',#2262);
#2262 = AXIS2_PLACEMENT_3D('',#2263,#2264,#2265);
#2263 = CARTESIAN_POINT('',(1.905E+03,-350.,378.));
#2264 = DIRECTION('',(1.,0.,-0.));
#2265 = DIRECTION('',(0.,0.,1.));
#2266 = DEFINITIONAL_REPRESENTATION('',(#2267),#2271);
#2267 = LINE('',#2268,#2269);
#2268 = CARTESIAN_POINT('',(30.,0.));
#2269 = VECTOR('',#2270,1.);
#2270 = DIRECTION('',(0.,-1.));
#2271 = ( GEOMETRIC_REPRESENTATION_CONTEXT(2) 
PARAMETRIC_REPRESENTATION_CONTEXT() REPRESENTATION_CONTEXT('2D SPACE',''
  ) );
#2272 = ORIENTED_EDGE('',*,*,#2273,.F.);
#2273 = EDGE_CURVE('',#2274,#2246,#2276,.T.);
#2274 = VERTEX_POINT('',#2275);
#2275 = CARTESIAN_POINT('',(1.615E+03,-320.,408.));
#2276 = SURFACE_CURVE('',#2277,(#2281,#2288),.PCURVE_S1.);
#2277 = LINE('',#2278,#2279);
#2278 = CARTESIAN_POINT('',(1.3E+03,-320.,408.));
#2279 = VECTOR('',#2280,1.);
#2280 = DIRECTION('',(1.,0.,-0.));
#2281 = PCURVE('',#367,#2282);
#2282 = DEFINITIONAL_REPRESENTATION('',(#2283),#2287);
#2283 = LINE('',#2284,#2285);
#2284 = CARTESIAN_POINT('',(0.,30.));
#2285 = VECTOR('',#2286,1.);
#2286 = DIRECTION('',(1.,0.));
#2287 = ( GEOMETRIC_REPRESENTATION_CONTEXT(2) 
PARAMETRIC_REPRESENTATION_CONTEXT() REPRESENTATION_CONTEXT('2D SPACE',''
  ) );
#2288 = PCURVE('',#2289,#2294);
#2289 = PLANE('',#2290);
#2290 = AXIS2_PLACEMENT_3D('',#2291,#2292,#2293);
#2291 = CARTESIAN_POINT('',(1.3E+03,-320.,378.));
#2292 = DIRECTION('',(-0.,1.,0.));
#2293 = DIRECTION('',(0.,0.,1.));
#2294 = DEFINITIONAL_REPRESENTATION('',(#2295),#2299);
#2295 = LINE('',#2296,#2297);
#2296 = CARTESIAN_POINT('',(30.,0.));
#2297 = VECTOR('',#2298,1.);
#2298 = DIRECTION('',(0.,1.));
#2299 = ( GEOMETRIC_REPRESENTATION_CONTEXT(2) 
PARAMETRIC_REPRESENTATION_CONTEXT() REPRESENTATION_CONTEXT('2D SPACE',''
  ) );
#2300 = ORIENTED_EDGE('',*,*,#2301,.T.);
#2301 = EDGE_CURVE('',#2274,#2216,#2302,.T.);
#2302 = SURFACE_CURVE('',#2303,(#2307,#2314),.PCURVE_S1.);
#2303 = LINE('',#2304,#2305);
#2304 = CARTESIAN_POINT('',(1.615E+03,-350.,408.));
#2305 = VECTOR('',#2306,1.);
#2306 = DIRECTION('',(-0.,1.,0.));
#2307 = PCURVE('',#367,#2308);
#2308 = DEFINITIONAL_REPRESENTATION('',(#2309),#2313);
#2309 = LINE('',#2310,#2311);
#2310 = CARTESIAN_POINT('',(315.,0.));
#2311 = VECTOR('',#2312,1.);
#2312 = DIRECTION('',(0.,1.));
#2313 = ( GEOMETRIC_REPRESENTATION_CONTEXT(2) 
PARAMETRIC_REPRESENTATION_CONTEXT() REPRESENTATION_CONTEXT('2D SPACE',''
  ) );
#2314 = PCURVE('',#2315,#2320);
#2315 = PLANE('',#2316);
#2316 = AXIS2_PLACEMENT_3D('',#2317,#2318,#2319);
#2317 = CARTESIAN_POINT('',(1.615E+03,-350.,378.));
#2318 = DIRECTION('',(1.,0.,-0.));
#2319 = DIRECTION('',(0.,0.,1.));
#2320 = DEFINITIONAL_REPRESENTATION('',(#2321),#2325);
#2321 = LINE('',#2322,#2323);
#2322 = CARTESIAN_POINT('',(30.,0.));
#2323 = VECTOR('',#2324,1.);
#2324 = DIRECTION('',(0.,-1.));
#2325 = ( GEOMETRIC_REPRESENTATION_CONTEXT(2) 
PARAMETRIC_REPRESENTATION_CONTEXT() REPRESENTATION_CONTEXT('2D SPACE',''
  ) );
#2326 = FACE_BOUND('',#2327,.T.);
#2327 = EDGE_LOOP('',(#2328,#2358,#2386,#2414));
#2328 = ORIENTED_EDGE('',*,*,#2329,.F.);
#2329 = EDGE_CURVE('',#2330,#2332,#2334,.T.);
#2330 = VERTEX_POINT('',#2331);
#2331 = CARTESIAN_POINT('',(2.265E+03,-320.,408.));
#2332 = VERTEX_POINT('',#2333);
#2333 = CARTESIAN_POINT('',(2.47E+03,-320.,408.));
#2334 = SURFACE_CURVE('',#2335,(#2339,#2346),.PCURVE_S1.);
#2335 = LINE('',#2336,#2337);
#2336 = CARTESIAN_POINT('',(1.3E+03,-320.,408.));
#2337 = VECTOR('',#2338,1.);
#2338 = DIRECTION('',(1.,0.,-0.));
#2339 = PCURVE('',#367,#2340);
#2340 = DEFINITIONAL_REPRESENTATION('',(#2341),#2345);
#2341 = LINE('',#2342,#2343);
#2342 = CARTESIAN_POINT('',(0.,30.));
#2343 = VECTOR('',#2344,1.);
#2344 = DIRECTION('',(1.,0.));
#2345 = ( GEOMETRIC_REPRESENTATION_CONTEXT(2) 
PARAMETRIC_REPRESENTATION_CONTEXT() REPRESENTATION_CONTEXT('2D SPACE',''
  ) );
#2346 = PCURVE('',#2347,#2352);
#2347 = PLANE('',#2348);
#2348 = AXIS2_PLACEMENT_3D('',#2349,#2350,#2351);
#2349 = CARTESIAN_POINT('',(1.3E+03,-320.,378.));
#2350 = DIRECTION('',(-0.,1.,0.));
#2351 = DIRECTION('',(0.,0.,1.));
#2352 = DEFINITIONAL_REPRESENTATION('',(#2353),#2357);
#2353 = LINE('',#2354,#2355);
#2354 = CARTESIAN_POINT('',(30.,0.));
#2355 = VECTOR('',#2356,1.);
#2356 = DIRECTION('',(0.,1.));
#2357 = ( GEOMETRIC_REPRESENTATION_CONTEXT(2) 
PARAMETRIC_REPRESENTATION_CONTEXT() REPRESENTATION_CONTEXT('2D SPACE',''
  ) );
#2358 = ORIENTED_EDGE('',*,*,#2359,.T.);
#2359 = EDGE_CURVE('',#2330,#2360,#2362,.T.);
#2360 = VERTEX_POINT('',#2361);
#2361 = CARTESIAN_POINT('',(2.265E+03,320.,408.));
#2362 = SURFACE_CURVE('',#2363,(#2367,#2374),.PCURVE_S1.);
#2363 = LINE('',#2364,#2365);
#2364 = CARTESIAN_POINT('',(2.265E+03,-350.,408.));
#2365 = VECTOR('',#2366,1.);
#2366 = DIRECTION('',(-0.,1.,0.));
#2367 = PCURVE('',#367,#2368);
#2368 = DEFINITIONAL_REPRESENTATION('',(#2369),#2373);
#2369 = LINE('',#2370,#2371);
#2370 = CARTESIAN_POINT('',(965.,0.));
#2371 = VECTOR('',#2372,1.);
#2372 = DIRECTION('',(0.,1.));
#2373 = ( GEOMETRIC_REPRESENTATION_CONTEXT(2) 
PARAMETRIC_REPRESENTATION_CONTEXT() REPRESENTATION_CONTEXT('2D SPACE',''
  ) );
#2374 = PCURVE('',#2375,#2380);
#2375 = PLANE('',#2376);
#2376 = AXIS2_PLACEMENT_3D('',#2377,#2378,#2379);
#2377 = CARTESIAN_POINT('',(2.265E+03,-350.,378.));
#2378 = DIRECTION('',(1.,0.,-0.));
#2379 = DIRECTION('',(0.,0.,1.));
#2380 = DEFINITIONAL_REPRESENTATION('',(#2381),#2385);
#2381 = LINE('',#2382,#2383);
#2382 = CARTESIAN_POINT('',(30.,0.));
#2383 = VECTOR('',#2384,1.);
#2384 = DIRECTION('',(0.,-1.));
#2385 = ( GEOMETRIC_REPRESENTATION_CONTEXT(2) 
PARAMETRIC_REPRESENTATION_CONTEXT() REPRESENTATION_CONTEXT('2D SPACE',''
  ) );
#2386 = ORIENTED_EDGE('',*,*,#2387,.T.);
#2387 = EDGE_CURVE('',#2360,#2388,#2390,.T.);
#2388 = VERTEX_POINT('',#2389);
#2389 = CARTESIAN_POINT('',(2.47E+03,320.,408.));
#2390 = SURFACE_CURVE('',#2391,(#2395,#2402),.PCURVE_S1.);
#2391 = LINE('',#2392,#2393);
#2392 = CARTESIAN_POINT('',(1.3E+03,320.,408.));
#2393 = VECTOR('',#2394,1.);
#2394 = DIRECTION('',(1.,0.,-0.));
#2395 = PCURVE('',#367,#2396);
#2396 = DEFINITIONAL_REPRESENTATION('',(#2397),#2401);
#2397 = LINE('',#2398,#2399);
#2398 = CARTESIAN_POINT('',(0.,670.));
#2399 = VECTOR('',#2400,1.);
#2400 = DIRECTION('',(1.,0.));
#2401 = ( GEOMETRIC_REPRESENTATION_CONTEXT(2) 
PARAMETRIC_REPRESENTATION_CONTEXT() REPRESENTATION_CONTEXT('2D SPACE',''
  ) );
#2402 = PCURVE('',#2403,#2408);
#2403 = PLANE('',#2404);
#2404 = AXIS2_PLACEMENT_3D('',#2405,#2406,#2407);
#2405 = CARTESIAN_POINT('',(1.3E+03,320.,378.));
#2406 = DIRECTION('',(-0.,1.,0.));
#2407 = DIRECTION('',(0.,0.,1.));
#2408 = DEFINITIONAL_REPRESENTATION('',(#2409),#2413);
#2409 = LINE('',#2410,#2411);
#2410 = CARTESIAN_POINT('',(30.,0.));
#2411 = VECTOR('',#2412,1.);
#2412 = DIRECTION('',(0.,1.));
#2413 = ( GEOMETRIC_REPRESENTATION_CONTEXT(2) 
PARAMETRIC_REPRESENTATION_CONTEXT() REPRESENTATION_CONTEXT('2D SPACE',''
  ) );
#2414 = ORIENTED_EDGE('',*,*,#2415,.F.);
#2415 = EDGE_CURVE('',#2332,#2388,#2416,.T.);
#2416 = SURFACE_CURVE('',#2417,(#2421,#2428),.PCURVE_S1.);
#2417 = LINE('',#2418,#2419);
#2418 = CARTESIAN_POINT('',(2.47E+03,-350.,408.));
#2419 = VECTOR('',#2420,1.);
#2420 = DIRECTION('',(-0.,1.,0.));
#2421 = PCURVE('',#367,#2422);
#2422 = DEFINITIONAL_REPRESENTATION('',(#2423),#2427);
#2423 = LINE('',#2424,#2425);
#2424 = CARTESIAN_POINT('',(1.17E+03,0.));
#2425 = VECTOR('',#2426,1.);
#2426 = DIRECTION('',(0.,1.));
#2427 = ( GEOMETRIC_REPRESENTATION_CONTEXT(2) 
PARAMETRIC_REPRESENTATION_CONTEXT() REPRESENTATION_CONTEXT('2D SPACE',''
  ) );
#2428 = PCURVE('',#2429,#2434);
#2429 = PLANE('',#2430);
#2430 = AXIS2_PLACEMENT_3D('',#2431,#2432,#2433);
#2431 = CARTESIAN_POINT('',(2.47E+03,-350.,378.));
#2432 = DIRECTION('',(1.,0.,-0.));
#2433 = DIRECTION('',(0.,0.,1.));
#2434 = DEFINITIONAL_REPRESENTATION('',(#2435),#2439);
#2435 = LINE('',#2436,#2437);
#2436 = CARTESIAN_POINT('',(30.,0.));
#2437 = VECTOR('',#2438,1.);
#2438 = DIRECTION('',(0.,-1.));
#2439 = ( GEOMETRIC_REPRESENTATION_CONTEXT(2) 
PARAMETRIC_REPRESENTATION_CONTEXT() REPRESENTATION_CONTEXT('2D SPACE',''
  ) );
#2440 = ADVANCED_FACE('',(#2441,#2596,#2934,#3269,#3300,#3638,#3669),
  #341,.T.);
#2441 = FACE_BOUND('',#2442,.T.);
#2442 = EDGE_LOOP('',(#2443,#2466,#2467,#2468,#2491,#2514,#2542,#2570));
#2443 = ORIENTED_EDGE('',*,*,#2444,.F.);
#2444 = EDGE_CURVE('',#303,#2445,#2447,.T.);
#2445 = VERTEX_POINT('',#2446);
#2446 = CARTESIAN_POINT('',(1.875E+03,350.,378.));
#2447 = SURFACE_CURVE('',#2448,(#2452,#2459),.PCURVE_S1.);
#2448 = LINE('',#2449,#2450);
#2449 = CARTESIAN_POINT('',(1.3E+03,350.,378.));
#2450 = VECTOR('',#2451,1.);
#2451 = DIRECTION('',(1.,0.,0.));
#2452 = PCURVE('',#341,#2453);
#2453 = DEFINITIONAL_REPRESENTATION('',(#2454),#2458);
#2454 = LINE('',#2455,#2456);
#2455 = CARTESIAN_POINT('',(0.,0.));
#2456 = VECTOR('',#2457,1.);
#2457 = DIRECTION('',(0.,1.));
#2458 = ( GEOMETRIC_REPRESENTATION_CONTEXT(2) 
PARAMETRIC_REPRESENTATION_CONTEXT() REPRESENTATION_CONTEXT('2D SPACE',''
  ) );
#2459 = PCURVE('',#90,#2460);
#2460 = DEFINITIONAL_REPRESENTATION('',(#2461),#2465);
#2461 = LINE('',#2462,#2463);
#2462 = CARTESIAN_POINT('',(0.,700.));
#2463 = VECTOR('',#2464,1.);
#2464 = DIRECTION('',(1.,0.));
#2465 = ( GEOMETRIC_REPRESENTATION_CONTEXT(2) 
PARAMETRIC_REPRESENTATION_CONTEXT() REPRESENTATION_CONTEXT('2D SPACE',''
  ) );
#2466 = ORIENTED_EDGE('',*,*,#325,.T.);
#2467 = ORIENTED_EDGE('',*,*,#1964,.T.);
#2468 = ORIENTED_EDGE('',*,*,#2469,.F.);
#2469 = EDGE_CURVE('',#2470,#1942,#2472,.T.);
#2470 = VERTEX_POINT('',#2471);
#2471 = CARTESIAN_POINT('',(2.5E+03,350.,378.));
#2472 = SURFACE_CURVE('',#2473,(#2477,#2484),.PCURVE_S1.);
#2473 = LINE('',#2474,#2475);
#2474 = CARTESIAN_POINT('',(2.5E+03,350.,378.));
#2475 = VECTOR('',#2476,1.);
#2476 = DIRECTION('',(0.,0.,1.));
#2477 = PCURVE('',#341,#2478);
#2478 = DEFINITIONAL_REPRESENTATION('',(#2479),#2483);
#2479 = LINE('',#2480,#2481);
#2480 = CARTESIAN_POINT('',(0.,1.2E+03));
#2481 = VECTOR('',#2482,1.);
#2482 = DIRECTION('',(1.,0.));
#2483 = ( GEOMETRIC_REPRESENTATION_CONTEXT(2) 
PARAMETRIC_REPRESENTATION_CONTEXT() REPRESENTATION_CONTEXT('2D SPACE',''
  ) );
#2484 = PCURVE('',#445,#2485);
#2485 = DEFINITIONAL_REPRESENTATION('',(#2486),#2490);
#2486 = LINE('',#2487,#2488);
#2487 = CARTESIAN_POINT('',(0.,-700.));
#2488 = VECTOR('',#2489,1.);
#2489 = DIRECTION('',(1.,0.));
#2490 = ( GEOMETRIC_REPRESENTATION_CONTEXT(2) 
PARAMETRIC_REPRESENTATION_CONTEXT() REPRESENTATION_CONTEXT('2D SPACE',''
  ) );
#2491 = ORIENTED_EDGE('',*,*,#2492,.F.);
#2492 = EDGE_CURVE('',#2493,#2470,#2495,.T.);
#2493 = VERTEX_POINT('',#2494);
#2494 = CARTESIAN_POINT('',(1.965E+03,350.,378.));
#2495 = SURFACE_CURVE('',#2496,(#2500,#2507),.PCURVE_S1.);
#2496 = LINE('',#2497,#2498);
#2497 = CARTESIAN_POINT('',(1.3E+03,350.,378.));
#2498 = VECTOR('',#2499,1.);
#2499 = DIRECTION('',(1.,0.,0.));
#2500 = PCURVE('',#341,#2501);
#2501 = DEFINITIONAL_REPRESENTATION('',(#2502),#2506);
#2502 = LINE('',#2503,#2504);
#2503 = CARTESIAN_POINT('',(0.,0.));
#2504 = VECTOR('',#2505,1.);
#2505 = DIRECTION('',(0.,1.));
#2506 = ( GEOMETRIC_REPRESENTATION_CONTEXT(2) 
PARAMETRIC_REPRESENTATION_CONTEXT() REPRESENTATION_CONTEXT('2D SPACE',''
  ) );
#2507 = PCURVE('',#90,#2508);
#2508 = DEFINITIONAL_REPRESENTATION('',(#2509),#2513);
#2509 = LINE('',#2510,#2511);
#2510 = CARTESIAN_POINT('',(0.,700.));
#2511 = VECTOR('',#2512,1.);
#2512 = DIRECTION('',(1.,0.));
#2513 = ( GEOMETRIC_REPRESENTATION_CONTEXT(2) 
PARAMETRIC_REPRESENTATION_CONTEXT() REPRESENTATION_CONTEXT('2D SPACE',''
  ) );
#2514 = ORIENTED_EDGE('',*,*,#2515,.F.);
#2515 = EDGE_CURVE('',#2516,#2493,#2518,.T.);
#2516 = VERTEX_POINT('',#2517);
#2517 = CARTESIAN_POINT('',(1.965E+03,350.,218.));
#2518 = SURFACE_CURVE('',#2519,(#2523,#2530),.PCURVE_S1.);
#2519 = LINE('',#2520,#2521);
#2520 = CARTESIAN_POINT('',(1.965E+03,350.,218.));
#2521 = VECTOR('',#2522,1.);
#2522 = DIRECTION('',(0.,0.,1.));
#2523 = PCURVE('',#341,#2524);
#2524 = DEFINITIONAL_REPRESENTATION('',(#2525),#2529);
#2525 = LINE('',#2526,#2527);
#2526 = CARTESIAN_POINT('',(-160.,665.));
#2527 = VECTOR('',#2528,1.);
#2528 = DIRECTION('',(1.,0.));
#2529 = ( GEOMETRIC_REPRESENTATION_CONTEXT(2) 
PARAMETRIC_REPRESENTATION_CONTEXT() REPRESENTATION_CONTEXT('2D SPACE',''
  ) );
#2530 = PCURVE('',#2531,#2536);
#2531 = PLANE('',#2532);
#2532 = AXIS2_PLACEMENT_3D('',#2533,#2534,#2535);
#2533 = CARTESIAN_POINT('',(1.965E+03,345.,218.));
#2534 = DIRECTION('',(1.,0.,-0.));
#2535 = DIRECTION('',(0.,0.,1.));
#2536 = DEFINITIONAL_REPRESENTATION('',(#2537),#2541);
#2537 = LINE('',#2538,#2539);
#2538 = CARTESIAN_POINT('',(0.,-5.));
#2539 = VECTOR('',#2540,1.);
#2540 = DIRECTION('',(1.,0.));
#2541 = ( GEOMETRIC_REPRESENTATION_CONTEXT(2) 
PARAMETRIC_REPRESENTATION_CONTEXT() REPRESENTATION_CONTEXT('2D SPACE',''
  ) );
#2542 = ORIENTED_EDGE('',*,*,#2543,.F.);
#2543 = EDGE_CURVE('',#2544,#2516,#2546,.T.);
#2544 = VERTEX_POINT('',#2545);
#2545 = CARTESIAN_POINT('',(1.875E+03,350.,218.));
#2546 = SURFACE_CURVE('',#2547,(#2551,#2558),.PCURVE_S1.);
#2547 = LINE('',#2548,#2549);
#2548 = CARTESIAN_POINT('',(1.875E+03,350.,218.));
#2549 = VECTOR('',#2550,1.);
#2550 = DIRECTION('',(1.,0.,-0.));
#2551 = PCURVE('',#341,#2552);
#2552 = DEFINITIONAL_REPRESENTATION('',(#2553),#2557);
#2553 = LINE('',#2554,#2555);
#2554 = CARTESIAN_POINT('',(-160.,575.));
#2555 = VECTOR('',#2556,1.);
#2556 = DIRECTION('',(0.,1.));
#2557 = ( GEOMETRIC_REPRESENTATION_CONTEXT(2) 
PARAMETRIC_REPRESENTATION_CONTEXT() REPRESENTATION_CONTEXT('2D SPACE',''
  ) );
#2558 = PCURVE('',#2559,#2564);
#2559 = PLANE('',#2560);
#2560 = AXIS2_PLACEMENT_3D('',#2561,#2562,#2563);
#2561 = CARTESIAN_POINT('',(1.875E+03,345.,218.));
#2562 = DIRECTION('',(0.,0.,1.));
#2563 = DIRECTION('',(1.,0.,-0.));
#2564 = DEFINITIONAL_REPRESENTATION('',(#2565),#2569);
#2565 = LINE('',#2566,#2567);
#2566 = CARTESIAN_POINT('',(0.,5.));
#2567 = VECTOR('',#2568,1.);
#2568 = DIRECTION('',(1.,0.));
#2569 = ( GEOMETRIC_REPRESENTATION_CONTEXT(2) 
PARAMETRIC_REPRESENTATION_CONTEXT() REPRESENTATION_CONTEXT('2D SPACE',''
  ) );
#2570 = ORIENTED_EDGE('',*,*,#2571,.T.);
#2571 = EDGE_CURVE('',#2544,#2445,#2572,.T.);
#2572 = SURFACE_CURVE('',#2573,(#2577,#2584),.PCURVE_S1.);
#2573 = LINE('',#2574,#2575);
#2574 = CARTESIAN_POINT('',(1.875E+03,350.,218.));
#2575 = VECTOR('',#2576,1.);
#2576 = DIRECTION('',(0.,0.,1.));
#2577 = PCURVE('',#341,#2578);
#2578 = DEFINITIONAL_REPRESENTATION('',(#2579),#2583);
#2579 = LINE('',#2580,#2581);
#2580 = CARTESIAN_POINT('',(-160.,575.));
#2581 = VECTOR('',#2582,1.);
#2582 = DIRECTION('',(1.,0.));
#2583 = ( GEOMETRIC_REPRESENTATION_CONTEXT(2) 
PARAMETRIC_REPRESENTATION_CONTEXT() REPRESENTATION_CONTEXT('2D SPACE',''
  ) );
#2584 = PCURVE('',#2585,#2590);
#2585 = PLANE('',#2586);
#2586 = AXIS2_PLACEMENT_3D('',#2587,#2588,#2589);
#2587 = CARTESIAN_POINT('',(1.875E+03,345.,218.));
#2588 = DIRECTION('',(1.,0.,-0.));
#2589 = DIRECTION('',(0.,0.,1.));
#2590 = DEFINITIONAL_REPRESENTATION('',(#2591),#2595);
#2591 = LINE('',#2592,#2593);
#2592 = CARTESIAN_POINT('',(0.,-5.));
#2593 = VECTOR('',#2594,1.);
#2594 = DIRECTION('',(1.,0.));
#2595 = ( GEOMETRIC_REPRESENTATION_CONTEXT(2) 
PARAMETRIC_REPRESENTATION_CONTEXT() REPRESENTATION_CONTEXT('2D SPACE',''
  ) );
#2596 = FACE_BOUND('',#2597,.T.);
#2597 = EDGE_LOOP('',(#2598,#2772));
#2598 = ORIENTED_EDGE('',*,*,#2599,.T.);
#2599 = EDGE_CURVE('',#2600,#2602,#2604,.T.);
#2600 = VERTEX_POINT('',#2601);
#2601 = CARTESIAN_POINT('',(1.450000000003E+03,350.,393.00000000327));
#2602 = VERTEX_POINT('',#2603);
#2603 = CARTESIAN_POINT('',(1.45E+03,350.,382.60769515458));
#2604 = SURFACE_CURVE('',#2605,(#2657,#2712),.PCURVE_S1.);
#2605 = B_SPLINE_CURVE_WITH_KNOTS('',8,(#2606,#2607,#2608,#2609,#2610,
    #2611,#2612,#2613,#2614,#2615,#2616,#2617,#2618,#2619,#2620,#2621,
    #2622,#2623,#2624,#2625,#2626,#2627,#2628,#2629,#2630,#2631,#2632,
    #2633,#2634,#2635,#2636,#2637,#2638,#2639,#2640,#2641,#2642,#2643,
    #2644,#2645,#2646,#2647,#2648,#2649,#2650,#2651,#2652,#2653,#2654,
    #2655,#2656),.UNSPECIFIED.,.F.,.F.,(9,7,7,7,7,7,7,9),(0.,
    6.793510144636E-02,0.200606453284,0.522825295822,0.737141542485,
    0.832131586757,0.885805598968,1.),.UNSPECIFIED.);
#2606 = CARTESIAN_POINT('',(1.450000000003E+03,350.,393.00000000327));
#2607 = CARTESIAN_POINT('',(1.449936991248E+03,350.,392.91089222514));
#2608 = CARTESIAN_POINT('',(1.44987398264E+03,350.,392.821784524));
#2609 = CARTESIAN_POINT('',(1.449811005651E+03,350.,392.73265419148));
#2610 = CARTESIAN_POINT('',(1.449748091928E+03,350.,392.64347862924));
#2611 = CARTESIAN_POINT('',(1.449685273293E+03,350.,392.55423534891));
#2612 = CARTESIAN_POINT('',(1.449622581743E+03,350.,392.46490197219));
#2613 = CARTESIAN_POINT('',(1.449560049448E+03,350.,392.37545623075));
#2614 = CARTESIAN_POINT('',(1.449375962787E+03,350.,392.11093349134));
#2615 = CARTESIAN_POINT('',(1.449254950308E+03,350.,391.93548176477));
#2616 = CARTESIAN_POINT('',(1.449134909957E+03,350.,391.75935192154));
#2617 = CARTESIAN_POINT('',(1.449016088378E+03,350.,391.58238273864));
#2618 = CARTESIAN_POINT('',(1.448898740939E+03,350.,391.40442042488));
#2619 = CARTESIAN_POINT('',(1.448783132464E+03,350.,391.22531841058));
#2620 = CARTESIAN_POINT('',(1.448669537953E+03,350.,391.04493713742));
#2621 = CARTESIAN_POINT('',(1.44828794207E+03,350.,390.42162258179));
#2622 = CARTESIAN_POINT('',(1.448031527432E+03,350.,389.9722950399));
#2623 = CARTESIAN_POINT('',(1.447792636689E+03,350.,389.51263972952));
#2624 = CARTESIAN_POINT('',(1.447575887379E+03,350.,389.04114010512));
#2625 = CARTESIAN_POINT('',(1.447386799516E+03,350.,388.55730914255));
#2626 = CARTESIAN_POINT('',(1.447231643569E+03,350.,388.06181309882));
#2627 = CARTESIAN_POINT('',(1.447116969922E+03,350.,387.55664921957));
#2628 = CARTESIAN_POINT('',(1.447005790093E+03,350.,386.70478167817));
#2629 = CARTESIAN_POINT('',(1.44698262796E+03,350.,386.36208978384));
#2630 = CARTESIAN_POINT('',(1.44698283434E+03,350.,386.01814968396));
#2631 = CARTESIAN_POINT('',(1.447008676838E+03,350.,385.67488584058));
#2632 = CARTESIAN_POINT('',(1.447062354607E+03,350.,385.3349629411));
#2633 = CARTESIAN_POINT('',(1.447145786869E+03,350.,385.0017677662));
#2634 = CARTESIAN_POINT('',(1.447260405598E+03,350.,384.67938768479));
#2635 = CARTESIAN_POINT('',(1.447471905373E+03,350.,384.23660389212));
#2636 = CARTESIAN_POINT('',(1.447543104338E+03,350.,384.10373678544));
#2637 = CARTESIAN_POINT('',(1.447620588223E+03,350.,383.97443021033));
#2638 = CARTESIAN_POINT('',(1.447704355046E+03,350.,383.84915816442));
#2639 = CARTESIAN_POINT('',(1.447794355763E+03,350.,383.72841885454));
#2640 = CARTESIAN_POINT('',(1.4478904865E+03,350.,383.61272893633));
#2641 = CARTESIAN_POINT('',(1.447992579109E+03,350.,383.50261602726));
#2642 = CARTESIAN_POINT('',(1.448161308531E+03,350.,383.33984072396));
#2643 = CARTESIAN_POINT('',(1.448224052912E+03,350.,383.28302145356));
#2644 = CARTESIAN_POINT('',(1.4482885786E+03,350.,383.22824762467));
#2645 = CARTESIAN_POINT('',(1.448354834227E+03,350.,383.17561436717));
#2646 = CARTESIAN_POINT('',(1.448422761244E+03,350.,383.12521532636));
#2647 = CARTESIAN_POINT('',(1.448492293482E+03,350.,383.07714199116));
#2648 = CARTESIAN_POINT('',(1.448563356726E+03,350.,383.03148302239));
#2649 = CARTESIAN_POINT('',(1.448790140566E+03,350.,382.89649950532));
#2650 = CARTESIAN_POINT('',(1.448951036414E+03,350.,382.81594864037));
#2651 = CARTESIAN_POINT('',(1.449117689768E+03,350.,382.74755562944));
#2652 = CARTESIAN_POINT('',(1.449289130234E+03,350.,382.69204063871));
#2653 = CARTESIAN_POINT('',(1.449464290811E+03,350.,382.64997720705));
#2654 = CARTESIAN_POINT('',(1.449642010752E+03,350.,382.62178466955));
#2655 = CARTESIAN_POINT('',(1.449821033542E+03,350.,382.60769515458));
#2656 = CARTESIAN_POINT('',(1.45E+03,350.,382.60769515458));
#2657 = PCURVE('',#341,#2658);
#2658 = DEFINITIONAL_REPRESENTATION('',(#2659),#2711);
#2659 = B_SPLINE_CURVE_WITH_KNOTS('',8,(#2660,#2661,#2662,#2663,#2664,
    #2665,#2666,#2667,#2668,#2669,#2670,#2671,#2672,#2673,#2674,#2675,
    #2676,#2677,#2678,#2679,#2680,#2681,#2682,#2683,#2684,#2685,#2686,
    #2687,#2688,#2689,#2690,#2691,#2692,#2693,#2694,#2695,#2696,#2697,
    #2698,#2699,#2700,#2701,#2702,#2703,#2704,#2705,#2706,#2707,#2708,
    #2709,#2710),.UNSPECIFIED.,.F.,.F.,(9,7,7,7,7,7,7,9),(0.,
    6.793510144636E-02,0.200606453284,0.522825295822,0.737141542485,
    0.832131586757,0.885805598968,1.),.UNSPECIFIED.);
#2660 = CARTESIAN_POINT('',(15.000000003277,150.00000000253));
#2661 = CARTESIAN_POINT('',(14.910892225142,149.93699124817));
#2662 = CARTESIAN_POINT('',(14.821784524002,149.87398263979));
#2663 = CARTESIAN_POINT('',(14.732654191488,149.81100565052));
#2664 = CARTESIAN_POINT('',(14.643478629241,149.74809192781));
#2665 = CARTESIAN_POINT('',(14.554235348919,149.68527329339));
#2666 = CARTESIAN_POINT('',(14.464901972195,149.62258174328));
#2667 = CARTESIAN_POINT('',(14.375456230754,149.56004944778));
#2668 = CARTESIAN_POINT('',(14.110933491343,149.37596278693));
#2669 = CARTESIAN_POINT('',(13.935481764772,149.25495030794));
#2670 = CARTESIAN_POINT('',(13.759351921542,149.13490995711));
#2671 = CARTESIAN_POINT('',(13.582382738648,149.01608837768));
#2672 = CARTESIAN_POINT('',(13.404420424882,148.8987409394));
#2673 = CARTESIAN_POINT('',(13.225318410588,148.78313246444));
#2674 = CARTESIAN_POINT('',(13.044937137421,148.66953795329));
#2675 = CARTESIAN_POINT('',(12.421622581792,148.2879420703));
#2676 = CARTESIAN_POINT('',(11.972295039906,148.03152743215));
#2677 = CARTESIAN_POINT('',(11.51263972952,147.79263668858));
#2678 = CARTESIAN_POINT('',(11.041140105123,147.5758873791));
#2679 = CARTESIAN_POINT('',(10.557309142554,147.38679951625));
#2680 = CARTESIAN_POINT('',(10.061813098825,147.23164356889));
#2681 = CARTESIAN_POINT('',(9.556649219578,147.11696992193));
#2682 = CARTESIAN_POINT('',(8.704781678175,147.00579009285));
#2683 = CARTESIAN_POINT('',(8.36208978384,146.98262796012));
#2684 = CARTESIAN_POINT('',(8.01814968396,146.98283433969));
#2685 = CARTESIAN_POINT('',(7.674885840588,147.00867683771));
#2686 = CARTESIAN_POINT('',(7.334962941103,147.06235460686));
#2687 = CARTESIAN_POINT('',(7.001767766202,147.14578686887));
#2688 = CARTESIAN_POINT('',(6.679387684795,147.26040559837));
#2689 = CARTESIAN_POINT('',(6.236603892122,147.47190537294));
#2690 = CARTESIAN_POINT('',(6.103736785449,147.54310433794));
#2691 = CARTESIAN_POINT('',(5.974430210337,147.62058822331));
#2692 = CARTESIAN_POINT('',(5.849158164421,147.70435504568));
#2693 = CARTESIAN_POINT('',(5.72841885454,147.79435576338));
#2694 = CARTESIAN_POINT('',(5.612728936331,147.89048650041));
#2695 = CARTESIAN_POINT('',(5.502616027264,147.99257910938));
#2696 = CARTESIAN_POINT('',(5.339840723968,148.1613085312));
#2697 = CARTESIAN_POINT('',(5.283021453568,148.22405291231));
#2698 = CARTESIAN_POINT('',(5.228247624672,148.28857860001));
#2699 = CARTESIAN_POINT('',(5.175614367175,148.35483422729));
#2700 = CARTESIAN_POINT('',(5.125215326364,148.42276124374));
#2701 = CARTESIAN_POINT('',(5.077141991166,148.49229348226));
#2702 = CARTESIAN_POINT('',(5.031483022394,148.56335672591));
#2703 = CARTESIAN_POINT('',(4.896499505322,148.79014056641));
#2704 = CARTESIAN_POINT('',(4.815948640374,148.95103641399));
#2705 = CARTESIAN_POINT('',(4.747555629449,149.11768976823));
#2706 = CARTESIAN_POINT('',(4.692040638715,149.28913023419));
#2707 = CARTESIAN_POINT('',(4.649977207055,149.46429081102));
#2708 = CARTESIAN_POINT('',(4.62178466955,149.64201075156));
#2709 = CARTESIAN_POINT('',(4.607695154587,149.82103354177));
#2710 = CARTESIAN_POINT('',(4.607695154587,150.));
#2711 = ( GEOMETRIC_REPRESENTATION_CONTEXT(2) 
PARAMETRIC_REPRESENTATION_CONTEXT() REPRESENTATION_CONTEXT('2D SPACE',''
  ) );
#2712 = PCURVE('',#2713,#2718);
#2713 = TOROIDAL_SURFACE('',#2714,9.,3.);
#2714 = AXIS2_PLACEMENT_3D('',#2715,#2716,#2717);
#2715 = CARTESIAN_POINT('',(1.45E+03,356.,393.));
#2716 = DIRECTION('',(1.,0.,2.22044604925E-16));
#2717 = DIRECTION('',(2.22044604925E-16,0.,-1.));
#2718 = DEFINITIONAL_REPRESENTATION('',(#2719),#2771);
#2719 = B_SPLINE_CURVE_WITH_KNOTS('',8,(#2720,#2721,#2722,#2723,#2724,
    #2725,#2726,#2727,#2728,#2729,#2730,#2731,#2732,#2733,#2734,#2735,
    #2736,#2737,#2738,#2739,#2740,#2741,#2742,#2743,#2744,#2745,#2746,
    #2747,#2748,#2749,#2750,#2751,#2752,#2753,#2754,#2755,#2756,#2757,
    #2758,#2759,#2760,#2761,#2762,#2763,#2764,#2765,#2766,#2767,#2768,
    #2769,#2770),.UNSPECIFIED.,.F.,.F.,(9,7,7,7,7,7,7,9),(0.,
    6.793510144636E-02,0.200606453284,0.522825295822,0.737141542485,
    0.832131586757,0.885805598968,1.),.UNSPECIFIED.);
#2720 = CARTESIAN_POINT('',(4.712388979839,3.141592652747));
#2721 = CARTESIAN_POINT('',(4.727240247284,3.162595542521));
#2722 = CARTESIAN_POINT('',(4.742091568086,3.1835984484));
#2723 = CARTESIAN_POINT('',(4.756936659159,3.204604914238));
#2724 = CARTESIAN_POINT('',(4.771769288971,3.225618493738));
#2725 = CARTESIAN_POINT('',(4.78658327754,3.246642750445));
#2726 = CARTESIAN_POINT('',(4.801372496438,3.267681257753));
#2727 = CARTESIAN_POINT('',(4.816130868785,3.288737598901));
#2728 = CARTESIAN_POINT('',(4.859602180872,3.350978417067));
#2729 = CARTESIAN_POINT('',(4.888210850221,3.392222317228));
#2730 = CARTESIAN_POINT('',(4.916634406677,3.433574970446));
#2731 = CARTESIAN_POINT('',(4.944829530639,3.47506333103));
#2732 = CARTESIAN_POINT('',(4.972754330681,3.516714033948));
#2733 = CARTESIAN_POINT('',(5.000369120695,3.558554024173));
#2734 = CARTESIAN_POINT('',(5.02763719703,3.600611186021));
#2735 = CARTESIAN_POINT('',(5.1198295038,3.7456581565));
#2736 = CARTESIAN_POINT('',(5.182816416529,3.849734708682));
#2737 = CARTESIAN_POINT('',(5.243118829352,3.955712517986));
#2738 = CARTESIAN_POINT('',(5.300356472374,4.064040309383));
#2739 = CARTESIAN_POINT('',(5.35420230432,4.175088877357));
#2740 = CARTESIAN_POINT('',(5.404464356569,4.289265458131));
#2741 = CARTESIAN_POINT('',(5.451064231135,4.407020601801));
#2742 = CARTESIAN_POINT('',(5.522588272854,4.610453693468));
#2743 = CARTESIAN_POINT('',(5.549509641056,4.693566548923));
#2744 = CARTESIAN_POINT('',(5.574776545751,4.778721990185));
#2745 = CARTESIAN_POINT('',(5.598365357303,4.866056338655));
#2746 = CARTESIAN_POINT('',(5.62025148618,4.95567774747));
#2747 = CARTESIAN_POINT('',(5.640416465931,5.047687133665));
#2748 = CARTESIAN_POINT('',(5.658845361843,5.142194475063));
#2749 = CARTESIAN_POINT('',(5.682902665084,5.282383449853));
#2750 = CARTESIAN_POINT('',(5.689942192601,5.325935537859));
#2751 = CARTESIAN_POINT('',(5.696629645145,5.369986348841));
#2752 = CARTESIAN_POINT('',(5.702961381991,5.414532617177));
#2753 = CARTESIAN_POINT('',(5.708933570568,5.459568540566));
#2754 = CARTESIAN_POINT('',(5.714542168015,5.505085229056));
#2755 = CARTESIAN_POINT('',(5.719782878126,5.551069261224));
#2756 = CARTESIAN_POINT('',(5.727401857493,5.623736177957));
#2757 = CARTESIAN_POINT('',(5.730033705173,5.650114819568));
#2758 = CARTESIAN_POINT('',(5.73254577234,5.676632306494));
#2759 = CARTESIAN_POINT('',(5.734937221663,5.703284430243));
#2760 = CARTESIAN_POINT('',(5.73720722948,5.730066587044));
#2761 = CARTESIAN_POINT('',(5.739354982409,5.756973625192));
#2762 = CARTESIAN_POINT('',(5.741379673952,5.783999692391));
#2763 = CARTESIAN_POINT('',(5.747324614977,5.868876495857));
#2764 = CARTESIAN_POINT('',(5.750809853258,5.927148540054));
#2765 = CARTESIAN_POINT('',(5.753725562693,5.985861193068));
#2766 = CARTESIAN_POINT('',(5.756065438423,6.044933901693));
#2767 = CARTESIAN_POINT('',(5.757824785869,6.104291766186));
#2768 = CARTESIAN_POINT('',(5.758999467087,6.163855736557));
#2769 = CARTESIAN_POINT('',(5.759586531581,6.223529821103));
#2770 = CARTESIAN_POINT('',(5.759586531581,6.28318530718));
#2771 = ( GEOMETRIC_REPRESENTATION_CONTEXT(2) 
PARAMETRIC_REPRESENTATION_CONTEXT() REPRESENTATION_CONTEXT('2D SPACE',''
  ) );
#2772 = ORIENTED_EDGE('',*,*,#2773,.T.);
#2773 = EDGE_CURVE('',#2602,#2600,#2774,.T.);
#2774 = SURFACE_CURVE('',#2775,(#2826,#2880),.PCURVE_S1.);
#2775 = B_SPLINE_CURVE_WITH_KNOTS('',7,(#2776,#2777,#2778,#2779,#2780,
    #2781,#2782,#2783,#2784,#2785,#2786,#2787,#2788,#2789,#2790,#2791,
    #2792,#2793,#2794,#2795,#2796,#2797,#2798,#2799,#2800,#2801,#2802,
    #2803,#2804,#2805,#2806,#2807,#2808,#2809,#2810,#2811,#2812,#2813,
    #2814,#2815,#2816,#2817,#2818,#2819,#2820,#2821,#2822,#2823,#2824,
    #2825),.UNSPECIFIED.,.F.,.F.,(8,6,6,6,6,6,6,6,8),(0.,0.105723151278,
    0.155935373615,0.241479417412,0.419487733244,0.58586189392,
    0.770816986004,0.922728134846,1.),.UNSPECIFIED.);
#2776 = CARTESIAN_POINT('',(1.45E+03,350.,382.60769515458));
#2777 = CARTESIAN_POINT('',(1.450189283897E+03,350.,382.60769515458));
#2778 = CARTESIAN_POINT('',(1.450378621225E+03,350.,382.62378421169));
#2779 = CARTESIAN_POINT('',(1.450566303108E+03,350.,382.65597686219));
#2780 = CARTESIAN_POINT('',(1.450750760845E+03,350.,382.7039327855));
#2781 = CARTESIAN_POINT('',(1.450930555664E+03,350.,382.76705761858));
#2782 = CARTESIAN_POINT('',(1.451104380344E+03,350.,382.8445381759));
#2783 = CARTESIAN_POINT('',(1.451350241705E+03,350.,382.97842428945));
#2784 = CARTESIAN_POINT('',(1.451427816237E+03,350.,383.02454298532));
#2785 = CARTESIAN_POINT('',(1.451503680257E+03,350.,383.07356141279));
#2786 = CARTESIAN_POINT('',(1.45157773054E+03,350.,383.12536639618));
#2787 = CARTESIAN_POINT('',(1.451649875942E+03,350.,383.17983965594));
#2788 = CARTESIAN_POINT('',(1.45172003663E+03,350.,383.23685913096));
#2789 = CARTESIAN_POINT('',(1.451904173289E+03,350.,383.39756723955));
#2790 = CARTESIAN_POINT('',(1.45201424358E+03,350.,383.505864546));
#2791 = CARTESIAN_POINT('',(1.452118014195E+03,350.,383.62057808715));
#2792 = CARTESIAN_POINT('',(1.452215249772E+03,350.,383.74108665983));
#2793 = CARTESIAN_POINT('',(1.452305801519E+03,350.,383.86677908843));
#2794 = CARTESIAN_POINT('',(1.452389593331E+03,350.,383.99706655624));
#2795 = CARTESIAN_POINT('',(1.452626880162E+03,350.,384.41090373151));
#2796 = CARTESIAN_POINT('',(1.452757739795E+03,350.,384.70775524244));
#2797 = CARTESIAN_POINT('',(1.45285927396E+03,350.,385.01713864538));
#2798 = CARTESIAN_POINT('',(1.452932517362E+03,350.,385.33486243365));
#2799 = CARTESIAN_POINT('',(1.452979079653E+03,350.,385.65745789311));
#2800 = CARTESIAN_POINT('',(1.453000909144E+03,350.,385.98222321524));
#2801 = CARTESIAN_POINT('',(1.452999107309E+03,350.,386.61111395573));
#2802 = CARTESIAN_POINT('',(1.452978354589E+03,350.,386.91512780621));
#2803 = CARTESIAN_POINT('',(1.45293934575E+03,350.,387.21784809678));
#2804 = CARTESIAN_POINT('',(1.452883716549E+03,350.,387.51814232443));
#2805 = CARTESIAN_POINT('',(1.452813072967E+03,350.,387.8152157669));
#2806 = CARTESIAN_POINT('',(1.452728934755E+03,350.,388.10859668365));
#2807 = CARTESIAN_POINT('',(1.452525637284E+03,350.,388.71998043283));
#2808 = CARTESIAN_POINT('',(1.452403651624E+03,350.,389.0369697946));
#2809 = CARTESIAN_POINT('',(1.452268595787E+03,350.,389.34885454224));
#2810 = CARTESIAN_POINT('',(1.452122218362E+03,350.,389.65561150426));
#2811 = CARTESIAN_POINT('',(1.451966126424E+03,350.,389.95742224391));
#2812 = CARTESIAN_POINT('',(1.451801773699E+03,350.,390.25466291101));
#2813 = CARTESIAN_POINT('',(1.451489709741E+03,350.,390.78873090957));
#2814 = CARTESIAN_POINT('',(1.451344293637E+03,350.,391.02682652413));
#2815 = CARTESIAN_POINT('',(1.451194910298E+03,350.,391.26246732441));
#2816 = CARTESIAN_POINT('',(1.451042240066E+03,350.,391.49597100056));
#2817 = CARTESIAN_POINT('',(1.450886924644E+03,350.,391.72768411359));
#2818 = CARTESIAN_POINT('',(1.45072957051E+03,350.,391.9579828999));
#2819 = CARTESIAN_POINT('',(1.450489967117E+03,350.,392.30390644261));
#2820 = CARTESIAN_POINT('',(1.450408805008E+03,350.,392.42027543127));
#2821 = CARTESIAN_POINT('',(1.450327342641E+03,350.,392.53643291455));
#2822 = CARTESIAN_POINT('',(1.450245655986E+03,350.,392.65243118674));
#2823 = CARTESIAN_POINT('',(1.450163820344E+03,350.,392.7683229637));
#2824 = CARTESIAN_POINT('',(1.450081910357E+03,350.,392.88416138288));
#2825 = CARTESIAN_POINT('',(1.450000000003E+03,350.,393.00000000327));
#2826 = PCURVE('',#341,#2827);
#2827 = DEFINITIONAL_REPRESENTATION('',(#2828),#2879);
#2828 = B_SPLINE_CURVE_WITH_KNOTS('',7,(#2829,#2830,#2831,#2832,#2833,
    #2834,#2835,#2836,#2837,#2838,#2839,#2840,#2841,#2842,#2843,#2844,
    #2845,#2846,#2847,#2848,#2849,#2850,#2851,#2852,#2853,#2854,#2855,
    #2856,#2857,#2858,#2859,#2860,#2861,#2862,#2863,#2864,#2865,#2866,
    #2867,#2868,#2869,#2870,#2871,#2872,#2873,#2874,#2875,#2876,#2877,
    #2878),.UNSPECIFIED.,.F.,.F.,(8,6,6,6,6,6,6,6,8),(0.,0.105723151278,
    0.155935373615,0.241479417412,0.419487733244,0.58586189392,
    0.770816986004,0.922728134846,1.),.UNSPECIFIED.);
#2829 = CARTESIAN_POINT('',(4.607695154587,150.));
#2830 = CARTESIAN_POINT('',(4.607695154587,150.18928389744));
#2831 = CARTESIAN_POINT('',(4.62378421169,150.3786212247));
#2832 = CARTESIAN_POINT('',(4.655976862196,150.56630310763));
#2833 = CARTESIAN_POINT('',(4.703932785501,150.75076084523));
#2834 = CARTESIAN_POINT('',(4.767057618582,150.93055566392));
#2835 = CARTESIAN_POINT('',(4.844538175907,151.10438034423));
#2836 = CARTESIAN_POINT('',(4.978424289459,151.35024170529));
#2837 = CARTESIAN_POINT('',(5.024542985321,151.42781623743));
#2838 = CARTESIAN_POINT('',(5.073561412798,151.50368025653));
#2839 = CARTESIAN_POINT('',(5.125366396188,151.57773054008));
#2840 = CARTESIAN_POINT('',(5.179839655946,151.64987594167));
#2841 = CARTESIAN_POINT('',(5.236859130966,151.7200366298));
#2842 = CARTESIAN_POINT('',(5.397567239554,151.90417328888));
#2843 = CARTESIAN_POINT('',(5.505864546002,152.01424358008));
#2844 = CARTESIAN_POINT('',(5.620578087157,152.1180141953));
#2845 = CARTESIAN_POINT('',(5.741086659832,152.2152497722));
#2846 = CARTESIAN_POINT('',(5.866779088433,152.30580151948));
#2847 = CARTESIAN_POINT('',(5.997066556249,152.3895933313));
#2848 = CARTESIAN_POINT('',(6.410903731514,152.6268801616));
#2849 = CARTESIAN_POINT('',(6.707755242442,152.75773979527));
#2850 = CARTESIAN_POINT('',(7.017138645381,152.85927396018));
#2851 = CARTESIAN_POINT('',(7.334862433658,152.93251736165));
#2852 = CARTESIAN_POINT('',(7.657457893113,152.97907965276));
#2853 = CARTESIAN_POINT('',(7.98222321524,153.00090914353));
#2854 = CARTESIAN_POINT('',(8.611113955733,152.99910730888));
#2855 = CARTESIAN_POINT('',(8.91512780621,152.97835458886));
#2856 = CARTESIAN_POINT('',(9.217848096784,152.93934574957));
#2857 = CARTESIAN_POINT('',(9.518142324439,152.88371654932));
#2858 = CARTESIAN_POINT('',(9.815215766906,152.81307296684));
#2859 = CARTESIAN_POINT('',(10.108596683653,152.72893475523));
#2860 = CARTESIAN_POINT('',(10.719980432834,152.52563728399));
#2861 = CARTESIAN_POINT('',(11.036969794606,152.40365162429));
#2862 = CARTESIAN_POINT('',(11.348854542241,152.26859578719));
#2863 = CARTESIAN_POINT('',(11.655611504263,152.12221836246));
#2864 = CARTESIAN_POINT('',(11.957422243917,151.96612642443));
#2865 = CARTESIAN_POINT('',(12.254662911015,151.80177369869));
#2866 = CARTESIAN_POINT('',(12.788730909576,151.4897097408));
#2867 = CARTESIAN_POINT('',(13.026826524139,151.34429363717));
#2868 = CARTESIAN_POINT('',(13.262467324416,151.19491029795));
#2869 = CARTESIAN_POINT('',(13.495971000566,151.04224006647));
#2870 = CARTESIAN_POINT('',(13.727684113596,150.88692464392));
#2871 = CARTESIAN_POINT('',(13.957982899908,150.72957050953));
#2872 = CARTESIAN_POINT('',(14.303906442618,150.4899671174));
#2873 = CARTESIAN_POINT('',(14.420275431278,150.4088050077));
#2874 = CARTESIAN_POINT('',(14.536432914554,150.32734264149));
#2875 = CARTESIAN_POINT('',(14.65243118674,150.24565598551));
#2876 = CARTESIAN_POINT('',(14.768322963703,150.1638203436));
#2877 = CARTESIAN_POINT('',(14.88416138288,150.08191035662));
#2878 = CARTESIAN_POINT('',(15.000000003277,150.00000000253));
#2879 = ( GEOMETRIC_REPRESENTATION_CONTEXT(2) 
PARAMETRIC_REPRESENTATION_CONTEXT() REPRESENTATION_CONTEXT('2D SPACE',''
  ) );
#2880 = PCURVE('',#2713,#2881);
#2881 = DEFINITIONAL_REPRESENTATION('',(#2882),#2933);
#2882 = B_SPLINE_CURVE_WITH_KNOTS('',7,(#2883,#2884,#2885,#2886,#2887,
    #2888,#2889,#2890,#2891,#2892,#2893,#2894,#2895,#2896,#2897,#2898,
    #2899,#2900,#2901,#2902,#2903,#2904,#2905,#2906,#2907,#2908,#2909,
    #2910,#2911,#2912,#2913,#2914,#2915,#2916,#2917,#2918,#2919,#2920,
    #2921,#2922,#2923,#2924,#2925,#2926,#2927,#2928,#2929,#2930,#2931,
    #2932),.UNSPECIFIED.,.F.,.F.,(8,6,6,6,6,6,6,6,8),(0.,0.105723151278,
    0.155935373615,0.241479417412,0.419487733244,0.58586189392,
    0.770816986004,0.922728134846,1.),.UNSPECIFIED.);
#2883 = CARTESIAN_POINT('',(5.759586531581,0.));
#2884 = CARTESIAN_POINT('',(5.759586531581,6.309463248099E-02));
#2885 = CARTESIAN_POINT('',(5.758916153118,0.126206932125));
#2886 = CARTESIAN_POINT('',(5.757574800301,0.189178331932));
#2887 = CARTESIAN_POINT('',(5.755566802402,0.251895230979));
#2888 = CARTESIAN_POINT('',(5.752897391151,0.314260795383));
#2889 = CARTESIAN_POINT('',(5.749573040408,0.376174037412));
#2890 = CARTESIAN_POINT('',(5.743722139342,0.466650046409));
#2891 = CARTESIAN_POINT('',(5.741692832339,0.495660351008));
#2892 = CARTESIAN_POINT('',(5.739519261823,0.524537710816));
#2893 = CARTESIAN_POINT('',(5.737202459837,0.553274078243));
#2894 = CARTESIAN_POINT('',(5.734743482603,0.581862412613));
#2895 = CARTESIAN_POINT('',(5.732143417274,0.610296358981));
#2896 = CARTESIAN_POINT('',(5.724735339469,0.686738186065));
#2897 = CARTESIAN_POINT('',(5.71966098421,0.734441749284));
#2898 = CARTESIAN_POINT('',(5.71418580666,0.781652215544));
#2899 = CARTESIAN_POINT('',(5.708314957701,0.828351257063));
#2900 = CARTESIAN_POINT('',(5.702053305792,0.874526287716));
#2901 = CARTESIAN_POINT('',(5.695405501468,0.92016838421));
#2902 = CARTESIAN_POINT('',(5.673748505976,1.059129381308));
#2903 = CARTESIAN_POINT('',(5.657475683347,1.150609710798));
#2904 = CARTESIAN_POINT('',(5.63958748573,1.239758809086));
#2905 = CARTESIAN_POINT('',(5.620105438418,1.326647327838));
#2906 = CARTESIAN_POINT('',(5.599051077284,1.411348664533));
#2907 = CARTESIAN_POINT('',(5.576449386843,1.493962840749));
#2908 = CARTESIAN_POINT('',(5.529745156696,1.650052438523));
#2909 = CARTESIAN_POINT('',(5.505842683585,1.723754189959));
#2910 = CARTESIAN_POINT('',(5.480605727716,1.795886575162));
#2911 = CARTESIAN_POINT('',(5.454046148016,1.866557977867));
#2912 = CARTESIAN_POINT('',(5.426185193691,1.935868922345));
#2913 = CARTESIAN_POINT('',(5.397050657908,2.003927010751));
#2914 = CARTESIAN_POINT('',(5.332894020965,2.145259557604));
#2915 = CARTESIAN_POINT('',(5.297588707676,2.218243801304));
#2916 = CARTESIAN_POINT('',(5.260792427665,2.289976766117));
#2917 = CARTESIAN_POINT('',(5.222570447134,2.36059345312));
#2918 = CARTESIAN_POINT('',(5.183014355802,2.430218071246));
#2919 = CARTESIAN_POINT('',(5.142236714846,2.498979069458));
#2920 = CARTESIAN_POINT('',(5.065964602592,2.6228991041));
#2921 = CARTESIAN_POINT('',(5.030833321878,2.678284863335));
#2922 = CARTESIAN_POINT('',(4.995036728698,2.733247297854));
#2923 = CARTESIAN_POINT('',(4.958659643891,2.787853151263));
#2924 = CARTESIAN_POINT('',(4.921797106474,2.842166216038));
#2925 = CARTESIAN_POINT('',(4.884550531902,2.896250779117));
#2926 = CARTESIAN_POINT('',(4.82793537581,2.977604458762));
#2927 = CARTESIAN_POINT('',(4.808774772373,3.004991765523));
#2928 = CARTESIAN_POINT('',(4.789556117553,3.032345472012));
#2929 = CARTESIAN_POINT('',(4.770293664446,3.059674024545));
#2930 = CARTESIAN_POINT('',(4.751001861715,3.086985831516));
#2931 = CARTESIAN_POINT('',(4.731695353583,3.1142892634));
#2932 = CARTESIAN_POINT('',(4.712388979839,3.141592652747));
#2933 = ( GEOMETRIC_REPRESENTATION_CONTEXT(2) 
PARAMETRIC_REPRESENTATION_CONTEXT() REPRESENTATION_CONTEXT('2D SPACE',''
  ) );
#2934 = FACE_BOUND('',#2935,.T.);
#2935 = EDGE_LOOP('',(#2936,#3107));
#2936 = ORIENTED_EDGE('',*,*,#2937,.T.);
#2937 = EDGE_CURVE('',#2938,#2940,#2942,.T.);
#2938 = VERTEX_POINT('',#2939);
#2939 = CARTESIAN_POINT('',(1.45E+03,350.,403.39230484541));
#2940 = VERTEX_POINT('',#2941);
#2941 = CARTESIAN_POINT('',(1.450000000003E+03,350.,393.00000000327));
#2942 = SURFACE_CURVE('',#2943,(#2994,#3048),.PCURVE_S1.);
#2943 = B_SPLINE_CURVE_WITH_KNOTS('',7,(#2944,#2945,#2946,#2947,#2948,
    #2949,#2950,#2951,#2952,#2953,#2954,#2955,#2956,#2957,#2958,#2959,
    #2960,#2961,#2962,#2963,#2964,#2965,#2966,#2967,#2968,#2969,#2970,
    #2971,#2972,#2973,#2974,#2975,#2976,#2977,#2978,#2979,#2980,#2981,
    #2982,#2983,#2984,#2985,#2986,#2987,#2988,#2989,#2990,#2991,#2992,
    #2993),.UNSPECIFIED.,.F.,.F.,(8,6,6,6,6,6,6,6,8),(0.,0.106805263705,
    0.157054882368,0.242687990569,0.420955499956,0.5853956748,
    0.770470474399,0.922418947675,1.),.UNSPECIFIED.);
#2944 = CARTESIAN_POINT('',(1.45E+03,350.,403.39230484541));
#2945 = CARTESIAN_POINT('',(1.449808778888E+03,350.,403.39230484541));
#2946 = CARTESIAN_POINT('',(1.449617501837E+03,350.,403.37588475932));
#2947 = CARTESIAN_POINT('',(1.449427932696E+03,350.,403.34302925527));
#2948 = CARTESIAN_POINT('',(1.449241687863E+03,350.,403.29409335878));
#2949 = CARTESIAN_POINT('',(1.449060247417E+03,350.,403.22969566693));
#2950 = CARTESIAN_POINT('',(1.448884953535E+03,350.,403.15068106318));
#2951 = CARTESIAN_POINT('',(1.448637975792E+03,350.,403.01462040376));
#2952 = CARTESIAN_POINT('',(1.448560564592E+03,350.,402.96808842371));
#2953 = CARTESIAN_POINT('',(1.448484877897E+03,350.,402.91866460619));
#2954 = CARTESIAN_POINT('',(1.448411018133E+03,350.,402.86646287926));
#2955 = CARTESIAN_POINT('',(1.448339075609E+03,350.,402.8116021618));
#2956 = CARTESIAN_POINT('',(1.448269129285E+03,350.,402.75420503985));
#2957 = CARTESIAN_POINT('',(1.448085566587E+03,350.,402.59247335961));
#2958 = CARTESIAN_POINT('',(1.447975879692E+03,350.,402.48354548841));
#2959 = CARTESIAN_POINT('',(1.447872522678E+03,350.,402.36822946877));
#2960 = CARTESIAN_POINT('',(1.447775726769E+03,350.,402.24714816339));
#2961 = CARTESIAN_POINT('',(1.447685636728E+03,350.,402.12091367623));
#2962 = CARTESIAN_POINT('',(1.447602324817E+03,350.,401.99011508369));
#2963 = CARTESIAN_POINT('',(1.44736649555E+03,350.,401.57468098707));
#2964 = CARTESIAN_POINT('',(1.44723668671E+03,350.,401.27683252104));
#2965 = CARTESIAN_POINT('',(1.447136259077E+03,350.,400.96657260274));
#2966 = CARTESIAN_POINT('',(1.447064152927E+03,350.,400.64808708514));
#2967 = CARTESIAN_POINT('',(1.447018737907E+03,350.,400.32483520766));
#2968 = CARTESIAN_POINT('',(1.446998050418E+03,350.,399.9995061214));
#2969 = CARTESIAN_POINT('',(1.447002006718E+03,350.,399.37365050834));
#2970 = CARTESIAN_POINT('',(1.447023257991E+03,350.,399.07322757385));
#2971 = CARTESIAN_POINT('',(1.447062291399E+03,350.,398.77410391161));
#2972 = CARTESIAN_POINT('',(1.447117528382E+03,350.,398.47736441046));
#2973 = CARTESIAN_POINT('',(1.447187419847E+03,350.,398.18377233153));
#2974 = CARTESIAN_POINT('',(1.447270499218E+03,350.,397.89378326274));
#2975 = CARTESIAN_POINT('',(1.447472318407E+03,350.,397.2854188871));
#2976 = CARTESIAN_POINT('',(1.447594190003E+03,350.,396.96815054189));
#2977 = CARTESIAN_POINT('',(1.447729170019E+03,350.,396.65599264494));
#2978 = CARTESIAN_POINT('',(1.447875504932E+03,350.,396.34897079247));
#2979 = CARTESIAN_POINT('',(1.448031583136E+03,350.,396.04690481516));
#2980 = CARTESIAN_POINT('',(1.448195946904E+03,350.,395.74941900057));
#2981 = CARTESIAN_POINT('',(1.44850801369E+03,350.,395.2150188168));
#2982 = CARTESIAN_POINT('',(1.448653410723E+03,350.,394.97683096901));
#2983 = CARTESIAN_POINT('',(1.44880278464E+03,350.,394.74110261829));
#2984 = CARTESIAN_POINT('',(1.448955454192E+03,350.,394.50751617921));
#2985 = CARTESIAN_POINT('',(1.44911077688E+03,350.,394.2757250861));
#2986 = CARTESIAN_POINT('',(1.449268145541E+03,350.,394.04535299306));
#2987 = CARTESIAN_POINT('',(1.449508084311E+03,350.,393.69888754181));
#2988 = CARTESIAN_POINT('',(1.449589565153E+03,350.,393.58204864142));
#2989 = CARTESIAN_POINT('',(1.449671349886E+03,350.,393.46542378399));
#2990 = CARTESIAN_POINT('',(1.449753361613E+03,350.,393.34896005201));
#2991 = CARTESIAN_POINT('',(1.449835524121E+03,350.,393.23260409926));
#2992 = CARTESIAN_POINT('',(1.44991776187E+03,350.,393.11630215086));
#2993 = CARTESIAN_POINT('',(1.450000000003E+03,350.,393.00000000327));
#2994 = PCURVE('',#341,#2995);
#2995 = DEFINITIONAL_REPRESENTATION('',(#2996),#3047);
#2996 = B_SPLINE_CURVE_WITH_KNOTS('',7,(#2997,#2998,#2999,#3000,#3001,
    #3002,#3003,#3004,#3005,#3006,#3007,#3008,#3009,#3010,#3011,#3012,
    #3013,#3014,#3015,#3016,#3017,#3018,#3019,#3020,#3021,#3022,#3023,
    #3024,#3025,#3026,#3027,#3028,#3029,#3030,#3031,#3032,#3033,#3034,
    #3035,#3036,#3037,#3038,#3039,#3040,#3041,#3042,#3043,#3044,#3045,
    #3046),.UNSPECIFIED.,.F.,.F.,(8,6,6,6,6,6,6,6,8),(0.,0.106805263705,
    0.157054882368,0.242687990569,0.420955499956,0.5853956748,
    0.770470474399,0.922418947675,1.),.UNSPECIFIED.);
#2997 = CARTESIAN_POINT('',(25.392304845413,150.));
#2998 = CARTESIAN_POINT('',(25.392304845413,149.80877888794));
#2999 = CARTESIAN_POINT('',(25.375884759327,149.61750183683));
#3000 = CARTESIAN_POINT('',(25.343029255271,149.42793269605));
#3001 = CARTESIAN_POINT('',(25.294093358783,149.24168786286));
#3002 = CARTESIAN_POINT('',(25.229695666935,149.06024741716));
#3003 = CARTESIAN_POINT('',(25.150681063184,148.88495353455));
#3004 = CARTESIAN_POINT('',(25.014620403769,148.63797579193));
#3005 = CARTESIAN_POINT('',(24.96808842371,148.56056459241));
#3006 = CARTESIAN_POINT('',(24.918664606198,148.4848778972));
#3007 = CARTESIAN_POINT('',(24.866462879264,148.41101813328));
#3008 = CARTESIAN_POINT('',(24.811602161808,148.33907560865));
#3009 = CARTESIAN_POINT('',(24.754205039853,148.26912928452));
#3010 = CARTESIAN_POINT('',(24.592473359618,148.08556658741));
#3011 = CARTESIAN_POINT('',(24.483545488417,147.97587969239));
#3012 = CARTESIAN_POINT('',(24.368229468774,147.87252267813));
#3013 = CARTESIAN_POINT('',(24.247148163391,147.77572676878));
#3014 = CARTESIAN_POINT('',(24.120913676238,147.6856367278));
#3015 = CARTESIAN_POINT('',(23.990115083696,147.60232481658));
#3016 = CARTESIAN_POINT('',(23.57468098707,147.3664955501));
#3017 = CARTESIAN_POINT('',(23.276832521049,147.23668671019));
#3018 = CARTESIAN_POINT('',(22.966572602742,147.13625907695));
#3019 = CARTESIAN_POINT('',(22.648087085141,147.06415292667));
#3020 = CARTESIAN_POINT('',(22.324835207666,147.0187379066));
#3021 = CARTESIAN_POINT('',(21.9995061214,146.99805041751));
#3022 = CARTESIAN_POINT('',(21.373650508345,147.00200671791));
#3023 = CARTESIAN_POINT('',(21.073227573852,147.02325799096));
#3024 = CARTESIAN_POINT('',(20.77410391161,147.06229139866));
#3025 = CARTESIAN_POINT('',(20.477364410466,147.11752838186));
#3026 = CARTESIAN_POINT('',(20.183772331533,147.18741984673));
#3027 = CARTESIAN_POINT('',(19.893783262741,147.27049921819));
#3028 = CARTESIAN_POINT('',(19.285418887108,147.47231840666));
#3029 = CARTESIAN_POINT('',(18.968150541899,147.59419000284));
#3030 = CARTESIAN_POINT('',(18.655992644949,147.72917001869));
#3031 = CARTESIAN_POINT('',(18.348970792473,147.87550493166));
#3032 = CARTESIAN_POINT('',(18.046904815167,148.03158313595));
#3033 = CARTESIAN_POINT('',(17.749419000576,148.19594690381));
#3034 = CARTESIAN_POINT('',(17.215018816807,148.50801368974));
#3035 = CARTESIAN_POINT('',(16.976830969019,148.65341072268));
#3036 = CARTESIAN_POINT('',(16.741102618297,148.80278464049));
#3037 = CARTESIAN_POINT('',(16.507516179215,148.95545419239));
#3038 = CARTESIAN_POINT('',(16.2757250861,149.11077688015));
#3039 = CARTESIAN_POINT('',(16.045352993065,149.26814554096));
#3040 = CARTESIAN_POINT('',(15.698887541819,149.50808431066));
#3041 = CARTESIAN_POINT('',(15.582048641425,149.58956515337));
#3042 = CARTESIAN_POINT('',(15.465423783999,149.67134988575));
#3043 = CARTESIAN_POINT('',(15.348960052012,149.75336161342));
#3044 = CARTESIAN_POINT('',(15.23260409926,149.83552412055));
#3045 = CARTESIAN_POINT('',(15.116302150867,149.91776186983));
#3046 = CARTESIAN_POINT('',(15.000000003277,150.00000000253));
#3047 = ( GEOMETRIC_REPRESENTATION_CONTEXT(2) 
PARAMETRIC_REPRESENTATION_CONTEXT() REPRESENTATION_CONTEXT('2D SPACE',''
  ) );
#3048 = PCURVE('',#3049,#3054);
#3049 = TOROIDAL_SURFACE('',#3050,9.,3.);
#3050 = AXIS2_PLACEMENT_3D('',#3051,#3052,#3053);
#3051 = CARTESIAN_POINT('',(1.45E+03,356.,393.));
#3052 = DIRECTION('',(1.,0.,2.22044604925E-16));
#3053 = DIRECTION('',(2.22044604925E-16,0.,-1.));
#3054 = DEFINITIONAL_REPRESENTATION('',(#3055),#3106);
#3055 = B_SPLINE_CURVE_WITH_KNOTS('',7,(#3056,#3057,#3058,#3059,#3060,
    #3061,#3062,#3063,#3064,#3065,#3066,#3067,#3068,#3069,#3070,#3071,
    #3072,#3073,#3074,#3075,#3076,#3077,#3078,#3079,#3080,#3081,#3082,
    #3083,#3084,#3085,#3086,#3087,#3088,#3089,#3090,#3091,#3092,#3093,
    #3094,#3095,#3096,#3097,#3098,#3099,#3100,#3101,#3102,#3103,#3104,
    #3105),.UNSPECIFIED.,.F.,.F.,(8,6,6,6,6,6,6,6,8),(0.,0.106805263705,
    0.157054882368,0.242687990569,0.420955499956,0.5853956748,
    0.770470474399,0.922418947675,1.),.UNSPECIFIED.);
#3056 = CARTESIAN_POINT('',(3.665191429188,6.28318530718));
#3057 = CARTESIAN_POINT('',(3.665191429188,6.219444936493));
#3058 = CARTESIAN_POINT('',(3.665875600606,6.155686072228));
#3059 = CARTESIAN_POINT('',(3.667244571731,6.092072824312));
#3060 = CARTESIAN_POINT('',(3.669293811702,6.028722038057));
#3061 = CARTESIAN_POINT('',(3.672017887762,5.965733036241));
#3062 = CARTESIAN_POINT('',(3.675410102692,5.90320957363));
#3063 = CARTESIAN_POINT('',(3.681361733091,5.812134627784));
#3064 = CARTESIAN_POINT('',(3.683411340522,5.783119975537));
#3065 = CARTESIAN_POINT('',(3.685605313129,5.754239364399));
#3066 = CARTESIAN_POINT('',(3.687942613196,5.725500783833));
#3067 = CARTESIAN_POINT('',(3.690422180108,5.696911214829));
#3068 = CARTESIAN_POINT('',(3.693042923606,5.668476949154));
#3069 = CARTESIAN_POINT('',(3.700508535308,5.592022282401));
#3070 = CARTESIAN_POINT('',(3.705620149223,5.544308121827));
#3071 = CARTESIAN_POINT('',(3.711133064433,5.497089481897));
#3072 = CARTESIAN_POINT('',(3.717042127735,5.450384399985));
#3073 = CARTESIAN_POINT('',(3.723342472447,5.404205193664));
#3074 = CARTESIAN_POINT('',(3.730029455227,5.358560513777));
#3075 = CARTESIAN_POINT('',(3.751814808823,5.21955665315));
#3076 = CARTESIAN_POINT('',(3.768179769443,5.128042650237));
#3077 = CARTESIAN_POINT('',(3.786163777558,5.038864930663));
#3078 = CARTESIAN_POINT('',(3.805745459303,4.951951420211));
#3079 = CARTESIAN_POINT('',(3.826903310471,4.867227431053));
#3080 = CARTESIAN_POINT('',(3.849612344243,4.784591753864));
#3081 = CARTESIAN_POINT('',(3.896235849487,4.629445440856));
#3082 = CARTESIAN_POINT('',(3.919914983353,4.556663885078));
#3083 = CARTESIAN_POINT('',(3.944897289789,4.485412248945));
#3084 = CARTESIAN_POINT('',(3.97117116739,4.415585778657));
#3085 = CARTESIAN_POINT('',(3.998716088222,4.347087165369));
#3086 = CARTESIAN_POINT('',(4.027505287751,4.279812472731));
#3087 = CARTESIAN_POINT('',(4.091286723464,4.13916947374));
#3088 = CARTESIAN_POINT('',(4.12659323078,4.066119466007));
#3089 = CARTESIAN_POINT('',(4.163393388512,3.994324013355));
#3090 = CARTESIAN_POINT('',(4.201621997578,3.923647811651));
#3091 = CARTESIAN_POINT('',(4.241187480034,3.853966390378));
#3092 = CARTESIAN_POINT('',(4.28197724132,3.785151011604));
#3093 = CARTESIAN_POINT('',(4.358262515264,3.661158158401));
#3094 = CARTESIAN_POINT('',(4.393393350893,3.605752920436));
#3095 = CARTESIAN_POINT('',(4.429190744105,3.550771968664));
#3096 = CARTESIAN_POINT('',(4.465569898099,3.496148497232));
#3097 = CARTESIAN_POINT('',(4.502435777446,3.441818658932));
#3098 = CARTESIAN_POINT('',(4.539686950441,3.387718112841));
#3099 = CARTESIAN_POINT('',(4.596382568227,3.306238404861));
#3100 = CARTESIAN_POINT('',(4.615618674034,3.278740830343));
#3101 = CARTESIAN_POINT('',(4.634913526983,3.251277262014));
#3102 = CARTESIAN_POINT('',(4.654252705389,3.223839151486));
#3103 = CARTESIAN_POINT('',(4.673621587791,3.196417988365));
#3104 = CARTESIAN_POINT('',(4.693005352948,3.169005300253));
#3105 = CARTESIAN_POINT('',(4.712388979839,3.141592652747));
#3106 = ( GEOMETRIC_REPRESENTATION_CONTEXT(2) 
PARAMETRIC_REPRESENTATION_CONTEXT() REPRESENTATION_CONTEXT('2D SPACE',''
  ) );
#3107 = ORIENTED_EDGE('',*,*,#3108,.F.);
#3108 = EDGE_CURVE('',#2938,#2940,#3109,.T.);
#3109 = SURFACE_CURVE('',#3110,(#3161,#3215),.PCURVE_S1.);
#3110 = B_SPLINE_CURVE_WITH_KNOTS('',7,(#3111,#3112,#3113,#3114,#3115,
    #3116,#3117,#3118,#3119,#3120,#3121,#3122,#3123,#3124,#3125,#3126,
    #3127,#3128,#3129,#3130,#3131,#3132,#3133,#3134,#3135,#3136,#3137,
    #3138,#3139,#3140,#3141,#3142,#3143,#3144,#3145,#3146,#3147,#3148,
    #3149,#3150,#3151,#3152,#3153,#3154,#3155,#3156,#3157,#3158,#3159,
    #3160),.UNSPECIFIED.,.F.,.F.,(8,6,6,6,6,6,6,6,8),(0.,0.10572315132,
    0.155935373677,0.241479417508,0.41948773341,0.585861894152,
    0.770816986309,0.922728135211,1.),.UNSPECIFIED.);
#3111 = CARTESIAN_POINT('',(1.45E+03,350.,403.39230484541));
#3112 = CARTESIAN_POINT('',(1.450189283897E+03,350.,403.39230484541));
#3113 = CARTESIAN_POINT('',(1.450378621225E+03,350.,403.37621578831));
#3114 = CARTESIAN_POINT('',(1.450566303108E+03,350.,403.3440231378));
#3115 = CARTESIAN_POINT('',(1.450750760845E+03,350.,403.29606721449));
#3116 = CARTESIAN_POINT('',(1.450930555664E+03,350.,403.23294238141));
#3117 = CARTESIAN_POINT('',(1.451104380344E+03,350.,403.15546182409));
#3118 = CARTESIAN_POINT('',(1.451350241705E+03,350.,403.02157571054));
#3119 = CARTESIAN_POINT('',(1.451427816237E+03,350.,402.97545701467));
#3120 = CARTESIAN_POINT('',(1.451503680257E+03,350.,402.9264385872));
#3121 = CARTESIAN_POINT('',(1.45157773054E+03,350.,402.87463360381));
#3122 = CARTESIAN_POINT('',(1.451649875942E+03,350.,402.82016034405));
#3123 = CARTESIAN_POINT('',(1.45172003663E+03,350.,402.76314086903));
#3124 = CARTESIAN_POINT('',(1.451904173289E+03,350.,402.60243276044));
#3125 = CARTESIAN_POINT('',(1.45201424358E+03,350.,402.49413545399));
#3126 = CARTESIAN_POINT('',(1.452118014195E+03,350.,402.37942191284));
#3127 = CARTESIAN_POINT('',(1.452215249772E+03,350.,402.25891334016));
#3128 = CARTESIAN_POINT('',(1.452305801519E+03,350.,402.13322091156));
#3129 = CARTESIAN_POINT('',(1.452389593331E+03,350.,402.00293344375));
#3130 = CARTESIAN_POINT('',(1.452626880162E+03,350.,401.58909626848));
#3131 = CARTESIAN_POINT('',(1.452757739795E+03,350.,401.29224475755));
#3132 = CARTESIAN_POINT('',(1.45285927396E+03,350.,400.98286135461));
#3133 = CARTESIAN_POINT('',(1.452932517362E+03,350.,400.66513756634));
#3134 = CARTESIAN_POINT('',(1.452979079653E+03,350.,400.34254210688));
#3135 = CARTESIAN_POINT('',(1.453000909144E+03,350.,400.01777678476));
#3136 = CARTESIAN_POINT('',(1.452999107309E+03,350.,399.38888604426));
#3137 = CARTESIAN_POINT('',(1.452978354589E+03,350.,399.08487219378));
#3138 = CARTESIAN_POINT('',(1.45293934575E+03,350.,398.78215190321));
#3139 = CARTESIAN_POINT('',(1.452883716549E+03,350.,398.48185767556));
#3140 = CARTESIAN_POINT('',(1.452813072967E+03,350.,398.18478423309));
#3141 = CARTESIAN_POINT('',(1.452728934755E+03,350.,397.89140331634));
#3142 = CARTESIAN_POINT('',(1.452525637284E+03,350.,397.28001956716));
#3143 = CARTESIAN_POINT('',(1.452403651624E+03,350.,396.96303020539));
#3144 = CARTESIAN_POINT('',(1.452268595787E+03,350.,396.65114545775));
#3145 = CARTESIAN_POINT('',(1.452122218362E+03,350.,396.34438849573));
#3146 = CARTESIAN_POINT('',(1.451966126424E+03,350.,396.04257775608));
#3147 = CARTESIAN_POINT('',(1.451801773699E+03,350.,395.74533708898));
#3148 = CARTESIAN_POINT('',(1.451489709741E+03,350.,395.21126909042));
#3149 = CARTESIAN_POINT('',(1.451344293637E+03,350.,394.97317347586));
#3150 = CARTESIAN_POINT('',(1.451194910298E+03,350.,394.73753267558));
#3151 = CARTESIAN_POINT('',(1.451042240066E+03,350.,394.50402899943));
#3152 = CARTESIAN_POINT('',(1.450886924644E+03,350.,394.2723158864));
#3153 = CARTESIAN_POINT('',(1.45072957051E+03,350.,394.04201710009));
#3154 = CARTESIAN_POINT('',(1.450489967118E+03,350.,393.69609355797));
#3155 = CARTESIAN_POINT('',(1.450408805008E+03,350.,393.57972457045));
#3156 = CARTESIAN_POINT('',(1.450327342642E+03,350.,393.46356708783));
#3157 = CARTESIAN_POINT('',(1.450245655987E+03,350.,393.34756881556));
#3158 = CARTESIAN_POINT('',(1.450163820347E+03,350.,393.23167703829));
#3159 = CARTESIAN_POINT('',(1.45008191036E+03,350.,393.11583861985));
#3160 = CARTESIAN_POINT('',(1.450000000003E+03,350.,393.00000000327));
#3161 = PCURVE('',#341,#3162);
#3162 = DEFINITIONAL_REPRESENTATION('',(#3163),#3214);
#3163 = B_SPLINE_CURVE_WITH_KNOTS('',7,(#3164,#3165,#3166,#3167,#3168,
    #3169,#3170,#3171,#3172,#3173,#3174,#3175,#3176,#3177,#3178,#3179,
    #3180,#3181,#3182,#3183,#3184,#3185,#3186,#3187,#3188,#3189,#3190,
    #3191,#3192,#3193,#3194,#3195,#3196,#3197,#3198,#3199,#3200,#3201,
    #3202,#3203,#3204,#3205,#3206,#3207,#3208,#3209,#3210,#3211,#3212,
    #3213),.UNSPECIFIED.,.F.,.F.,(8,6,6,6,6,6,6,6,8),(0.,0.10572315132,
    0.155935373677,0.241479417508,0.41948773341,0.585861894152,
    0.770816986309,0.922728135211,1.),.UNSPECIFIED.);
#3164 = CARTESIAN_POINT('',(25.392304845413,150.));
#3165 = CARTESIAN_POINT('',(25.392304845413,150.18928389744));
#3166 = CARTESIAN_POINT('',(25.37621578831,150.3786212247));
#3167 = CARTESIAN_POINT('',(25.344023137804,150.56630310763));
#3168 = CARTESIAN_POINT('',(25.296067214499,150.75076084523));
#3169 = CARTESIAN_POINT('',(25.232942381418,150.93055566392));
#3170 = CARTESIAN_POINT('',(25.155461824093,151.10438034423));
#3171 = CARTESIAN_POINT('',(25.021575710541,151.35024170529));
#3172 = CARTESIAN_POINT('',(24.975457014679,151.42781623743));
#3173 = CARTESIAN_POINT('',(24.926438587202,151.50368025653));
#3174 = CARTESIAN_POINT('',(24.874633603812,151.57773054008));
#3175 = CARTESIAN_POINT('',(24.820160344054,151.64987594167));
#3176 = CARTESIAN_POINT('',(24.763140869034,151.7200366298));
#3177 = CARTESIAN_POINT('',(24.602432760446,151.90417328888));
#3178 = CARTESIAN_POINT('',(24.494135453998,152.01424358008));
#3179 = CARTESIAN_POINT('',(24.379421912843,152.1180141953));
#3180 = CARTESIAN_POINT('',(24.258913340168,152.2152497722));
#3181 = CARTESIAN_POINT('',(24.133220911567,152.30580151948));
#3182 = CARTESIAN_POINT('',(24.002933443751,152.3895933313));
#3183 = CARTESIAN_POINT('',(23.589096268486,152.6268801616));
#3184 = CARTESIAN_POINT('',(23.292244757559,152.75773979527));
#3185 = CARTESIAN_POINT('',(22.982861354619,152.85927396018));
#3186 = CARTESIAN_POINT('',(22.665137566342,152.93251736165));
#3187 = CARTESIAN_POINT('',(22.342542106887,152.97907965276));
#3188 = CARTESIAN_POINT('',(22.01777678476,153.00090914353));
#3189 = CARTESIAN_POINT('',(21.388886044267,152.99910730888));
#3190 = CARTESIAN_POINT('',(21.084872193789,152.97835458886));
#3191 = CARTESIAN_POINT('',(20.782151903216,152.93934574957));
#3192 = CARTESIAN_POINT('',(20.481857675561,152.88371654932));
#3193 = CARTESIAN_POINT('',(20.184784233093,152.81307296684));
#3194 = CARTESIAN_POINT('',(19.891403316347,152.72893475523));
#3195 = CARTESIAN_POINT('',(19.280019567166,152.52563728399));
#3196 = CARTESIAN_POINT('',(18.963030205395,152.40365162429));
#3197 = CARTESIAN_POINT('',(18.651145457759,152.26859578719));
#3198 = CARTESIAN_POINT('',(18.344388495737,152.12221836246));
#3199 = CARTESIAN_POINT('',(18.042577756083,151.96612642443));
#3200 = CARTESIAN_POINT('',(17.745337088985,151.80177369869));
#3201 = CARTESIAN_POINT('',(17.211269090424,151.4897097408));
#3202 = CARTESIAN_POINT('',(16.973173475861,151.34429363717));
#3203 = CARTESIAN_POINT('',(16.737532675584,151.19491029795));
#3204 = CARTESIAN_POINT('',(16.504028999434,151.04224006647));
#3205 = CARTESIAN_POINT('',(16.272315886404,150.88692464392));
#3206 = CARTESIAN_POINT('',(16.042017100092,150.72957050953));
#3207 = CARTESIAN_POINT('',(15.696093557978,150.48996711781));
#3208 = CARTESIAN_POINT('',(15.579724570453,150.40880500788));
#3209 = CARTESIAN_POINT('',(15.463567087831,150.32734264206));
#3210 = CARTESIAN_POINT('',(15.347568815562,150.24565598742));
#3211 = CARTESIAN_POINT('',(15.23167703829,150.16382034711));
#3212 = CARTESIAN_POINT('',(15.115838619851,150.08191036037));
#3213 = CARTESIAN_POINT('',(15.000000003277,150.00000000253));
#3214 = ( GEOMETRIC_REPRESENTATION_CONTEXT(2) 
PARAMETRIC_REPRESENTATION_CONTEXT() REPRESENTATION_CONTEXT('2D SPACE',''
  ) );
#3215 = PCURVE('',#3049,#3216);
#3216 = DEFINITIONAL_REPRESENTATION('',(#3217),#3268);
#3217 = B_SPLINE_CURVE_WITH_KNOTS('',7,(#3218,#3219,#3220,#3221,#3222,
    #3223,#3224,#3225,#3226,#3227,#3228,#3229,#3230,#3231,#3232,#3233,
    #3234,#3235,#3236,#3237,#3238,#3239,#3240,#3241,#3242,#3243,#3244,
    #3245,#3246,#3247,#3248,#3249,#3250,#3251,#3252,#3253,#3254,#3255,
    #3256,#3257,#3258,#3259,#3260,#3261,#3262,#3263,#3264,#3265,#3266,
    #3267),.UNSPECIFIED.,.F.,.F.,(8,6,6,6,6,6,6,6,8),(0.,0.10572315132,
    0.155935373677,0.241479417508,0.41948773341,0.585861894152,
    0.770816986309,0.922728135211,1.),.UNSPECIFIED.);
#3218 = CARTESIAN_POINT('',(3.665191429188,0.));
#3219 = CARTESIAN_POINT('',(3.665191429188,6.309463248097E-02));
#3220 = CARTESIAN_POINT('',(3.665861807651,0.126206932125));
#3221 = CARTESIAN_POINT('',(3.667203160468,0.189178331932));
#3222 = CARTESIAN_POINT('',(3.669211158367,0.251895230979));
#3223 = CARTESIAN_POINT('',(3.671880569618,0.314260795383));
#3224 = CARTESIAN_POINT('',(3.675204920361,0.376174037412));
#3225 = CARTESIAN_POINT('',(3.681055821428,0.466650046409));
#3226 = CARTESIAN_POINT('',(3.68308512843,0.495660351008));
#3227 = CARTESIAN_POINT('',(3.685258698946,0.524537710816));
#3228 = CARTESIAN_POINT('',(3.687575500932,0.553274078243));
#3229 = CARTESIAN_POINT('',(3.690034478166,0.581862412613));
#3230 = CARTESIAN_POINT('',(3.692634543496,0.610296358981));
#3231 = CARTESIAN_POINT('',(3.7000426213,0.686738186065));
#3232 = CARTESIAN_POINT('',(3.70511697656,0.734441749284));
#3233 = CARTESIAN_POINT('',(3.71059215411,0.781652215544));
#3234 = CARTESIAN_POINT('',(3.716463003069,0.828351257063));
#3235 = CARTESIAN_POINT('',(3.722724654977,0.874526287716));
#3236 = CARTESIAN_POINT('',(3.729372459302,0.92016838421));
#3237 = CARTESIAN_POINT('',(3.751029454794,1.059129381309));
#3238 = CARTESIAN_POINT('',(3.767302277422,1.150609710797));
#3239 = CARTESIAN_POINT('',(3.78519047504,1.239758809086));
#3240 = CARTESIAN_POINT('',(3.804672522351,1.326647327838));
#3241 = CARTESIAN_POINT('',(3.825726883485,1.411348664533));
#3242 = CARTESIAN_POINT('',(3.848328573927,1.493962840749));
#3243 = CARTESIAN_POINT('',(3.895032804073,1.650052438523));
#3244 = CARTESIAN_POINT('',(3.918935277184,1.723754189959));
#3245 = CARTESIAN_POINT('',(3.944172233053,1.795886575162));
#3246 = CARTESIAN_POINT('',(3.970731812754,1.866557977867));
#3247 = CARTESIAN_POINT('',(3.998592767078,1.935868922345));
#3248 = CARTESIAN_POINT('',(4.027727302862,2.003927010751));
#3249 = CARTESIAN_POINT('',(4.091883939805,2.145259557604));
#3250 = CARTESIAN_POINT('',(4.127189253093,2.218243801304));
#3251 = CARTESIAN_POINT('',(4.163985533104,2.289976766117));
#3252 = CARTESIAN_POINT('',(4.202207513636,2.36059345312));
#3253 = CARTESIAN_POINT('',(4.241763604967,2.430218071246));
#3254 = CARTESIAN_POINT('',(4.282541245923,2.498979069458));
#3255 = CARTESIAN_POINT('',(4.358813358177,2.6228991041));
#3256 = CARTESIAN_POINT('',(4.393944638892,2.678284863335));
#3257 = CARTESIAN_POINT('',(4.429741232072,2.733247297854));
#3258 = CARTESIAN_POINT('',(4.466118316878,2.787853151263));
#3259 = CARTESIAN_POINT('',(4.502980854295,2.842166216038));
#3260 = CARTESIAN_POINT('',(4.540227428868,2.896250779117));
#3261 = CARTESIAN_POINT('',(4.596842584862,2.977604458622));
#3262 = CARTESIAN_POINT('',(4.616003188111,3.004991765461));
#3263 = CARTESIAN_POINT('',(4.635221842822,3.032345471818));
#3264 = CARTESIAN_POINT('',(4.654484295941,3.059674023907));
#3265 = CARTESIAN_POINT('',(4.673776098723,3.086985830343));
#3266 = CARTESIAN_POINT('',(4.693082606731,3.114289262148));
#3267 = CARTESIAN_POINT('',(4.712388979839,3.141592652747));
#3268 = ( GEOMETRIC_REPRESENTATION_CONTEXT(2) 
PARAMETRIC_REPRESENTATION_CONTEXT() REPRESENTATION_CONTEXT('2D SPACE',''
  ) );
#3269 = FACE_BOUND('',#3270,.T.);
#3270 = EDGE_LOOP('',(#3271));
#3271 = ORIENTED_EDGE('',*,*,#3272,.F.);
#3272 = EDGE_CURVE('',#3273,#3273,#3275,.T.);
#3273 = VERTEX_POINT('',#3274);
#3274 = CARTESIAN_POINT('',(1.62E+03,350.,405.5));
#3275 = SURFACE_CURVE('',#3276,(#3281,#3288),.PCURVE_S1.);
#3276 = CIRCLE('',#3277,12.5);
#3277 = AXIS2_PLACEMENT_3D('',#3278,#3279,#3280);
#3278 = CARTESIAN_POINT('',(1.62E+03,350.,393.));
#3279 = DIRECTION('',(0.,1.,0.));
#3280 = DIRECTION('',(0.,-0.,1.));
#3281 = PCURVE('',#341,#3282);
#3282 = DEFINITIONAL_REPRESENTATION('',(#3283),#3287);
#3283 = CIRCLE('',#3284,12.5);
#3284 = AXIS2_PLACEMENT_2D('',#3285,#3286);
#3285 = CARTESIAN_POINT('',(15.,320.));
#3286 = DIRECTION('',(1.,0.));
#3287 = ( GEOMETRIC_REPRESENTATION_CONTEXT(2) 
PARAMETRIC_REPRESENTATION_CONTEXT() REPRESENTATION_CONTEXT('2D SPACE',''
  ) );
#3288 = PCURVE('',#3289,#3294);
#3289 = CYLINDRICAL_SURFACE('',#3290,12.5);
#3290 = AXIS2_PLACEMENT_3D('',#3291,#3292,#3293);
#3291 = CARTESIAN_POINT('',(1.62E+03,350.,393.));
#3292 = DIRECTION('',(0.,1.,0.));
#3293 = DIRECTION('',(0.,-0.,1.));
#3294 = DEFINITIONAL_REPRESENTATION('',(#3295),#3299);
#3295 = LINE('',#3296,#3297);
#3296 = CARTESIAN_POINT('',(0.,0.));
#3297 = VECTOR('',#3298,1.);
#3298 = DIRECTION('',(1.,0.));
#3299 = ( GEOMETRIC_REPRESENTATION_CONTEXT(2) 
PARAMETRIC_REPRESENTATION_CONTEXT() REPRESENTATION_CONTEXT('2D SPACE',''
  ) );
#3300 = FACE_BOUND('',#3301,.T.);
#3301 = EDGE_LOOP('',(#3302,#3473));
#3302 = ORIENTED_EDGE('',*,*,#3303,.T.);
#3303 = EDGE_CURVE('',#3304,#3306,#3308,.T.);
#3304 = VERTEX_POINT('',#3305);
#3305 = CARTESIAN_POINT('',(2.35E+03,350.,382.60769515458));
#3306 = VERTEX_POINT('',#3307);
#3307 = CARTESIAN_POINT('',(2.350000000003E+03,350.,393.00000000327));
#3308 = SURFACE_CURVE('',#3309,(#3360,#3414),.PCURVE_S1.);
#3309 = B_SPLINE_CURVE_WITH_KNOTS('',7,(#3310,#3311,#3312,#3313,#3314,
    #3315,#3316,#3317,#3318,#3319,#3320,#3321,#3322,#3323,#3324,#3325,
    #3326,#3327,#3328,#3329,#3330,#3331,#3332,#3333,#3334,#3335,#3336,
    #3337,#3338,#3339,#3340,#3341,#3342,#3343,#3344,#3345,#3346,#3347,
    #3348,#3349,#3350,#3351,#3352,#3353,#3354,#3355,#3356,#3357,#3358,
    #3359),.UNSPECIFIED.,.F.,.F.,(8,6,6,6,6,6,6,6,8),(0.,0.105723151278,
    0.155935373616,0.241479417413,0.419487733244,0.58586189392,
    0.770816986004,0.922728134846,1.),.UNSPECIFIED.);
#3310 = CARTESIAN_POINT('',(2.35E+03,350.,382.60769515458));
#3311 = CARTESIAN_POINT('',(2.350189283897E+03,350.,382.60769515458));
#3312 = CARTESIAN_POINT('',(2.350378621225E+03,350.,382.62378421169));
#3313 = CARTESIAN_POINT('',(2.350566303108E+03,350.,382.65597686219));
#3314 = CARTESIAN_POINT('',(2.350750760845E+03,350.,382.7039327855));
#3315 = CARTESIAN_POINT('',(2.350930555664E+03,350.,382.76705761858));
#3316 = CARTESIAN_POINT('',(2.351104380344E+03,350.,382.8445381759));
#3317 = CARTESIAN_POINT('',(2.351350241705E+03,350.,382.97842428945));
#3318 = CARTESIAN_POINT('',(2.351427816237E+03,350.,383.02454298532));
#3319 = CARTESIAN_POINT('',(2.351503680257E+03,350.,383.07356141279));
#3320 = CARTESIAN_POINT('',(2.35157773054E+03,350.,383.12536639618));
#3321 = CARTESIAN_POINT('',(2.351649875942E+03,350.,383.17983965594));
#3322 = CARTESIAN_POINT('',(2.35172003663E+03,350.,383.23685913096));
#3323 = CARTESIAN_POINT('',(2.351904173289E+03,350.,383.39756723955));
#3324 = CARTESIAN_POINT('',(2.35201424358E+03,350.,383.505864546));
#3325 = CARTESIAN_POINT('',(2.352118014195E+03,350.,383.62057808715));
#3326 = CARTESIAN_POINT('',(2.352215249772E+03,350.,383.74108665983));
#3327 = CARTESIAN_POINT('',(2.352305801519E+03,350.,383.86677908843));
#3328 = CARTESIAN_POINT('',(2.352389593331E+03,350.,383.99706655624));
#3329 = CARTESIAN_POINT('',(2.352626880162E+03,350.,384.41090373151));
#3330 = CARTESIAN_POINT('',(2.352757739795E+03,350.,384.70775524244));
#3331 = CARTESIAN_POINT('',(2.35285927396E+03,350.,385.01713864538));
#3332 = CARTESIAN_POINT('',(2.352932517362E+03,350.,385.33486243366));
#3333 = CARTESIAN_POINT('',(2.352979079653E+03,350.,385.65745789311));
#3334 = CARTESIAN_POINT('',(2.353000909144E+03,350.,385.98222321524));
#3335 = CARTESIAN_POINT('',(2.352999107309E+03,350.,386.61111395573));
#3336 = CARTESIAN_POINT('',(2.352978354589E+03,350.,386.91512780621));
#3337 = CARTESIAN_POINT('',(2.35293934575E+03,350.,387.21784809678));
#3338 = CARTESIAN_POINT('',(2.352883716549E+03,350.,387.51814232443));
#3339 = CARTESIAN_POINT('',(2.352813072967E+03,350.,387.8152157669));
#3340 = CARTESIAN_POINT('',(2.352728934755E+03,350.,388.10859668365));
#3341 = CARTESIAN_POINT('',(2.352525637284E+03,350.,388.71998043283));
#3342 = CARTESIAN_POINT('',(2.352403651624E+03,350.,389.0369697946));
#3343 = CARTESIAN_POINT('',(2.352268595787E+03,350.,389.34885454224));
#3344 = CARTESIAN_POINT('',(2.352122218362E+03,350.,389.65561150426));
#3345 = CARTESIAN_POINT('',(2.351966126424E+03,350.,389.95742224391));
#3346 = CARTESIAN_POINT('',(2.351801773699E+03,350.,390.25466291101));
#3347 = CARTESIAN_POINT('',(2.351489709741E+03,350.,390.78873090957));
#3348 = CARTESIAN_POINT('',(2.351344293637E+03,350.,391.02682652413));
#3349 = CARTESIAN_POINT('',(2.351194910298E+03,350.,391.26246732441));
#3350 = CARTESIAN_POINT('',(2.351042240066E+03,350.,391.49597100056));
#3351 = CARTESIAN_POINT('',(2.350886924644E+03,350.,391.72768411359));
#3352 = CARTESIAN_POINT('',(2.35072957051E+03,350.,391.9579828999));
#3353 = CARTESIAN_POINT('',(2.350489967117E+03,350.,392.30390644261));
#3354 = CARTESIAN_POINT('',(2.350408805008E+03,350.,392.42027543127));
#3355 = CARTESIAN_POINT('',(2.350327342641E+03,350.,392.53643291455));
#3356 = CARTESIAN_POINT('',(2.350245655986E+03,350.,392.65243118674));
#3357 = CARTESIAN_POINT('',(2.350163820344E+03,350.,392.7683229637));
#3358 = CARTESIAN_POINT('',(2.350081910357E+03,350.,392.88416138288));
#3359 = CARTESIAN_POINT('',(2.350000000003E+03,350.,393.00000000327));
#3360 = PCURVE('',#341,#3361);
#3361 = DEFINITIONAL_REPRESENTATION('',(#3362),#3413);
#3362 = B_SPLINE_CURVE_WITH_KNOTS('',7,(#3363,#3364,#3365,#3366,#3367,
    #3368,#3369,#3370,#3371,#3372,#3373,#3374,#3375,#3376,#3377,#3378,
    #3379,#3380,#3381,#3382,#3383,#3384,#3385,#3386,#3387,#3388,#3389,
    #3390,#3391,#3392,#3393,#3394,#3395,#3396,#3397,#3398,#3399,#3400,
    #3401,#3402,#3403,#3404,#3405,#3406,#3407,#3408,#3409,#3410,#3411,
    #3412),.UNSPECIFIED.,.F.,.F.,(8,6,6,6,6,6,6,6,8),(0.,0.105723151278,
    0.155935373616,0.241479417413,0.419487733244,0.58586189392,
    0.770816986004,0.922728134846,1.),.UNSPECIFIED.);
#3363 = CARTESIAN_POINT('',(4.607695154587,1.05E+03));
#3364 = CARTESIAN_POINT('',(4.607695154587,1.050189283897E+03));
#3365 = CARTESIAN_POINT('',(4.623784211691,1.050378621225E+03));
#3366 = CARTESIAN_POINT('',(4.655976862196,1.050566303108E+03));
#3367 = CARTESIAN_POINT('',(4.703932785501,1.050750760845E+03));
#3368 = CARTESIAN_POINT('',(4.767057618582,1.050930555664E+03));
#3369 = CARTESIAN_POINT('',(4.844538175907,1.051104380344E+03));
#3370 = CARTESIAN_POINT('',(4.978424289459,1.051350241705E+03));
#3371 = CARTESIAN_POINT('',(5.024542985321,1.051427816237E+03));
#3372 = CARTESIAN_POINT('',(5.073561412798,1.051503680257E+03));
#3373 = CARTESIAN_POINT('',(5.125366396188,1.05157773054E+03));
#3374 = CARTESIAN_POINT('',(5.179839655946,1.051649875942E+03));
#3375 = CARTESIAN_POINT('',(5.236859130966,1.05172003663E+03));
#3376 = CARTESIAN_POINT('',(5.397567239553,1.051904173289E+03));
#3377 = CARTESIAN_POINT('',(5.505864546003,1.05201424358E+03));
#3378 = CARTESIAN_POINT('',(5.620578087157,1.052118014195E+03));
#3379 = CARTESIAN_POINT('',(5.741086659832,1.052215249772E+03));
#3380 = CARTESIAN_POINT('',(5.866779088433,1.052305801519E+03));
#3381 = CARTESIAN_POINT('',(5.997066556249,1.052389593331E+03));
#3382 = CARTESIAN_POINT('',(6.410903731514,1.052626880162E+03));
#3383 = CARTESIAN_POINT('',(6.707755242442,1.052757739795E+03));
#3384 = CARTESIAN_POINT('',(7.01713864538,1.05285927396E+03));
#3385 = CARTESIAN_POINT('',(7.33486243366,1.052932517362E+03));
#3386 = CARTESIAN_POINT('',(7.657457893112,1.052979079653E+03));
#3387 = CARTESIAN_POINT('',(7.982223215241,1.053000909144E+03));
#3388 = CARTESIAN_POINT('',(8.611113955733,1.052999107309E+03));
#3389 = CARTESIAN_POINT('',(8.91512780621,1.052978354589E+03));
#3390 = CARTESIAN_POINT('',(9.217848096784,1.05293934575E+03));
#3391 = CARTESIAN_POINT('',(9.518142324439,1.052883716549E+03));
#3392 = CARTESIAN_POINT('',(9.815215766906,1.052813072967E+03));
#3393 = CARTESIAN_POINT('',(10.108596683653,1.052728934755E+03));
#3394 = CARTESIAN_POINT('',(10.719980432834,1.052525637284E+03));
#3395 = CARTESIAN_POINT('',(11.036969794606,1.052403651624E+03));
#3396 = CARTESIAN_POINT('',(11.348854542241,1.052268595787E+03));
#3397 = CARTESIAN_POINT('',(11.655611504263,1.052122218362E+03));
#3398 = CARTESIAN_POINT('',(11.957422243917,1.051966126424E+03));
#3399 = CARTESIAN_POINT('',(12.254662911015,1.051801773699E+03));
#3400 = CARTESIAN_POINT('',(12.788730909576,1.051489709741E+03));
#3401 = CARTESIAN_POINT('',(13.026826524139,1.051344293637E+03));
#3402 = CARTESIAN_POINT('',(13.262467324416,1.051194910298E+03));
#3403 = CARTESIAN_POINT('',(13.495971000567,1.051042240066E+03));
#3404 = CARTESIAN_POINT('',(13.727684113596,1.050886924644E+03));
#3405 = CARTESIAN_POINT('',(13.957982899908,1.05072957051E+03));
#3406 = CARTESIAN_POINT('',(14.303906442618,1.050489967117E+03));
#3407 = CARTESIAN_POINT('',(14.420275431278,1.050408805008E+03));
#3408 = CARTESIAN_POINT('',(14.536432914554,1.050327342641E+03));
#3409 = CARTESIAN_POINT('',(14.65243118674,1.050245655986E+03));
#3410 = CARTESIAN_POINT('',(14.768322963703,1.050163820344E+03));
#3411 = CARTESIAN_POINT('',(14.88416138288,1.050081910357E+03));
#3412 = CARTESIAN_POINT('',(15.000000003277,1.050000000003E+03));
#3413 = ( GEOMETRIC_REPRESENTATION_CONTEXT(2) 
PARAMETRIC_REPRESENTATION_CONTEXT() REPRESENTATION_CONTEXT('2D SPACE',''
  ) );
#3414 = PCURVE('',#3415,#3420);
#3415 = TOROIDAL_SURFACE('',#3416,9.,3.);
#3416 = AXIS2_PLACEMENT_3D('',#3417,#3418,#3419);
#3417 = CARTESIAN_POINT('',(2.35E+03,356.,393.));
#3418 = DIRECTION('',(1.,0.,2.22044604925E-16));
#3419 = DIRECTION('',(2.22044604925E-16,0.,-1.));
#3420 = DEFINITIONAL_REPRESENTATION('',(#3421),#3472);
#3421 = B_SPLINE_CURVE_WITH_KNOTS('',7,(#3422,#3423,#3424,#3425,#3426,
    #3427,#3428,#3429,#3430,#3431,#3432,#3433,#3434,#3435,#3436,#3437,
    #3438,#3439,#3440,#3441,#3442,#3443,#3444,#3445,#3446,#3447,#3448,
    #3449,#3450,#3451,#3452,#3453,#3454,#3455,#3456,#3457,#3458,#3459,
    #3460,#3461,#3462,#3463,#3464,#3465,#3466,#3467,#3468,#3469,#3470,
    #3471),.UNSPECIFIED.,.F.,.F.,(8,6,6,6,6,6,6,6,8),(0.,0.105723151278,
    0.155935373616,0.241479417413,0.419487733244,0.58586189392,
    0.770816986004,0.922728134846,1.),.UNSPECIFIED.);
#3422 = CARTESIAN_POINT('',(5.759586531581,0.));
#3423 = CARTESIAN_POINT('',(5.759586531581,6.309463248102E-02));
#3424 = CARTESIAN_POINT('',(5.758916153118,0.126206932125));
#3425 = CARTESIAN_POINT('',(5.757574800301,0.189178331932));
#3426 = CARTESIAN_POINT('',(5.755566802402,0.251895230979));
#3427 = CARTESIAN_POINT('',(5.752897391151,0.314260795383));
#3428 = CARTESIAN_POINT('',(5.749573040408,0.376174037412));
#3429 = CARTESIAN_POINT('',(5.743722139342,0.466650046409));
#3430 = CARTESIAN_POINT('',(5.741692832339,0.495660351008));
#3431 = CARTESIAN_POINT('',(5.739519261823,0.524537710816));
#3432 = CARTESIAN_POINT('',(5.737202459837,0.553274078243));
#3433 = CARTESIAN_POINT('',(5.734743482603,0.581862412613));
#3434 = CARTESIAN_POINT('',(5.732143417274,0.610296358981));
#3435 = CARTESIAN_POINT('',(5.724735339469,0.686738186065));
#3436 = CARTESIAN_POINT('',(5.71966098421,0.734441749284));
#3437 = CARTESIAN_POINT('',(5.71418580666,0.781652215544));
#3438 = CARTESIAN_POINT('',(5.708314957701,0.828351257063));
#3439 = CARTESIAN_POINT('',(5.702053305792,0.874526287716));
#3440 = CARTESIAN_POINT('',(5.695405501468,0.92016838421));
#3441 = CARTESIAN_POINT('',(5.673748505976,1.059129381308));
#3442 = CARTESIAN_POINT('',(5.657475683347,1.150609710798));
#3443 = CARTESIAN_POINT('',(5.63958748573,1.239758809085));
#3444 = CARTESIAN_POINT('',(5.620105438418,1.326647327839));
#3445 = CARTESIAN_POINT('',(5.599051077284,1.411348664532));
#3446 = CARTESIAN_POINT('',(5.576449386843,1.493962840749));
#3447 = CARTESIAN_POINT('',(5.529745156696,1.650052438523));
#3448 = CARTESIAN_POINT('',(5.505842683585,1.723754189959));
#3449 = CARTESIAN_POINT('',(5.480605727716,1.795886575162));
#3450 = CARTESIAN_POINT('',(5.454046148016,1.866557977867));
#3451 = CARTESIAN_POINT('',(5.426185193691,1.935868922345));
#3452 = CARTESIAN_POINT('',(5.397050657908,2.003927010751));
#3453 = CARTESIAN_POINT('',(5.332894020965,2.145259557604));
#3454 = CARTESIAN_POINT('',(5.297588707676,2.218243801304));
#3455 = CARTESIAN_POINT('',(5.260792427665,2.289976766117));
#3456 = CARTESIAN_POINT('',(5.222570447134,2.36059345312));
#3457 = CARTESIAN_POINT('',(5.183014355802,2.430218071246));
#3458 = CARTESIAN_POINT('',(5.142236714846,2.498979069458));
#3459 = CARTESIAN_POINT('',(5.065964602592,2.6228991041));
#3460 = CARTESIAN_POINT('',(5.030833321878,2.678284863335));
#3461 = CARTESIAN_POINT('',(4.995036728698,2.733247297854));
#3462 = CARTESIAN_POINT('',(4.958659643891,2.787853151263));
#3463 = CARTESIAN_POINT('',(4.921797106474,2.842166216038));
#3464 = CARTESIAN_POINT('',(4.884550531902,2.896250779117));
#3465 = CARTESIAN_POINT('',(4.82793537581,2.977604458762));
#3466 = CARTESIAN_POINT('',(4.808774772373,3.004991765523));
#3467 = CARTESIAN_POINT('',(4.789556117553,3.032345472012));
#3468 = CARTESIAN_POINT('',(4.770293664446,3.059674024545));
#3469 = CARTESIAN_POINT('',(4.751001861715,3.086985831516));
#3470 = CARTESIAN_POINT('',(4.731695353583,3.1142892634));
#3471 = CARTESIAN_POINT('',(4.712388979839,3.141592652747));
#3472 = ( GEOMETRIC_REPRESENTATION_CONTEXT(2) 
PARAMETRIC_REPRESENTATION_CONTEXT() REPRESENTATION_CONTEXT('2D SPACE',''
  ) );
#3473 = ORIENTED_EDGE('',*,*,#3474,.T.);
#3474 = EDGE_CURVE('',#3306,#3304,#3475,.T.);
#3475 = SURFACE_CURVE('',#3476,(#3528,#3583),.PCURVE_S1.);
#3476 = B_SPLINE_CURVE_WITH_KNOTS('',8,(#3477,#3478,#3479,#3480,#3481,
    #3482,#3483,#3484,#3485,#3486,#3487,#3488,#3489,#3490,#3491,#3492,
    #3493,#3494,#3495,#3496,#3497,#3498,#3499,#3500,#3501,#3502,#3503,
    #3504,#3505,#3506,#3507,#3508,#3509,#3510,#3511,#3512,#3513,#3514,
    #3515,#3516,#3517,#3518,#3519,#3520,#3521,#3522,#3523,#3524,#3525,
    #3526,#3527),.UNSPECIFIED.,.F.,.F.,(9,7,7,7,7,7,7,9),(0.,
    6.793510144581E-02,0.200606453282,0.52282529582,0.737141542484,
    0.832131586756,0.885805598968,1.),.UNSPECIFIED.);
#3477 = CARTESIAN_POINT('',(2.350000000003E+03,350.,393.00000000327));
#3478 = CARTESIAN_POINT('',(2.349936991248E+03,350.,392.91089222514));
#3479 = CARTESIAN_POINT('',(2.34987398264E+03,350.,392.821784524));
#3480 = CARTESIAN_POINT('',(2.349811005651E+03,350.,392.73265419148));
#3481 = CARTESIAN_POINT('',(2.349748091928E+03,350.,392.64347862924));
#3482 = CARTESIAN_POINT('',(2.349685273293E+03,350.,392.55423534891));
#3483 = CARTESIAN_POINT('',(2.349622581743E+03,350.,392.46490197219));
#3484 = CARTESIAN_POINT('',(2.349560049448E+03,350.,392.37545623075));
#3485 = CARTESIAN_POINT('',(2.349375962787E+03,350.,392.11093349134));
#3486 = CARTESIAN_POINT('',(2.349254950308E+03,350.,391.93548176477));
#3487 = CARTESIAN_POINT('',(2.349134909957E+03,350.,391.75935192154));
#3488 = CARTESIAN_POINT('',(2.349016088378E+03,350.,391.58238273864));
#3489 = CARTESIAN_POINT('',(2.348898740939E+03,350.,391.40442042488));
#3490 = CARTESIAN_POINT('',(2.348783132464E+03,350.,391.22531841058));
#3491 = CARTESIAN_POINT('',(2.348669537953E+03,350.,391.04493713742));
#3492 = CARTESIAN_POINT('',(2.34828794207E+03,350.,390.42162258178));
#3493 = CARTESIAN_POINT('',(2.348031527432E+03,350.,389.97229503991));
#3494 = CARTESIAN_POINT('',(2.347792636689E+03,350.,389.51263972948));
#3495 = CARTESIAN_POINT('',(2.347575887379E+03,350.,389.04114010516));
#3496 = CARTESIAN_POINT('',(2.347386799516E+03,350.,388.55730914251));
#3497 = CARTESIAN_POINT('',(2.347231643569E+03,350.,388.06181309884));
#3498 = CARTESIAN_POINT('',(2.347116969922E+03,350.,387.55664921957));
#3499 = CARTESIAN_POINT('',(2.347005790093E+03,350.,386.70478167817));
#3500 = CARTESIAN_POINT('',(2.34698262796E+03,350.,386.36208978384));
#3501 = CARTESIAN_POINT('',(2.34698283434E+03,350.,386.01814968396));
#3502 = CARTESIAN_POINT('',(2.347008676838E+03,350.,385.67488584058));
#3503 = CARTESIAN_POINT('',(2.347062354607E+03,350.,385.3349629411));
#3504 = CARTESIAN_POINT('',(2.347145786869E+03,350.,385.0017677662));
#3505 = CARTESIAN_POINT('',(2.347260405598E+03,350.,384.67938768479));
#3506 = CARTESIAN_POINT('',(2.347471905373E+03,350.,384.23660389212));
#3507 = CARTESIAN_POINT('',(2.347543104338E+03,350.,384.10373678544));
#3508 = CARTESIAN_POINT('',(2.347620588223E+03,350.,383.97443021033));
#3509 = CARTESIAN_POINT('',(2.347704355046E+03,350.,383.84915816442));
#3510 = CARTESIAN_POINT('',(2.347794355763E+03,350.,383.72841885454));
#3511 = CARTESIAN_POINT('',(2.3478904865E+03,350.,383.61272893633));
#3512 = CARTESIAN_POINT('',(2.347992579109E+03,350.,383.50261602726));
#3513 = CARTESIAN_POINT('',(2.348161308531E+03,350.,383.33984072396));
#3514 = CARTESIAN_POINT('',(2.348224052912E+03,350.,383.28302145356));
#3515 = CARTESIAN_POINT('',(2.3482885786E+03,350.,383.22824762467));
#3516 = CARTESIAN_POINT('',(2.348354834227E+03,350.,383.17561436717));
#3517 = CARTESIAN_POINT('',(2.348422761244E+03,350.,383.12521532636));
#3518 = CARTESIAN_POINT('',(2.348492293482E+03,350.,383.07714199116));
#3519 = CARTESIAN_POINT('',(2.348563356726E+03,350.,383.03148302239));
#3520 = CARTESIAN_POINT('',(2.348790140566E+03,350.,382.89649950532));
#3521 = CARTESIAN_POINT('',(2.348951036414E+03,350.,382.81594864037));
#3522 = CARTESIAN_POINT('',(2.349117689768E+03,350.,382.74755562944));
#3523 = CARTESIAN_POINT('',(2.349289130234E+03,350.,382.69204063871));
#3524 = CARTESIAN_POINT('',(2.349464290811E+03,350.,382.64997720705));
#3525 = CARTESIAN_POINT('',(2.349642010752E+03,350.,382.62178466955));
#3526 = CARTESIAN_POINT('',(2.349821033542E+03,350.,382.60769515458));
#3527 = CARTESIAN_POINT('',(2.35E+03,350.,382.60769515458));
#3528 = PCURVE('',#341,#3529);
#3529 = DEFINITIONAL_REPRESENTATION('',(#3530),#3582);
#3530 = B_SPLINE_CURVE_WITH_KNOTS('',8,(#3531,#3532,#3533,#3534,#3535,
    #3536,#3537,#3538,#3539,#3540,#3541,#3542,#3543,#3544,#3545,#3546,
    #3547,#3548,#3549,#3550,#3551,#3552,#3553,#3554,#3555,#3556,#3557,
    #3558,#3559,#3560,#3561,#3562,#3563,#3564,#3565,#3566,#3567,#3568,
    #3569,#3570,#3571,#3572,#3573,#3574,#3575,#3576,#3577,#3578,#3579,
    #3580,#3581),.UNSPECIFIED.,.F.,.F.,(9,7,7,7,7,7,7,9),(0.,
    6.793510144581E-02,0.200606453282,0.52282529582,0.737141542484,
    0.832131586756,0.885805598968,1.),.UNSPECIFIED.);
#3531 = CARTESIAN_POINT('',(15.000000003277,1.050000000003E+03));
#3532 = CARTESIAN_POINT('',(14.910892225142,1.049936991248E+03));
#3533 = CARTESIAN_POINT('',(14.821784524002,1.04987398264E+03));
#3534 = CARTESIAN_POINT('',(14.732654191488,1.049811005651E+03));
#3535 = CARTESIAN_POINT('',(14.643478629241,1.049748091928E+03));
#3536 = CARTESIAN_POINT('',(14.554235348919,1.049685273293E+03));
#3537 = CARTESIAN_POINT('',(14.464901972195,1.049622581743E+03));
#3538 = CARTESIAN_POINT('',(14.375456230754,1.049560049448E+03));
#3539 = CARTESIAN_POINT('',(14.110933491343,1.049375962787E+03));
#3540 = CARTESIAN_POINT('',(13.935481764772,1.049254950308E+03));
#3541 = CARTESIAN_POINT('',(13.759351921542,1.049134909957E+03));
#3542 = CARTESIAN_POINT('',(13.582382738648,1.049016088378E+03));
#3543 = CARTESIAN_POINT('',(13.404420424882,1.048898740939E+03));
#3544 = CARTESIAN_POINT('',(13.225318410588,1.048783132464E+03));
#3545 = CARTESIAN_POINT('',(13.044937137421,1.048669537953E+03));
#3546 = CARTESIAN_POINT('',(12.421622581789,1.04828794207E+03));
#3547 = CARTESIAN_POINT('',(11.972295039919,1.048031527432E+03));
#3548 = CARTESIAN_POINT('',(11.512639729487,1.047792636689E+03));
#3549 = CARTESIAN_POINT('',(11.041140105169,1.047575887379E+03));
#3550 = CARTESIAN_POINT('',(10.557309142515,1.047386799516E+03));
#3551 = CARTESIAN_POINT('',(10.061813098844,1.047231643569E+03));
#3552 = CARTESIAN_POINT('',(9.556649219574,1.047116969922E+03));
#3553 = CARTESIAN_POINT('',(8.704781678175,1.047005790093E+03));
#3554 = CARTESIAN_POINT('',(8.36208978384,1.04698262796E+03));
#3555 = CARTESIAN_POINT('',(8.01814968396,1.04698283434E+03));
#3556 = CARTESIAN_POINT('',(7.674885840588,1.047008676838E+03));
#3557 = CARTESIAN_POINT('',(7.334962941103,1.047062354607E+03));
#3558 = CARTESIAN_POINT('',(7.001767766202,1.047145786869E+03));
#3559 = CARTESIAN_POINT('',(6.679387684794,1.047260405598E+03));
#3560 = CARTESIAN_POINT('',(6.236603892122,1.047471905373E+03));
#3561 = CARTESIAN_POINT('',(6.103736785449,1.047543104338E+03));
#3562 = CARTESIAN_POINT('',(5.974430210337,1.047620588223E+03));
#3563 = CARTESIAN_POINT('',(5.849158164421,1.047704355046E+03));
#3564 = CARTESIAN_POINT('',(5.72841885454,1.047794355763E+03));
#3565 = CARTESIAN_POINT('',(5.612728936331,1.0478904865E+03));
#3566 = CARTESIAN_POINT('',(5.502616027264,1.047992579109E+03));
#3567 = CARTESIAN_POINT('',(5.339840723968,1.048161308531E+03));
#3568 = CARTESIAN_POINT('',(5.283021453568,1.048224052912E+03));
#3569 = CARTESIAN_POINT('',(5.228247624672,1.0482885786E+03));
#3570 = CARTESIAN_POINT('',(5.175614367175,1.048354834227E+03));
#3571 = CARTESIAN_POINT('',(5.125215326364,1.048422761244E+03));
#3572 = CARTESIAN_POINT('',(5.077141991166,1.048492293482E+03));
#3573 = CARTESIAN_POINT('',(5.031483022394,1.048563356726E+03));
#3574 = CARTESIAN_POINT('',(4.896499505322,1.048790140566E+03));
#3575 = CARTESIAN_POINT('',(4.815948640373,1.048951036414E+03));
#3576 = CARTESIAN_POINT('',(4.747555629449,1.049117689768E+03));
#3577 = CARTESIAN_POINT('',(4.692040638715,1.049289130234E+03));
#3578 = CARTESIAN_POINT('',(4.649977207055,1.049464290811E+03));
#3579 = CARTESIAN_POINT('',(4.62178466955,1.049642010752E+03));
#3580 = CARTESIAN_POINT('',(4.607695154587,1.049821033542E+03));
#3581 = CARTESIAN_POINT('',(4.607695154587,1.05E+03));
#3582 = ( GEOMETRIC_REPRESENTATION_CONTEXT(2) 
PARAMETRIC_REPRESENTATION_CONTEXT() REPRESENTATION_CONTEXT('2D SPACE',''
  ) );
#3583 = PCURVE('',#3415,#3584);
#3584 = DEFINITIONAL_REPRESENTATION('',(#3585),#3637);
#3585 = B_SPLINE_CURVE_WITH_KNOTS('',8,(#3586,#3587,#3588,#3589,#3590,
    #3591,#3592,#3593,#3594,#3595,#3596,#3597,#3598,#3599,#3600,#3601,
    #3602,#3603,#3604,#3605,#3606,#3607,#3608,#3609,#3610,#3611,#3612,
    #3613,#3614,#3615,#3616,#3617,#3618,#3619,#3620,#3621,#3622,#3623,
    #3624,#3625,#3626,#3627,#3628,#3629,#3630,#3631,#3632,#3633,#3634,
    #3635,#3636),.UNSPECIFIED.,.F.,.F.,(9,7,7,7,7,7,7,9),(0.,
    6.793510144581E-02,0.200606453282,0.52282529582,0.737141542484,
    0.832131586756,0.885805598968,1.),.UNSPECIFIED.);
#3586 = CARTESIAN_POINT('',(4.712388979839,3.141592652747));
#3587 = CARTESIAN_POINT('',(4.727240247284,3.162595542521));
#3588 = CARTESIAN_POINT('',(4.742091568086,3.1835984484));
#3589 = CARTESIAN_POINT('',(4.756936659159,3.204604914238));
#3590 = CARTESIAN_POINT('',(4.771769288971,3.225618493738));
#3591 = CARTESIAN_POINT('',(4.78658327754,3.246642750445));
#3592 = CARTESIAN_POINT('',(4.801372496438,3.267681257753));
#3593 = CARTESIAN_POINT('',(4.816130868785,3.288737598901));
#3594 = CARTESIAN_POINT('',(4.859602180872,3.350978417067));
#3595 = CARTESIAN_POINT('',(4.888210850221,3.392222317228));
#3596 = CARTESIAN_POINT('',(4.916634406677,3.433574970446));
#3597 = CARTESIAN_POINT('',(4.944829530639,3.47506333103));
#3598 = CARTESIAN_POINT('',(4.972754330681,3.516714033948));
#3599 = CARTESIAN_POINT('',(5.000369120695,3.558554024173));
#3600 = CARTESIAN_POINT('',(5.02763719703,3.600611186021));
#3601 = CARTESIAN_POINT('',(5.1198295038,3.745658156501));
#3602 = CARTESIAN_POINT('',(5.182816416527,3.849734708679));
#3603 = CARTESIAN_POINT('',(5.243118829355,3.955712517992));
#3604 = CARTESIAN_POINT('',(5.30035647237,4.064040309374));
#3605 = CARTESIAN_POINT('',(5.354202304323,4.175088877365));
#3606 = CARTESIAN_POINT('',(5.404464356568,4.289265458127));
#3607 = CARTESIAN_POINT('',(5.451064231136,4.407020601802));
#3608 = CARTESIAN_POINT('',(5.522588272855,4.610453693468));
#3609 = CARTESIAN_POINT('',(5.549509641056,4.693566548923));
#3610 = CARTESIAN_POINT('',(5.574776545751,4.778721990185));
#3611 = CARTESIAN_POINT('',(5.598365357303,4.866056338655));
#3612 = CARTESIAN_POINT('',(5.62025148618,4.95567774747));
#3613 = CARTESIAN_POINT('',(5.640416465931,5.047687133665));
#3614 = CARTESIAN_POINT('',(5.658845361843,5.142194475063));
#3615 = CARTESIAN_POINT('',(5.682902665084,5.282383449853));
#3616 = CARTESIAN_POINT('',(5.689942192601,5.325935537859));
#3617 = CARTESIAN_POINT('',(5.696629645145,5.369986348841));
#3618 = CARTESIAN_POINT('',(5.702961381991,5.414532617176));
#3619 = CARTESIAN_POINT('',(5.708933570568,5.459568540566));
#3620 = CARTESIAN_POINT('',(5.714542168015,5.505085229056));
#3621 = CARTESIAN_POINT('',(5.719782878126,5.551069261224));
#3622 = CARTESIAN_POINT('',(5.727401857493,5.623736177957));
#3623 = CARTESIAN_POINT('',(5.730033705173,5.650114819568));
#3624 = CARTESIAN_POINT('',(5.73254577234,5.676632306494));
#3625 = CARTESIAN_POINT('',(5.734937221663,5.703284430243));
#3626 = CARTESIAN_POINT('',(5.73720722948,5.730066587044));
#3627 = CARTESIAN_POINT('',(5.739354982409,5.756973625192));
#3628 = CARTESIAN_POINT('',(5.741379673952,5.783999692391));
#3629 = CARTESIAN_POINT('',(5.747324614977,5.868876495857));
#3630 = CARTESIAN_POINT('',(5.750809853258,5.927148540054));
#3631 = CARTESIAN_POINT('',(5.753725562693,5.985861193068));
#3632 = CARTESIAN_POINT('',(5.756065438423,6.044933901693));
#3633 = CARTESIAN_POINT('',(5.757824785869,6.104291766186));
#3634 = CARTESIAN_POINT('',(5.758999467087,6.163855736557));
#3635 = CARTESIAN_POINT('',(5.759586531581,6.223529821103));
#3636 = CARTESIAN_POINT('',(5.759586531581,6.28318530718));
#3637 = ( GEOMETRIC_REPRESENTATION_CONTEXT(2) 
PARAMETRIC_REPRESENTATION_CONTEXT() REPRESENTATION_CONTEXT('2D SPACE',''
  ) );
#3638 = FACE_BOUND('',#3639,.T.);
#3639 = EDGE_LOOP('',(#3640));
#3640 = ORIENTED_EDGE('',*,*,#3641,.F.);
#3641 = EDGE_CURVE('',#3642,#3642,#3644,.T.);
#3642 = VERTEX_POINT('',#3643);
#3643 = CARTESIAN_POINT('',(2.22E+03,350.,405.5));
#3644 = SURFACE_CURVE('',#3645,(#3650,#3657),.PCURVE_S1.);
#3645 = CIRCLE('',#3646,12.5);
#3646 = AXIS2_PLACEMENT_3D('',#3647,#3648,#3649);
#3647 = CARTESIAN_POINT('',(2.22E+03,350.,393.));
#3648 = DIRECTION('',(0.,1.,0.));
#3649 = DIRECTION('',(0.,-0.,1.));
#3650 = PCURVE('',#341,#3651);
#3651 = DEFINITIONAL_REPRESENTATION('',(#3652),#3656);
#3652 = CIRCLE('',#3653,12.5);
#3653 = AXIS2_PLACEMENT_2D('',#3654,#3655);
#3654 = CARTESIAN_POINT('',(15.,920.));
#3655 = DIRECTION('',(1.,0.));
#3656 = ( GEOMETRIC_REPRESENTATION_CONTEXT(2) 
PARAMETRIC_REPRESENTATION_CONTEXT() REPRESENTATION_CONTEXT('2D SPACE',''
  ) );
#3657 = PCURVE('',#3658,#3663);
#3658 = CYLINDRICAL_SURFACE('',#3659,12.5);
#3659 = AXIS2_PLACEMENT_3D('',#3660,#3661,#3662);
#3660 = CARTESIAN_POINT('',(2.22E+03,350.,393.));
#3661 = DIRECTION('',(0.,1.,0.));
#3662 = DIRECTION('',(0.,-0.,1.));
#3663 = DEFINITIONAL_REPRESENTATION('',(#3664),#3668);
#3664 = LINE('',#3665,#3666);
#3665 = CARTESIAN_POINT('',(0.,0.));
#3666 = VECTOR('',#3667,1.);
#3667 = DIRECTION('',(1.,0.));
#3668 = ( GEOMETRIC_REPRESENTATION_CONTEXT(2) 
PARAMETRIC_REPRESENTATION_CONTEXT() REPRESENTATION_CONTEXT('2D SPACE',''
  ) );
#3669 = FACE_BOUND('',#3670,.T.);
#3670 = EDGE_LOOP('',(#3671,#3842));
#3671 = ORIENTED_EDGE('',*,*,#3672,.F.);
#3672 = EDGE_CURVE('',#3673,#3675,#3677,.T.);
#3673 = VERTEX_POINT('',#3674);
#3674 = CARTESIAN_POINT('',(2.35E+03,350.,403.39230484541));
#3675 = VERTEX_POINT('',#3676);
#3676 = CARTESIAN_POINT('',(2.350000000003E+03,350.,393.00000000327));
#3677 = SURFACE_CURVE('',#3678,(#3729,#3783),.PCURVE_S1.);
#3678 = B_SPLINE_CURVE_WITH_KNOTS('',7,(#3679,#3680,#3681,#3682,#3683,
    #3684,#3685,#3686,#3687,#3688,#3689,#3690,#3691,#3692,#3693,#3694,
    #3695,#3696,#3697,#3698,#3699,#3700,#3701,#3702,#3703,#3704,#3705,
    #3706,#3707,#3708,#3709,#3710,#3711,#3712,#3713,#3714,#3715,#3716,
    #3717,#3718,#3719,#3720,#3721,#3722,#3723,#3724,#3725,#3726,#3727,
    #3728),.UNSPECIFIED.,.F.,.F.,(8,6,6,6,6,6,6,6,8),(0.,0.10572315132,
    0.155935373678,0.241479417509,0.419487733411,0.585861894152,
    0.770816986309,0.922728135211,1.),.UNSPECIFIED.);
#3679 = CARTESIAN_POINT('',(2.35E+03,350.,403.39230484541));
#3680 = CARTESIAN_POINT('',(2.350189283897E+03,350.,403.39230484541));
#3681 = CARTESIAN_POINT('',(2.350378621225E+03,350.,403.37621578831));
#3682 = CARTESIAN_POINT('',(2.350566303108E+03,350.,403.3440231378));
#3683 = CARTESIAN_POINT('',(2.350750760845E+03,350.,403.29606721449));
#3684 = CARTESIAN_POINT('',(2.350930555664E+03,350.,403.23294238141));
#3685 = CARTESIAN_POINT('',(2.351104380344E+03,350.,403.15546182409));
#3686 = CARTESIAN_POINT('',(2.351350241705E+03,350.,403.02157571054));
#3687 = CARTESIAN_POINT('',(2.351427816237E+03,350.,402.97545701467));
#3688 = CARTESIAN_POINT('',(2.351503680257E+03,350.,402.9264385872));
#3689 = CARTESIAN_POINT('',(2.35157773054E+03,350.,402.87463360381));
#3690 = CARTESIAN_POINT('',(2.351649875942E+03,350.,402.82016034405));
#3691 = CARTESIAN_POINT('',(2.35172003663E+03,350.,402.76314086903));
#3692 = CARTESIAN_POINT('',(2.351904173289E+03,350.,402.60243276044));
#3693 = CARTESIAN_POINT('',(2.35201424358E+03,350.,402.49413545399));
#3694 = CARTESIAN_POINT('',(2.352118014195E+03,350.,402.37942191284));
#3695 = CARTESIAN_POINT('',(2.352215249772E+03,350.,402.25891334016));
#3696 = CARTESIAN_POINT('',(2.352305801519E+03,350.,402.13322091156));
#3697 = CARTESIAN_POINT('',(2.352389593331E+03,350.,402.00293344375));
#3698 = CARTESIAN_POINT('',(2.352626880162E+03,350.,401.58909626848));
#3699 = CARTESIAN_POINT('',(2.352757739795E+03,350.,401.29224475756));
#3700 = CARTESIAN_POINT('',(2.35285927396E+03,350.,400.98286135461));
#3701 = CARTESIAN_POINT('',(2.352932517362E+03,350.,400.66513756634));
#3702 = CARTESIAN_POINT('',(2.352979079653E+03,350.,400.34254210688));
#3703 = CARTESIAN_POINT('',(2.353000909144E+03,350.,400.01777678476));
#3704 = CARTESIAN_POINT('',(2.352999107309E+03,350.,399.38888604426));
#3705 = CARTESIAN_POINT('',(2.352978354589E+03,350.,399.08487219379));
#3706 = CARTESIAN_POINT('',(2.35293934575E+03,350.,398.78215190321));
#3707 = CARTESIAN_POINT('',(2.352883716549E+03,350.,398.48185767556));
#3708 = CARTESIAN_POINT('',(2.352813072967E+03,350.,398.18478423309));
#3709 = CARTESIAN_POINT('',(2.352728934755E+03,350.,397.89140331634));
#3710 = CARTESIAN_POINT('',(2.352525637284E+03,350.,397.28001956716));
#3711 = CARTESIAN_POINT('',(2.352403651624E+03,350.,396.96303020539));
#3712 = CARTESIAN_POINT('',(2.352268595787E+03,350.,396.65114545775));
#3713 = CARTESIAN_POINT('',(2.352122218362E+03,350.,396.34438849573));
#3714 = CARTESIAN_POINT('',(2.351966126424E+03,350.,396.04257775608));
#3715 = CARTESIAN_POINT('',(2.351801773699E+03,350.,395.74533708898));
#3716 = CARTESIAN_POINT('',(2.351489709741E+03,350.,395.21126909042));
#3717 = CARTESIAN_POINT('',(2.351344293637E+03,350.,394.97317347586));
#3718 = CARTESIAN_POINT('',(2.351194910298E+03,350.,394.73753267558));
#3719 = CARTESIAN_POINT('',(2.351042240066E+03,350.,394.50402899943));
#3720 = CARTESIAN_POINT('',(2.350886924644E+03,350.,394.2723158864));
#3721 = CARTESIAN_POINT('',(2.35072957051E+03,350.,394.04201710009));
#3722 = CARTESIAN_POINT('',(2.350489967118E+03,350.,393.69609355797));
#3723 = CARTESIAN_POINT('',(2.350408805008E+03,350.,393.57972457045));
#3724 = CARTESIAN_POINT('',(2.350327342642E+03,350.,393.46356708783));
#3725 = CARTESIAN_POINT('',(2.350245655987E+03,350.,393.34756881556));
#3726 = CARTESIAN_POINT('',(2.350163820347E+03,350.,393.23167703829));
#3727 = CARTESIAN_POINT('',(2.35008191036E+03,350.,393.11583861985));
#3728 = CARTESIAN_POINT('',(2.350000000003E+03,350.,393.00000000327));
#3729 = PCURVE('',#341,#3730);
#3730 = DEFINITIONAL_REPRESENTATION('',(#3731),#3782);
#3731 = B_SPLINE_CURVE_WITH_KNOTS('',7,(#3732,#3733,#3734,#3735,#3736,
    #3737,#3738,#3739,#3740,#3741,#3742,#3743,#3744,#3745,#3746,#3747,
    #3748,#3749,#3750,#3751,#3752,#3753,#3754,#3755,#3756,#3757,#3758,
    #3759,#3760,#3761,#3762,#3763,#3764,#3765,#3766,#3767,#3768,#3769,
    #3770,#3771,#3772,#3773,#3774,#3775,#3776,#3777,#3778,#3779,#3780,
    #3781),.UNSPECIFIED.,.F.,.F.,(8,6,6,6,6,6,6,6,8),(0.,0.10572315132,
    0.155935373678,0.241479417509,0.419487733411,0.585861894152,
    0.770816986309,0.922728135211,1.),.UNSPECIFIED.);
#3732 = CARTESIAN_POINT('',(25.392304845413,1.05E+03));
#3733 = CARTESIAN_POINT('',(25.392304845413,1.050189283897E+03));
#3734 = CARTESIAN_POINT('',(25.37621578831,1.050378621225E+03));
#3735 = CARTESIAN_POINT('',(25.344023137804,1.050566303108E+03));
#3736 = CARTESIAN_POINT('',(25.296067214499,1.050750760845E+03));
#3737 = CARTESIAN_POINT('',(25.232942381418,1.050930555664E+03));
#3738 = CARTESIAN_POINT('',(25.155461824093,1.051104380344E+03));
#3739 = CARTESIAN_POINT('',(25.021575710541,1.051350241705E+03));
#3740 = CARTESIAN_POINT('',(24.975457014679,1.051427816237E+03));
#3741 = CARTESIAN_POINT('',(24.926438587202,1.051503680257E+03));
#3742 = CARTESIAN_POINT('',(24.874633603812,1.05157773054E+03));
#3743 = CARTESIAN_POINT('',(24.820160344054,1.051649875942E+03));
#3744 = CARTESIAN_POINT('',(24.763140869034,1.05172003663E+03));
#3745 = CARTESIAN_POINT('',(24.602432760447,1.051904173289E+03));
#3746 = CARTESIAN_POINT('',(24.494135453997,1.05201424358E+03));
#3747 = CARTESIAN_POINT('',(24.379421912844,1.052118014195E+03));
#3748 = CARTESIAN_POINT('',(24.258913340168,1.052215249772E+03));
#3749 = CARTESIAN_POINT('',(24.133220911566,1.052305801519E+03));
#3750 = CARTESIAN_POINT('',(24.002933443752,1.052389593331E+03));
#3751 = CARTESIAN_POINT('',(23.589096268485,1.052626880162E+03));
#3752 = CARTESIAN_POINT('',(23.29224475756,1.052757739795E+03));
#3753 = CARTESIAN_POINT('',(22.982861354615,1.05285927396E+03));
#3754 = CARTESIAN_POINT('',(22.665137566346,1.052932517362E+03));
#3755 = CARTESIAN_POINT('',(22.342542106885,1.052979079653E+03));
#3756 = CARTESIAN_POINT('',(22.01777678476,1.053000909144E+03));
#3757 = CARTESIAN_POINT('',(21.388886044267,1.052999107309E+03));
#3758 = CARTESIAN_POINT('',(21.08487219379,1.052978354589E+03));
#3759 = CARTESIAN_POINT('',(20.782151903216,1.05293934575E+03));
#3760 = CARTESIAN_POINT('',(20.481857675561,1.052883716549E+03));
#3761 = CARTESIAN_POINT('',(20.184784233094,1.052813072967E+03));
#3762 = CARTESIAN_POINT('',(19.891403316347,1.052728934755E+03));
#3763 = CARTESIAN_POINT('',(19.280019567166,1.052525637284E+03));
#3764 = CARTESIAN_POINT('',(18.963030205395,1.052403651624E+03));
#3765 = CARTESIAN_POINT('',(18.651145457758,1.052268595787E+03));
#3766 = CARTESIAN_POINT('',(18.344388495737,1.052122218362E+03));
#3767 = CARTESIAN_POINT('',(18.042577756083,1.051966126424E+03));
#3768 = CARTESIAN_POINT('',(17.745337088985,1.051801773699E+03));
#3769 = CARTESIAN_POINT('',(17.211269090424,1.051489709741E+03));
#3770 = CARTESIAN_POINT('',(16.973173475861,1.051344293637E+03));
#3771 = CARTESIAN_POINT('',(16.737532675584,1.051194910298E+03));
#3772 = CARTESIAN_POINT('',(16.504028999433,1.051042240066E+03));
#3773 = CARTESIAN_POINT('',(16.272315886404,1.050886924644E+03));
#3774 = CARTESIAN_POINT('',(16.042017100092,1.05072957051E+03));
#3775 = CARTESIAN_POINT('',(15.696093557978,1.050489967118E+03));
#3776 = CARTESIAN_POINT('',(15.579724570453,1.050408805008E+03));
#3777 = CARTESIAN_POINT('',(15.463567087831,1.050327342642E+03));
#3778 = CARTESIAN_POINT('',(15.347568815562,1.050245655987E+03));
#3779 = CARTESIAN_POINT('',(15.23167703829,1.050163820347E+03));
#3780 = CARTESIAN_POINT('',(15.115838619851,1.05008191036E+03));
#3781 = CARTESIAN_POINT('',(15.000000003277,1.050000000003E+03));
#3782 = ( GEOMETRIC_REPRESENTATION_CONTEXT(2) 
PARAMETRIC_REPRESENTATION_CONTEXT() REPRESENTATION_CONTEXT('2D SPACE',''
  ) );
#3783 = PCURVE('',#3784,#3789);
#3784 = TOROIDAL_SURFACE('',#3785,9.,3.);
#3785 = AXIS2_PLACEMENT_3D('',#3786,#3787,#3788);
#3786 = CARTESIAN_POINT('',(2.35E+03,356.,393.));
#3787 = DIRECTION('',(1.,0.,2.22044604925E-16));
#3788 = DIRECTION('',(2.22044604925E-16,0.,-1.));
#3789 = DEFINITIONAL_REPRESENTATION('',(#3790),#3841);
#3790 = B_SPLINE_CURVE_WITH_KNOTS('',7,(#3791,#3792,#3793,#3794,#3795,
    #3796,#3797,#3798,#3799,#3800,#3801,#3802,#3803,#3804,#3805,#3806,
    #3807,#3808,#3809,#3810,#3811,#3812,#3813,#3814,#3815,#3816,#3817,
    #3818,#3819,#3820,#3821,#3822,#3823,#3824,#3825,#3826,#3827,#3828,
    #3829,#3830,#3831,#3832,#3833,#3834,#3835,#3836,#3837,#3838,#3839,
    #3840),.UNSPECIFIED.,.F.,.F.,(8,6,6,6,6,6,6,6,8),(0.,0.10572315132,
    0.155935373678,0.241479417509,0.419487733411,0.585861894152,
    0.770816986309,0.922728135211,1.),.UNSPECIFIED.);
#3791 = CARTESIAN_POINT('',(3.665191429188,0.));
#3792 = CARTESIAN_POINT('',(3.665191429188,6.3094632481E-02));
#3793 = CARTESIAN_POINT('',(3.665861807651,0.126206932125));
#3794 = CARTESIAN_POINT('',(3.667203160468,0.189178331932));
#3795 = CARTESIAN_POINT('',(3.669211158367,0.251895230979));
#3796 = CARTESIAN_POINT('',(3.671880569618,0.314260795383));
#3797 = CARTESIAN_POINT('',(3.675204920361,0.376174037412));
#3798 = CARTESIAN_POINT('',(3.681055821428,0.466650046409));
#3799 = CARTESIAN_POINT('',(3.68308512843,0.495660351008));
#3800 = CARTESIAN_POINT('',(3.685258698946,0.524537710816));
#3801 = CARTESIAN_POINT('',(3.687575500932,0.553274078243));
#3802 = CARTESIAN_POINT('',(3.690034478166,0.581862412613));
#3803 = CARTESIAN_POINT('',(3.692634543496,0.610296358981));
#3804 = CARTESIAN_POINT('',(3.7000426213,0.686738186065));
#3805 = CARTESIAN_POINT('',(3.70511697656,0.734441749285));
#3806 = CARTESIAN_POINT('',(3.71059215411,0.781652215544));
#3807 = CARTESIAN_POINT('',(3.716463003069,0.828351257063));
#3808 = CARTESIAN_POINT('',(3.722724654977,0.874526287717));
#3809 = CARTESIAN_POINT('',(3.729372459301,0.92016838421));
#3810 = CARTESIAN_POINT('',(3.751029454794,1.059129381309));
#3811 = CARTESIAN_POINT('',(3.767302277422,1.150609710797));
#3812 = CARTESIAN_POINT('',(3.78519047504,1.239758809087));
#3813 = CARTESIAN_POINT('',(3.804672522351,1.326647327838));
#3814 = CARTESIAN_POINT('',(3.825726883485,1.411348664533));
#3815 = CARTESIAN_POINT('',(3.848328573927,1.493962840749));
#3816 = CARTESIAN_POINT('',(3.895032804073,1.650052438523));
#3817 = CARTESIAN_POINT('',(3.918935277184,1.723754189959));
#3818 = CARTESIAN_POINT('',(3.944172233053,1.795886575162));
#3819 = CARTESIAN_POINT('',(3.970731812754,1.866557977867));
#3820 = CARTESIAN_POINT('',(3.998592767078,1.935868922345));
#3821 = CARTESIAN_POINT('',(4.027727302862,2.003927010751));
#3822 = CARTESIAN_POINT('',(4.091883939805,2.145259557604));
#3823 = CARTESIAN_POINT('',(4.127189253093,2.218243801304));
#3824 = CARTESIAN_POINT('',(4.163985533104,2.289976766117));
#3825 = CARTESIAN_POINT('',(4.202207513636,2.36059345312));
#3826 = CARTESIAN_POINT('',(4.241763604967,2.430218071246));
#3827 = CARTESIAN_POINT('',(4.282541245923,2.498979069458));
#3828 = CARTESIAN_POINT('',(4.358813358177,2.6228991041));
#3829 = CARTESIAN_POINT('',(4.393944638892,2.678284863335));
#3830 = CARTESIAN_POINT('',(4.429741232072,2.733247297854));
#3831 = CARTESIAN_POINT('',(4.466118316878,2.787853151263));
#3832 = CARTESIAN_POINT('',(4.502980854295,2.842166216038));
#3833 = CARTESIAN_POINT('',(4.540227428868,2.896250779117));
#3834 = CARTESIAN_POINT('',(4.596842584862,2.977604458622));
#3835 = CARTESIAN_POINT('',(4.616003188111,3.004991765461));
#3836 = CARTESIAN_POINT('',(4.635221842822,3.032345471818));
#3837 = CARTESIAN_POINT('',(4.654484295941,3.059674023907));
#3838 = CARTESIAN_POINT('',(4.673776098723,3.086985830343));
#3839 = CARTESIAN_POINT('',(4.693082606731,3.114289262148));
#3840 = CARTESIAN_POINT('',(4.712388979839,3.141592652747));
#3841 = ( GEOMETRIC_REPRESENTATION_CONTEXT(2) 
PARAMETRIC_REPRESENTATION_CONTEXT() REPRESENTATION_CONTEXT('2D SPACE',''
  ) );
#3842 = ORIENTED_EDGE('',*,*,#3843,.T.);
#3843 = EDGE_CURVE('',#3673,#3675,#3844,.T.);
#3844 = SURFACE_CURVE('',#3845,(#3896,#3950),.PCURVE_S1.);
#3845 = B_SPLINE_CURVE_WITH_KNOTS('',7,(#3846,#3847,#3848,#3849,#3850,
    #3851,#3852,#3853,#3854,#3855,#3856,#3857,#3858,#3859,#3860,#3861,
    #3862,#3863,#3864,#3865,#3866,#3867,#3868,#3869,#3870,#3871,#3872,
    #3873,#3874,#3875,#3876,#3877,#3878,#3879,#3880,#3881,#3882,#3883,
    #3884,#3885,#3886,#3887,#3888,#3889,#3890,#3891,#3892,#3893,#3894,
    #3895),.UNSPECIFIED.,.F.,.F.,(8,6,6,6,6,6,6,6,8),(0.,0.106805263705,
    0.157054882368,0.24268799057,0.420955499956,0.5853956748,
    0.770470474399,0.922418947675,1.),.UNSPECIFIED.);
#3846 = CARTESIAN_POINT('',(2.35E+03,350.,403.39230484541));
#3847 = CARTESIAN_POINT('',(2.349808778888E+03,350.,403.39230484541));
#3848 = CARTESIAN_POINT('',(2.349617501837E+03,350.,403.37588475932));
#3849 = CARTESIAN_POINT('',(2.349427932696E+03,350.,403.34302925527));
#3850 = CARTESIAN_POINT('',(2.349241687863E+03,350.,403.29409335878));
#3851 = CARTESIAN_POINT('',(2.349060247417E+03,350.,403.22969566693));
#3852 = CARTESIAN_POINT('',(2.348884953535E+03,350.,403.15068106318));
#3853 = CARTESIAN_POINT('',(2.348637975792E+03,350.,403.01462040376));
#3854 = CARTESIAN_POINT('',(2.348560564592E+03,350.,402.96808842371));
#3855 = CARTESIAN_POINT('',(2.348484877897E+03,350.,402.91866460619));
#3856 = CARTESIAN_POINT('',(2.348411018133E+03,350.,402.86646287926));
#3857 = CARTESIAN_POINT('',(2.348339075609E+03,350.,402.8116021618));
#3858 = CARTESIAN_POINT('',(2.348269129285E+03,350.,402.75420503985));
#3859 = CARTESIAN_POINT('',(2.348085566587E+03,350.,402.59247335961));
#3860 = CARTESIAN_POINT('',(2.347975879692E+03,350.,402.48354548841));
#3861 = CARTESIAN_POINT('',(2.347872522678E+03,350.,402.36822946877));
#3862 = CARTESIAN_POINT('',(2.347775726769E+03,350.,402.24714816339));
#3863 = CARTESIAN_POINT('',(2.347685636728E+03,350.,402.12091367623));
#3864 = CARTESIAN_POINT('',(2.347602324817E+03,350.,401.99011508369));
#3865 = CARTESIAN_POINT('',(2.34736649555E+03,350.,401.57468098707));
#3866 = CARTESIAN_POINT('',(2.34723668671E+03,350.,401.27683252104));
#3867 = CARTESIAN_POINT('',(2.347136259077E+03,350.,400.96657260274));
#3868 = CARTESIAN_POINT('',(2.347064152927E+03,350.,400.64808708513));
#3869 = CARTESIAN_POINT('',(2.347018737907E+03,350.,400.32483520766));
#3870 = CARTESIAN_POINT('',(2.346998050418E+03,350.,399.9995061214));
#3871 = CARTESIAN_POINT('',(2.347002006718E+03,350.,399.37365050834));
#3872 = CARTESIAN_POINT('',(2.347023257991E+03,350.,399.07322757385));
#3873 = CARTESIAN_POINT('',(2.347062291399E+03,350.,398.77410391161));
#3874 = CARTESIAN_POINT('',(2.347117528382E+03,350.,398.47736441046));
#3875 = CARTESIAN_POINT('',(2.347187419847E+03,350.,398.18377233153));
#3876 = CARTESIAN_POINT('',(2.347270499218E+03,350.,397.89378326274));
#3877 = CARTESIAN_POINT('',(2.347472318407E+03,350.,397.2854188871));
#3878 = CARTESIAN_POINT('',(2.347594190003E+03,350.,396.96815054189));
#3879 = CARTESIAN_POINT('',(2.347729170019E+03,350.,396.65599264494));
#3880 = CARTESIAN_POINT('',(2.347875504932E+03,350.,396.34897079247));
#3881 = CARTESIAN_POINT('',(2.348031583136E+03,350.,396.04690481516));
#3882 = CARTESIAN_POINT('',(2.348195946904E+03,350.,395.74941900057));
#3883 = CARTESIAN_POINT('',(2.34850801369E+03,350.,395.2150188168));
#3884 = CARTESIAN_POINT('',(2.348653410723E+03,350.,394.97683096901));
#3885 = CARTESIAN_POINT('',(2.34880278464E+03,350.,394.74110261829));
#3886 = CARTESIAN_POINT('',(2.348955454192E+03,350.,394.50751617921));
#3887 = CARTESIAN_POINT('',(2.34911077688E+03,350.,394.2757250861));
#3888 = CARTESIAN_POINT('',(2.349268145541E+03,350.,394.04535299306));
#3889 = CARTESIAN_POINT('',(2.349508084311E+03,350.,393.69888754181));
#3890 = CARTESIAN_POINT('',(2.349589565153E+03,350.,393.58204864142));
#3891 = CARTESIAN_POINT('',(2.349671349886E+03,350.,393.46542378399));
#3892 = CARTESIAN_POINT('',(2.349753361613E+03,350.,393.34896005201));
#3893 = CARTESIAN_POINT('',(2.349835524121E+03,350.,393.23260409926));
#3894 = CARTESIAN_POINT('',(2.34991776187E+03,350.,393.11630215086));
#3895 = CARTESIAN_POINT('',(2.350000000003E+03,350.,393.00000000327));
#3896 = PCURVE('',#341,#3897);
#3897 = DEFINITIONAL_REPRESENTATION('',(#3898),#3949);
#3898 = B_SPLINE_CURVE_WITH_KNOTS('',7,(#3899,#3900,#3901,#3902,#3903,
    #3904,#3905,#3906,#3907,#3908,#3909,#3910,#3911,#3912,#3913,#3914,
    #3915,#3916,#3917,#3918,#3919,#3920,#3921,#3922,#3923,#3924,#3925,
    #3926,#3927,#3928,#3929,#3930,#3931,#3932,#3933,#3934,#3935,#3936,
    #3937,#3938,#3939,#3940,#3941,#3942,#3943,#3944,#3945,#3946,#3947,
    #3948),.UNSPECIFIED.,.F.,.F.,(8,6,6,6,6,6,6,6,8),(0.,0.106805263705,
    0.157054882368,0.24268799057,0.420955499956,0.5853956748,
    0.770470474399,0.922418947675,1.),.UNSPECIFIED.);
#3899 = CARTESIAN_POINT('',(25.392304845413,1.05E+03));
#3900 = CARTESIAN_POINT('',(25.392304845413,1.049808778888E+03));
#3901 = CARTESIAN_POINT('',(25.375884759327,1.049617501837E+03));
#3902 = CARTESIAN_POINT('',(25.343029255271,1.049427932696E+03));
#3903 = CARTESIAN_POINT('',(25.294093358783,1.049241687863E+03));
#3904 = CARTESIAN_POINT('',(25.229695666935,1.049060247417E+03));
#3905 = CARTESIAN_POINT('',(25.150681063184,1.048884953535E+03));
#3906 = CARTESIAN_POINT('',(25.014620403769,1.048637975792E+03));
#3907 = CARTESIAN_POINT('',(24.96808842371,1.048560564592E+03));
#3908 = CARTESIAN_POINT('',(24.918664606198,1.048484877897E+03));
#3909 = CARTESIAN_POINT('',(24.866462879264,1.048411018133E+03));
#3910 = CARTESIAN_POINT('',(24.811602161808,1.048339075609E+03));
#3911 = CARTESIAN_POINT('',(24.754205039852,1.048269129285E+03));
#3912 = CARTESIAN_POINT('',(24.592473359619,1.048085566587E+03));
#3913 = CARTESIAN_POINT('',(24.483545488417,1.047975879692E+03));
#3914 = CARTESIAN_POINT('',(24.368229468774,1.047872522678E+03));
#3915 = CARTESIAN_POINT('',(24.247148163391,1.047775726769E+03));
#3916 = CARTESIAN_POINT('',(24.120913676238,1.047685636728E+03));
#3917 = CARTESIAN_POINT('',(23.990115083696,1.047602324817E+03));
#3918 = CARTESIAN_POINT('',(23.57468098707,1.04736649555E+03));
#3919 = CARTESIAN_POINT('',(23.276832521048,1.04723668671E+03));
#3920 = CARTESIAN_POINT('',(22.966572602745,1.047136259077E+03));
#3921 = CARTESIAN_POINT('',(22.648087085139,1.047064152927E+03));
#3922 = CARTESIAN_POINT('',(22.324835207667,1.047018737907E+03));
#3923 = CARTESIAN_POINT('',(21.9995061214,1.046998050418E+03));
#3924 = CARTESIAN_POINT('',(21.373650508346,1.047002006718E+03));
#3925 = CARTESIAN_POINT('',(21.073227573851,1.047023257991E+03));
#3926 = CARTESIAN_POINT('',(20.77410391161,1.047062291399E+03));
#3927 = CARTESIAN_POINT('',(20.477364410466,1.047117528382E+03));
#3928 = CARTESIAN_POINT('',(20.183772331532,1.047187419847E+03));
#3929 = CARTESIAN_POINT('',(19.893783262741,1.047270499218E+03));
#3930 = CARTESIAN_POINT('',(19.285418887108,1.047472318407E+03));
#3931 = CARTESIAN_POINT('',(18.968150541899,1.047594190003E+03));
#3932 = CARTESIAN_POINT('',(18.655992644949,1.047729170019E+03));
#3933 = CARTESIAN_POINT('',(18.348970792473,1.047875504932E+03));
#3934 = CARTESIAN_POINT('',(18.046904815168,1.048031583136E+03));
#3935 = CARTESIAN_POINT('',(17.749419000576,1.048195946904E+03));
#3936 = CARTESIAN_POINT('',(17.215018816807,1.04850801369E+03));
#3937 = CARTESIAN_POINT('',(16.976830969019,1.048653410723E+03));
#3938 = CARTESIAN_POINT('',(16.741102618297,1.04880278464E+03));
#3939 = CARTESIAN_POINT('',(16.507516179215,1.048955454192E+03));
#3940 = CARTESIAN_POINT('',(16.2757250861,1.04911077688E+03));
#3941 = CARTESIAN_POINT('',(16.045352993065,1.049268145541E+03));
#3942 = CARTESIAN_POINT('',(15.698887541819,1.049508084311E+03));
#3943 = CARTESIAN_POINT('',(15.582048641425,1.049589565153E+03));
#3944 = CARTESIAN_POINT('',(15.465423783999,1.049671349886E+03));
#3945 = CARTESIAN_POINT('',(15.348960052012,1.049753361613E+03));
#3946 = CARTESIAN_POINT('',(15.23260409926,1.049835524121E+03));
#3947 = CARTESIAN_POINT('',(15.116302150866,1.04991776187E+03));
#3948 = CARTESIAN_POINT('',(15.000000003277,1.050000000003E+03));
#3949 = ( GEOMETRIC_REPRESENTATION_CONTEXT(2) 
PARAMETRIC_REPRESENTATION_CONTEXT() REPRESENTATION_CONTEXT('2D SPACE',''
  ) );
#3950 = PCURVE('',#3784,#3951);
#3951 = DEFINITIONAL_REPRESENTATION('',(#3952),#4003);
#3952 = B_SPLINE_CURVE_WITH_KNOTS('',7,(#3953,#3954,#3955,#3956,#3957,
    #3958,#3959,#3960,#3961,#3962,#3963,#3964,#3965,#3966,#3967,#3968,
    #3969,#3970,#3971,#3972,#3973,#3974,#3975,#3976,#3977,#3978,#3979,
    #3980,#3981,#3982,#3983,#3984,#3985,#3986,#3987,#3988,#3989,#3990,
    #3991,#3992,#3993,#3994,#3995,#3996,#3997,#3998,#3999,#4000,#4001,
    #4002),.UNSPECIFIED.,.F.,.F.,(8,6,6,6,6,6,6,6,8),(0.,0.106805263705,
    0.157054882368,0.24268799057,0.420955499956,0.5853956748,
    0.770470474399,0.922418947675,1.),.UNSPECIFIED.);
#3953 = CARTESIAN_POINT('',(3.665191429188,6.28318530718));
#3954 = CARTESIAN_POINT('',(3.665191429188,6.219444936493));
#3955 = CARTESIAN_POINT('',(3.665875600606,6.155686072228));
#3956 = CARTESIAN_POINT('',(3.667244571731,6.092072824312));
#3957 = CARTESIAN_POINT('',(3.669293811702,6.028722038057));
#3958 = CARTESIAN_POINT('',(3.672017887762,5.965733036241));
#3959 = CARTESIAN_POINT('',(3.675410102692,5.90320957363));
#3960 = CARTESIAN_POINT('',(3.681361733091,5.812134627785));
#3961 = CARTESIAN_POINT('',(3.683411340522,5.783119975537));
#3962 = CARTESIAN_POINT('',(3.685605313129,5.754239364399));
#3963 = CARTESIAN_POINT('',(3.687942613196,5.725500783833));
#3964 = CARTESIAN_POINT('',(3.690422180108,5.696911214829));
#3965 = CARTESIAN_POINT('',(3.693042923606,5.668476949154));
#3966 = CARTESIAN_POINT('',(3.700508535308,5.592022282401));
#3967 = CARTESIAN_POINT('',(3.705620149223,5.544308121827));
#3968 = CARTESIAN_POINT('',(3.711133064433,5.497089481897));
#3969 = CARTESIAN_POINT('',(3.717042127735,5.450384399985));
#3970 = CARTESIAN_POINT('',(3.723342472447,5.404205193664));
#3971 = CARTESIAN_POINT('',(3.730029455227,5.358560513777));
#3972 = CARTESIAN_POINT('',(3.751814808823,5.219556653151));
#3973 = CARTESIAN_POINT('',(3.768179769443,5.128042650237));
#3974 = CARTESIAN_POINT('',(3.786163777558,5.038864930663));
#3975 = CARTESIAN_POINT('',(3.805745459303,4.95195142021));
#3976 = CARTESIAN_POINT('',(3.826903310471,4.867227431053));
#3977 = CARTESIAN_POINT('',(3.849612344243,4.784591753864));
#3978 = CARTESIAN_POINT('',(3.896235849487,4.629445440856));
#3979 = CARTESIAN_POINT('',(3.919914983353,4.556663885078));
#3980 = CARTESIAN_POINT('',(3.944897289789,4.485412248945));
#3981 = CARTESIAN_POINT('',(3.97117116739,4.415585778657));
#3982 = CARTESIAN_POINT('',(3.998716088222,4.347087165368));
#3983 = CARTESIAN_POINT('',(4.027505287751,4.279812472731));
#3984 = CARTESIAN_POINT('',(4.091286723464,4.13916947374));
#3985 = CARTESIAN_POINT('',(4.12659323078,4.066119466007));
#3986 = CARTESIAN_POINT('',(4.163393388513,3.994324013355));
#3987 = CARTESIAN_POINT('',(4.201621997578,3.923647811651));
#3988 = CARTESIAN_POINT('',(4.241187480034,3.853966390378));
#3989 = CARTESIAN_POINT('',(4.28197724132,3.785151011604));
#3990 = CARTESIAN_POINT('',(4.358262515264,3.661158158401));
#3991 = CARTESIAN_POINT('',(4.393393350893,3.605752920436));
#3992 = CARTESIAN_POINT('',(4.429190744105,3.550771968664));
#3993 = CARTESIAN_POINT('',(4.465569898099,3.496148497232));
#3994 = CARTESIAN_POINT('',(4.502435777446,3.441818658932));
#3995 = CARTESIAN_POINT('',(4.539686950441,3.387718112841));
#3996 = CARTESIAN_POINT('',(4.596382568227,3.306238404861));
#3997 = CARTESIAN_POINT('',(4.615618674034,3.278740830343));
#3998 = CARTESIAN_POINT('',(4.634913526983,3.251277262014));
#3999 = CARTESIAN_POINT('',(4.654252705389,3.223839151486));
#4000 = CARTESIAN_POINT('',(4.673621587791,3.196417988365));
#4001 = CARTESIAN_POINT('',(4.693005352948,3.169005300253));
#4002 = CARTESIAN_POINT('',(4.712388979839,3.141592652747));
#4003 = ( GEOMETRIC_REPRESENTATION_CONTEXT(2) 
PARAMETRIC_REPRESENTATION_CONTEXT() REPRESENTATION_CONTEXT('2D SPACE',''
  ) );
#4004 = ADVANCED_FACE('',(#4005,#4305,#4399,#4493,#4587),#90,.F.);
#4005 = FACE_BOUND('',#4006,.F.);
#4006 = EDGE_LOOP('',(#4007,#4008,#4009,#4072,#4073,#4136,#4137,#4138,
    #4161,#4189,#4210,#4211,#4232,#4233,#4256,#4284));
#4007 = ORIENTED_EDGE('',*,*,#2444,.F.);
#4008 = ORIENTED_EDGE('',*,*,#302,.T.);
#4009 = ORIENTED_EDGE('',*,*,#4010,.F.);
#4010 = EDGE_CURVE('',#189,#268,#4011,.T.);
#4011 = SURFACE_CURVE('',#4012,(#4017,#4024),.PCURVE_S1.);
#4012 = ELLIPSE('',#4013,153.86553942991,14.);
#4013 = AXIS2_PLACEMENT_3D('',#4014,#4015,#4016);
#4014 = CARTESIAN_POINT('',(1.253636363636E+03,182.72727272727,378.));
#4015 = DIRECTION('',(0.,0.,1.));
#4016 = DIRECTION('',(-0.373776270851,-0.927518894335,0.));
#4017 = PCURVE('',#90,#4018);
#4018 = DEFINITIONAL_REPRESENTATION('',(#4019),#4023);
#4019 = ELLIPSE('',#4020,153.86553942991,14.);
#4020 = AXIS2_PLACEMENT_2D('',#4021,#4022);
#4021 = CARTESIAN_POINT('',(-46.36363636363,532.72727272727));
#4022 = DIRECTION('',(-0.373776270851,-0.927518894335));
#4023 = ( GEOMETRIC_REPRESENTATION_CONTEXT(2) 
PARAMETRIC_REPRESENTATION_CONTEXT() REPRESENTATION_CONTEXT('2D SPACE',''
  ) );
#4024 = PCURVE('',#228,#4025);
#4025 = DEFINITIONAL_REPRESENTATION('',(#4026),#4071);
#4026 = B_SPLINE_CURVE_WITH_KNOTS('',8,(#4027,#4028,#4029,#4030,#4031,
    #4032,#4033,#4034,#4035,#4036,#4037,#4038,#4039,#4040,#4041,#4042,
    #4043,#4044,#4045,#4046,#4047,#4048,#4049,#4050,#4051,#4052,#4053,
    #4054,#4055,#4056,#4057,#4058,#4059,#4060,#4061,#4062,#4063,#4064,
    #4065,#4066,#4067,#4068,#4069,#4070),.UNSPECIFIED.,.F.,.F.,(9,7,7,7,
    7,7,9),(4.712388980385,5.497787143782,6.872233929728,7.903069019187,
    8.676195336281,9.835884811923,10.995574287564),.UNSPECIFIED.);
#4027 = CARTESIAN_POINT('',(6.28318530718,164.85593510348));
#4028 = CARTESIAN_POINT('',(6.185010536755,179.89898970613));
#4029 = CARTESIAN_POINT('',(6.08683576633,194.94204408642));
#4030 = CARTESIAN_POINT('',(5.988660995905,209.76416370546));
#4031 = CARTESIAN_POINT('',(5.890486225481,224.14440845733));
#4032 = CARTESIAN_POINT('',(5.792311455056,237.86866245576));
#4033 = CARTESIAN_POINT('',(5.694136684631,250.73642927551));
#4034 = CARTESIAN_POINT('',(5.595961914207,262.56694921309));
#4035 = CARTESIAN_POINT('',(5.325981295539,291.81882549116));
#4036 = CARTESIAN_POINT('',(5.154175447298,306.77864287092));
#4037 = CARTESIAN_POINT('',(4.982369599044,317.24617292848));
#4038 = CARTESIAN_POINT('',(4.810563750805,322.61432224977));
#4039 = CARTESIAN_POINT('',(4.638757902547,322.58514890167));
#4040 = CARTESIAN_POINT('',(4.466952054327,317.21309095871));
#4041 = CARTESIAN_POINT('',(4.29514620608,306.88535382506));
#4042 = CARTESIAN_POINT('',(3.994485971654,281.29059168786));
#4043 = CARTESIAN_POINT('',(3.865631585471,267.90387211658));
#4044 = CARTESIAN_POINT('',(3.736777199283,252.37714431155));
#4045 = CARTESIAN_POINT('',(3.607922813117,235.07355749094));
#4046 = CARTESIAN_POINT('',(3.479068426914,216.42717463721));
#4047 = CARTESIAN_POINT('',(3.35021404074,196.9205480199));
#4048 = CARTESIAN_POINT('',(3.22135965456,177.05765469001));
#4049 = CARTESIAN_POINT('',(2.995864478741,142.54725806605));
#4050 = CARTESIAN_POINT('',(2.899223689104,127.83733820238));
#4051 = CARTESIAN_POINT('',(2.802582899467,113.41815377096));
#4052 = CARTESIAN_POINT('',(2.70594210983,99.498596690835));
#4053 = CARTESIAN_POINT('',(2.609301320193,86.279659275711));
#4054 = CARTESIAN_POINT('',(2.512660530557,73.948242800932));
#4055 = CARTESIAN_POINT('',(2.41601974092,62.671646443256));
#4056 = CARTESIAN_POINT('',(2.174417766828,37.475785807905));
#4057 = CARTESIAN_POINT('',(2.029456582371,25.054335972261));
#4058 = CARTESIAN_POINT('',(1.884495397918,15.81303107852));
#4059 = CARTESIAN_POINT('',(1.73953421345,10.115079654184));
#4060 = CARTESIAN_POINT('',(1.594573029006,8.170300602847));
#4061 = CARTESIAN_POINT('',(1.44961184455,10.016020401163));
#4062 = CARTESIAN_POINT('',(1.304650660097,15.51922465027));
#4063 = CARTESIAN_POINT('',(1.014728291186,33.272138345851));
#4064 = CARTESIAN_POINT('',(0.86976710673,45.521848225413));
#4065 = CARTESIAN_POINT('',(0.724805922277,60.860573970014));
#4066 = CARTESIAN_POINT('',(0.579844737817,78.852882120409));
#4067 = CARTESIAN_POINT('',(0.434883553366,98.931157038722));
#4068 = CARTESIAN_POINT('',(0.28992236891,120.4319139383));
#4069 = CARTESIAN_POINT('',(0.144961184455,142.64392479174));
#4070 = CARTESIAN_POINT('',(0.,164.85593510348));
#4071 = ( GEOMETRIC_REPRESENTATION_CONTEXT(2) 
PARAMETRIC_REPRESENTATION_CONTEXT() REPRESENTATION_CONTEXT('2D SPACE',''
  ) );
#4072 = ORIENTED_EDGE('',*,*,#188,.T.);
#4073 = ORIENTED_EDGE('',*,*,#4074,.F.);
#4074 = EDGE_CURVE('',#75,#159,#4075,.T.);
#4075 = SURFACE_CURVE('',#4076,(#4081,#4088),.PCURVE_S1.);
#4076 = ELLIPSE('',#4077,153.86553942991,14.);
#4077 = AXIS2_PLACEMENT_3D('',#4078,#4079,#4080);
#4078 = CARTESIAN_POINT('',(1.253636363636E+03,-182.7272727272,378.));
#4079 = DIRECTION('',(0.,0.,1.));
#4080 = DIRECTION('',(-0.373776270851,0.927518894335,0.));
#4081 = PCURVE('',#90,#4082);
#4082 = DEFINITIONAL_REPRESENTATION('',(#4083),#4087);
#4083 = ELLIPSE('',#4084,153.86553942991,14.);
#4084 = AXIS2_PLACEMENT_2D('',#4085,#4086);
#4085 = CARTESIAN_POINT('',(-46.36363636363,167.27272727272));
#4086 = DIRECTION('',(-0.373776270851,0.927518894335));
#4087 = ( GEOMETRIC_REPRESENTATION_CONTEXT(2) 
PARAMETRIC_REPRESENTATION_CONTEXT() REPRESENTATION_CONTEXT('2D SPACE',''
  ) );
#4088 = PCURVE('',#119,#4089);
#4089 = DEFINITIONAL_REPRESENTATION('',(#4090),#4135);
#4090 = B_SPLINE_CURVE_WITH_KNOTS('',8,(#4091,#4092,#4093,#4094,#4095,
    #4096,#4097,#4098,#4099,#4100,#4101,#4102,#4103,#4104,#4105,#4106,
    #4107,#4108,#4109,#4110,#4111,#4112,#4113,#4114,#4115,#4116,#4117,
    #4118,#4119,#4120,#4121,#4122,#4123,#4124,#4125,#4126,#4127,#4128,
    #4129,#4130,#4131,#4132,#4133,#4134),.UNSPECIFIED.,.F.,.F.,(9,7,7,7,
    7,7,9),(4.712388980385,5.497787143782,6.872233929728,7.903069019187,
    8.676195336281,9.835884811923,10.995574287564),.UNSPECIFIED.);
#4091 = CARTESIAN_POINT('',(6.28318530718,164.85593510348));
#4092 = CARTESIAN_POINT('',(6.185010536755,179.89898970613));
#4093 = CARTESIAN_POINT('',(6.086835766331,194.94204408642));
#4094 = CARTESIAN_POINT('',(5.988660995904,209.76416370545));
#4095 = CARTESIAN_POINT('',(5.890486225481,224.14440845731));
#4096 = CARTESIAN_POINT('',(5.792311455058,237.86866245577));
#4097 = CARTESIAN_POINT('',(5.694136684632,250.73642927552));
#4098 = CARTESIAN_POINT('',(5.595961914207,262.56694921309));
#4099 = CARTESIAN_POINT('',(5.325981295539,291.81882549116));
#4100 = CARTESIAN_POINT('',(5.154175447288,306.77864287109));
#4101 = CARTESIAN_POINT('',(4.982369599071,317.24617292685));
#4102 = CARTESIAN_POINT('',(4.810563750772,322.61432225117));
#4103 = CARTESIAN_POINT('',(4.638757902596,322.58514889958));
#4104 = CARTESIAN_POINT('',(4.466952054314,317.21309095877));
#4105 = CARTESIAN_POINT('',(4.29514620608,306.88535382506));
#4106 = CARTESIAN_POINT('',(3.994485971654,281.29059168786));
#4107 = CARTESIAN_POINT('',(3.865631585472,267.90387211658));
#4108 = CARTESIAN_POINT('',(3.736777199292,252.37714431143));
#4109 = CARTESIAN_POINT('',(3.607922813109,235.07355749094));
#4110 = CARTESIAN_POINT('',(3.479068426923,216.42717463709));
#4111 = CARTESIAN_POINT('',(3.35021404074,196.92054801993));
#4112 = CARTESIAN_POINT('',(3.22135965456,177.05765469001));
#4113 = CARTESIAN_POINT('',(2.995864478741,142.54725806605));
#4114 = CARTESIAN_POINT('',(2.899223689104,127.83733820238));
#4115 = CARTESIAN_POINT('',(2.802582899467,113.41815377096));
#4116 = CARTESIAN_POINT('',(2.70594210983,99.49859669085));
#4117 = CARTESIAN_POINT('',(2.609301320194,86.279659275721));
#4118 = CARTESIAN_POINT('',(2.512660530557,73.948242800915));
#4119 = CARTESIAN_POINT('',(2.41601974092,62.671646443256));
#4120 = CARTESIAN_POINT('',(2.174417766828,37.475785807905));
#4121 = CARTESIAN_POINT('',(2.029456582371,25.05433597226));
#4122 = CARTESIAN_POINT('',(1.884495397919,15.813031078585));
#4123 = CARTESIAN_POINT('',(1.739534213452,10.11507965409));
#4124 = CARTESIAN_POINT('',(1.59457302901,8.170300602847));
#4125 = CARTESIAN_POINT('',(1.44961184455,10.016020401168));
#4126 = CARTESIAN_POINT('',(1.304650660097,15.51922465027));
#4127 = CARTESIAN_POINT('',(1.014728291186,33.272138345851));
#4128 = CARTESIAN_POINT('',(0.869767106731,45.521848225428));
#4129 = CARTESIAN_POINT('',(0.724805922276,60.860573970247));
#4130 = CARTESIAN_POINT('',(0.579844737818,78.852882120525));
#4131 = CARTESIAN_POINT('',(0.434883553364,98.931157038664));
#4132 = CARTESIAN_POINT('',(0.28992236891,120.43191393833));
#4133 = CARTESIAN_POINT('',(0.144961184455,142.64392479174));
#4134 = CARTESIAN_POINT('',(0.,164.85593510348));
#4135 = ( GEOMETRIC_REPRESENTATION_CONTEXT(2) 
PARAMETRIC_REPRESENTATION_CONTEXT() REPRESENTATION_CONTEXT('2D SPACE',''
  ) );
#4136 = ORIENTED_EDGE('',*,*,#74,.T.);
#4137 = ORIENTED_EDGE('',*,*,#382,.T.);
#4138 = ORIENTED_EDGE('',*,*,#4139,.T.);
#4139 = EDGE_CURVE('',#383,#4140,#4142,.T.);
#4140 = VERTEX_POINT('',#4141);
#4141 = CARTESIAN_POINT('',(1.875E+03,-345.,378.));
#4142 = SURFACE_CURVE('',#4143,(#4147,#4154),.PCURVE_S1.);
#4143 = LINE('',#4144,#4145);
#4144 = CARTESIAN_POINT('',(1.875E+03,-350.,378.));
#4145 = VECTOR('',#4146,1.);
#4146 = DIRECTION('',(-0.,1.,0.));
#4147 = PCURVE('',#90,#4148);
#4148 = DEFINITIONAL_REPRESENTATION('',(#4149),#4153);
#4149 = LINE('',#4150,#4151);
#4150 = CARTESIAN_POINT('',(575.,0.));
#4151 = VECTOR('',#4152,1.);
#4152 = DIRECTION('',(0.,1.));
#4153 = ( GEOMETRIC_REPRESENTATION_CONTEXT(2) 
PARAMETRIC_REPRESENTATION_CONTEXT() REPRESENTATION_CONTEXT('2D SPACE',''
  ) );
#4154 = PCURVE('',#550,#4155);
#4155 = DEFINITIONAL_REPRESENTATION('',(#4156),#4160);
#4156 = LINE('',#4157,#4158);
#4157 = CARTESIAN_POINT('',(160.,0.));
#4158 = VECTOR('',#4159,1.);
#4159 = DIRECTION('',(0.,-1.));
#4160 = ( GEOMETRIC_REPRESENTATION_CONTEXT(2) 
PARAMETRIC_REPRESENTATION_CONTEXT() REPRESENTATION_CONTEXT('2D SPACE',''
  ) );
#4161 = ORIENTED_EDGE('',*,*,#4162,.T.);
#4162 = EDGE_CURVE('',#4140,#4163,#4165,.T.);
#4163 = VERTEX_POINT('',#4164);
#4164 = CARTESIAN_POINT('',(1.965E+03,-345.,378.));
#4165 = SURFACE_CURVE('',#4166,(#4170,#4177),.PCURVE_S1.);
#4166 = LINE('',#4167,#4168);
#4167 = CARTESIAN_POINT('',(1.875E+03,-345.,378.));
#4168 = VECTOR('',#4169,1.);
#4169 = DIRECTION('',(1.,0.,-0.));
#4170 = PCURVE('',#90,#4171);
#4171 = DEFINITIONAL_REPRESENTATION('',(#4172),#4176);
#4172 = LINE('',#4173,#4174);
#4173 = CARTESIAN_POINT('',(575.,5.));
#4174 = VECTOR('',#4175,1.);
#4175 = DIRECTION('',(1.,0.));
#4176 = ( GEOMETRIC_REPRESENTATION_CONTEXT(2) 
PARAMETRIC_REPRESENTATION_CONTEXT() REPRESENTATION_CONTEXT('2D SPACE',''
  ) );
#4177 = PCURVE('',#4178,#4183);
#4178 = PLANE('',#4179);
#4179 = AXIS2_PLACEMENT_3D('',#4180,#4181,#4182);
#4180 = CARTESIAN_POINT('',(1.875E+03,-345.,218.));
#4181 = DIRECTION('',(-0.,1.,0.));
#4182 = DIRECTION('',(0.,0.,1.));
#4183 = DEFINITIONAL_REPRESENTATION('',(#4184),#4188);
#4184 = LINE('',#4185,#4186);
#4185 = CARTESIAN_POINT('',(160.,0.));
#4186 = VECTOR('',#4187,1.);
#4187 = DIRECTION('',(0.,1.));
#4188 = ( GEOMETRIC_REPRESENTATION_CONTEXT(2) 
PARAMETRIC_REPRESENTATION_CONTEXT() REPRESENTATION_CONTEXT('2D SPACE',''
  ) );
#4189 = ORIENTED_EDGE('',*,*,#4190,.F.);
#4190 = EDGE_CURVE('',#458,#4163,#4191,.T.);
#4191 = SURFACE_CURVE('',#4192,(#4196,#4203),.PCURVE_S1.);
#4192 = LINE('',#4193,#4194);
#4193 = CARTESIAN_POINT('',(1.965E+03,-350.,378.));
#4194 = VECTOR('',#4195,1.);
#4195 = DIRECTION('',(-0.,1.,0.));
#4196 = PCURVE('',#90,#4197);
#4197 = DEFINITIONAL_REPRESENTATION('',(#4198),#4202);
#4198 = LINE('',#4199,#4200);
#4199 = CARTESIAN_POINT('',(665.,0.));
#4200 = VECTOR('',#4201,1.);
#4201 = DIRECTION('',(0.,1.));
#4202 = ( GEOMETRIC_REPRESENTATION_CONTEXT(2) 
PARAMETRIC_REPRESENTATION_CONTEXT() REPRESENTATION_CONTEXT('2D SPACE',''
  ) );
#4203 = PCURVE('',#496,#4204);
#4204 = DEFINITIONAL_REPRESENTATION('',(#4205),#4209);
#4205 = LINE('',#4206,#4207);
#4206 = CARTESIAN_POINT('',(160.,0.));
#4207 = VECTOR('',#4208,1.);
#4208 = DIRECTION('',(0.,-1.));
#4209 = ( GEOMETRIC_REPRESENTATION_CONTEXT(2) 
PARAMETRIC_REPRESENTATION_CONTEXT() REPRESENTATION_CONTEXT('2D SPACE',''
  ) );
#4210 = ORIENTED_EDGE('',*,*,#457,.T.);
#4211 = ORIENTED_EDGE('',*,*,#4212,.F.);
#4212 = EDGE_CURVE('',#2470,#430,#4213,.T.);
#4213 = SURFACE_CURVE('',#4214,(#4218,#4225),.PCURVE_S1.);
#4214 = LINE('',#4215,#4216);
#4215 = CARTESIAN_POINT('',(2.5E+03,350.,378.));
#4216 = VECTOR('',#4217,1.);
#4217 = DIRECTION('',(0.,-1.,0.));
#4218 = PCURVE('',#90,#4219);
#4219 = DEFINITIONAL_REPRESENTATION('',(#4220),#4224);
#4220 = LINE('',#4221,#4222);
#4221 = CARTESIAN_POINT('',(1.2E+03,700.));
#4222 = VECTOR('',#4223,1.);
#4223 = DIRECTION('',(0.,-1.));
#4224 = ( GEOMETRIC_REPRESENTATION_CONTEXT(2) 
PARAMETRIC_REPRESENTATION_CONTEXT() REPRESENTATION_CONTEXT('2D SPACE',''
  ) );
#4225 = PCURVE('',#445,#4226);
#4226 = DEFINITIONAL_REPRESENTATION('',(#4227),#4231);
#4227 = LINE('',#4228,#4229);
#4228 = CARTESIAN_POINT('',(0.,-700.));
#4229 = VECTOR('',#4230,1.);
#4230 = DIRECTION('',(0.,1.));
#4231 = ( GEOMETRIC_REPRESENTATION_CONTEXT(2) 
PARAMETRIC_REPRESENTATION_CONTEXT() REPRESENTATION_CONTEXT('2D SPACE',''
  ) );
#4232 = ORIENTED_EDGE('',*,*,#2492,.F.);
#4233 = ORIENTED_EDGE('',*,*,#4234,.F.);
#4234 = EDGE_CURVE('',#4235,#2493,#4237,.T.);
#4235 = VERTEX_POINT('',#4236);
#4236 = CARTESIAN_POINT('',(1.965E+03,345.,378.));
#4237 = SURFACE_CURVE('',#4238,(#4242,#4249),.PCURVE_S1.);
#4238 = LINE('',#4239,#4240);
#4239 = CARTESIAN_POINT('',(1.965E+03,345.,378.));
#4240 = VECTOR('',#4241,1.);
#4241 = DIRECTION('',(-0.,1.,0.));
#4242 = PCURVE('',#90,#4243);
#4243 = DEFINITIONAL_REPRESENTATION('',(#4244),#4248);
#4244 = LINE('',#4245,#4246);
#4245 = CARTESIAN_POINT('',(665.,695.));
#4246 = VECTOR('',#4247,1.);
#4247 = DIRECTION('',(0.,1.));
#4248 = ( GEOMETRIC_REPRESENTATION_CONTEXT(2) 
PARAMETRIC_REPRESENTATION_CONTEXT() REPRESENTATION_CONTEXT('2D SPACE',''
  ) );
#4249 = PCURVE('',#2531,#4250);
#4250 = DEFINITIONAL_REPRESENTATION('',(#4251),#4255);
#4251 = LINE('',#4252,#4253);
#4252 = CARTESIAN_POINT('',(160.,0.));
#4253 = VECTOR('',#4254,1.);
#4254 = DIRECTION('',(0.,-1.));
#4255 = ( GEOMETRIC_REPRESENTATION_CONTEXT(2) 
PARAMETRIC_REPRESENTATION_CONTEXT() REPRESENTATION_CONTEXT('2D SPACE',''
  ) );
#4256 = ORIENTED_EDGE('',*,*,#4257,.F.);
#4257 = EDGE_CURVE('',#4258,#4235,#4260,.T.);
#4258 = VERTEX_POINT('',#4259);
#4259 = CARTESIAN_POINT('',(1.875E+03,345.,378.));
#4260 = SURFACE_CURVE('',#4261,(#4265,#4272),.PCURVE_S1.);
#4261 = LINE('',#4262,#4263);
#4262 = CARTESIAN_POINT('',(1.875E+03,345.,378.));
#4263 = VECTOR('',#4264,1.);
#4264 = DIRECTION('',(1.,0.,-0.));
#4265 = PCURVE('',#90,#4266);
#4266 = DEFINITIONAL_REPRESENTATION('',(#4267),#4271);
#4267 = LINE('',#4268,#4269);
#4268 = CARTESIAN_POINT('',(575.,695.));
#4269 = VECTOR('',#4270,1.);
#4270 = DIRECTION('',(1.,0.));
#4271 = ( GEOMETRIC_REPRESENTATION_CONTEXT(2) 
PARAMETRIC_REPRESENTATION_CONTEXT() REPRESENTATION_CONTEXT('2D SPACE',''
  ) );
#4272 = PCURVE('',#4273,#4278);
#4273 = PLANE('',#4274);
#4274 = AXIS2_PLACEMENT_3D('',#4275,#4276,#4277);
#4275 = CARTESIAN_POINT('',(1.875E+03,345.,218.));
#4276 = DIRECTION('',(-0.,1.,0.));
#4277 = DIRECTION('',(0.,0.,1.));
#4278 = DEFINITIONAL_REPRESENTATION('',(#4279),#4283);
#4279 = LINE('',#4280,#4281);
#4280 = CARTESIAN_POINT('',(160.,0.));
#4281 = VECTOR('',#4282,1.);
#4282 = DIRECTION('',(0.,1.));
#4283 = ( GEOMETRIC_REPRESENTATION_CONTEXT(2) 
PARAMETRIC_REPRESENTATION_CONTEXT() REPRESENTATION_CONTEXT('2D SPACE',''
  ) );
#4284 = ORIENTED_EDGE('',*,*,#4285,.T.);
#4285 = EDGE_CURVE('',#4258,#2445,#4286,.T.);
#4286 = SURFACE_CURVE('',#4287,(#4291,#4298),.PCURVE_S1.);
#4287 = LINE('',#4288,#4289);
#4288 = CARTESIAN_POINT('',(1.875E+03,345.,378.));
#4289 = VECTOR('',#4290,1.);
#4290 = DIRECTION('',(-0.,1.,0.));
#4291 = PCURVE('',#90,#4292);
#4292 = DEFINITIONAL_REPRESENTATION('',(#4293),#4297);
#4293 = LINE('',#4294,#4295);
#4294 = CARTESIAN_POINT('',(575.,695.));
#4295 = VECTOR('',#4296,1.);
#4296 = DIRECTION('',(0.,1.));
#4297 = ( GEOMETRIC_REPRESENTATION_CONTEXT(2) 
PARAMETRIC_REPRESENTATION_CONTEXT() REPRESENTATION_CONTEXT('2D SPACE',''
  ) );
#4298 = PCURVE('',#2585,#4299);
#4299 = DEFINITIONAL_REPRESENTATION('',(#4300),#4304);
#4300 = LINE('',#4301,#4302);
#4301 = CARTESIAN_POINT('',(160.,0.));
#4302 = VECTOR('',#4303,1.);
#4303 = DIRECTION('',(0.,-1.));
#4304 = ( GEOMETRIC_REPRESENTATION_CONTEXT(2) 
PARAMETRIC_REPRESENTATION_CONTEXT() REPRESENTATION_CONTEXT('2D SPACE',''
  ) );
#4305 = FACE_BOUND('',#4306,.F.);
#4306 = EDGE_LOOP('',(#4307,#4332,#4355,#4378));
#4307 = ORIENTED_EDGE('',*,*,#4308,.T.);
#4308 = EDGE_CURVE('',#4309,#4311,#4313,.T.);
#4309 = VERTEX_POINT('',#4310);
#4310 = CARTESIAN_POINT('',(1.33E+03,320.,378.));
#4311 = VERTEX_POINT('',#4312);
#4312 = CARTESIAN_POINT('',(1.585E+03,320.,378.));
#4313 = SURFACE_CURVE('',#4314,(#4318,#4325),.PCURVE_S1.);
#4314 = LINE('',#4315,#4316);
#4315 = CARTESIAN_POINT('',(1.3E+03,320.,378.));
#4316 = VECTOR('',#4317,1.);
#4317 = DIRECTION('',(1.,0.,-0.));
#4318 = PCURVE('',#90,#4319);
#4319 = DEFINITIONAL_REPRESENTATION('',(#4320),#4324);
#4320 = LINE('',#4321,#4322);
#4321 = CARTESIAN_POINT('',(0.,670.));
#4322 = VECTOR('',#4323,1.);
#4323 = DIRECTION('',(1.,0.));
#4324 = ( GEOMETRIC_REPRESENTATION_CONTEXT(2) 
PARAMETRIC_REPRESENTATION_CONTEXT() REPRESENTATION_CONTEXT('2D SPACE',''
  ) );
#4325 = PCURVE('',#2119,#4326);
#4326 = DEFINITIONAL_REPRESENTATION('',(#4327),#4331);
#4327 = LINE('',#4328,#4329);
#4328 = CARTESIAN_POINT('',(0.,0.));
#4329 = VECTOR('',#4330,1.);
#4330 = DIRECTION('',(0.,1.));
#4331 = ( GEOMETRIC_REPRESENTATION_CONTEXT(2) 
PARAMETRIC_REPRESENTATION_CONTEXT() REPRESENTATION_CONTEXT('2D SPACE',''
  ) );
#4332 = ORIENTED_EDGE('',*,*,#4333,.F.);
#4333 = EDGE_CURVE('',#4334,#4311,#4336,.T.);
#4334 = VERTEX_POINT('',#4335);
#4335 = CARTESIAN_POINT('',(1.585E+03,-320.,378.));
#4336 = SURFACE_CURVE('',#4337,(#4341,#4348),.PCURVE_S1.);
#4337 = LINE('',#4338,#4339);
#4338 = CARTESIAN_POINT('',(1.585E+03,-350.,378.));
#4339 = VECTOR('',#4340,1.);
#4340 = DIRECTION('',(-0.,1.,0.));
#4341 = PCURVE('',#90,#4342);
#4342 = DEFINITIONAL_REPRESENTATION('',(#4343),#4347);
#4343 = LINE('',#4344,#4345);
#4344 = CARTESIAN_POINT('',(285.,0.));
#4345 = VECTOR('',#4346,1.);
#4346 = DIRECTION('',(0.,1.));
#4347 = ( GEOMETRIC_REPRESENTATION_CONTEXT(2) 
PARAMETRIC_REPRESENTATION_CONTEXT() REPRESENTATION_CONTEXT('2D SPACE',''
  ) );
#4348 = PCURVE('',#2147,#4349);
#4349 = DEFINITIONAL_REPRESENTATION('',(#4350),#4354);
#4350 = LINE('',#4351,#4352);
#4351 = CARTESIAN_POINT('',(0.,0.));
#4352 = VECTOR('',#4353,1.);
#4353 = DIRECTION('',(0.,-1.));
#4354 = ( GEOMETRIC_REPRESENTATION_CONTEXT(2) 
PARAMETRIC_REPRESENTATION_CONTEXT() REPRESENTATION_CONTEXT('2D SPACE',''
  ) );
#4355 = ORIENTED_EDGE('',*,*,#4356,.F.);
#4356 = EDGE_CURVE('',#4357,#4334,#4359,.T.);
#4357 = VERTEX_POINT('',#4358);
#4358 = CARTESIAN_POINT('',(1.33E+03,-320.,378.));
#4359 = SURFACE_CURVE('',#4360,(#4364,#4371),.PCURVE_S1.);
#4360 = LINE('',#4361,#4362);
#4361 = CARTESIAN_POINT('',(1.3E+03,-320.,378.));
#4362 = VECTOR('',#4363,1.);
#4363 = DIRECTION('',(1.,0.,-0.));
#4364 = PCURVE('',#90,#4365);
#4365 = DEFINITIONAL_REPRESENTATION('',(#4366),#4370);
#4366 = LINE('',#4367,#4368);
#4367 = CARTESIAN_POINT('',(0.,30.));
#4368 = VECTOR('',#4369,1.);
#4369 = DIRECTION('',(1.,0.));
#4370 = ( GEOMETRIC_REPRESENTATION_CONTEXT(2) 
PARAMETRIC_REPRESENTATION_CONTEXT() REPRESENTATION_CONTEXT('2D SPACE',''
  ) );
#4371 = PCURVE('',#2175,#4372);
#4372 = DEFINITIONAL_REPRESENTATION('',(#4373),#4377);
#4373 = LINE('',#4374,#4375);
#4374 = CARTESIAN_POINT('',(0.,0.));
#4375 = VECTOR('',#4376,1.);
#4376 = DIRECTION('',(0.,1.));
#4377 = ( GEOMETRIC_REPRESENTATION_CONTEXT(2) 
PARAMETRIC_REPRESENTATION_CONTEXT() REPRESENTATION_CONTEXT('2D SPACE',''
  ) );
#4378 = ORIENTED_EDGE('',*,*,#4379,.T.);
#4379 = EDGE_CURVE('',#4357,#4309,#4380,.T.);
#4380 = SURFACE_CURVE('',#4381,(#4385,#4392),.PCURVE_S1.);
#4381 = LINE('',#4382,#4383);
#4382 = CARTESIAN_POINT('',(1.33E+03,-350.,378.));
#4383 = VECTOR('',#4384,1.);
#4384 = DIRECTION('',(-0.,1.,0.));
#4385 = PCURVE('',#90,#4386);
#4386 = DEFINITIONAL_REPRESENTATION('',(#4387),#4391);
#4387 = LINE('',#4388,#4389);
#4388 = CARTESIAN_POINT('',(30.,0.));
#4389 = VECTOR('',#4390,1.);
#4390 = DIRECTION('',(0.,1.));
#4391 = ( GEOMETRIC_REPRESENTATION_CONTEXT(2) 
PARAMETRIC_REPRESENTATION_CONTEXT() REPRESENTATION_CONTEXT('2D SPACE',''
  ) );
#4392 = PCURVE('',#2201,#4393);
#4393 = DEFINITIONAL_REPRESENTATION('',(#4394),#4398);
#4394 = LINE('',#4395,#4396);
#4395 = CARTESIAN_POINT('',(0.,0.));
#4396 = VECTOR('',#4397,1.);
#4397 = DIRECTION('',(0.,-1.));
#4398 = ( GEOMETRIC_REPRESENTATION_CONTEXT(2) 
PARAMETRIC_REPRESENTATION_CONTEXT() REPRESENTATION_CONTEXT('2D SPACE',''
  ) );
#4399 = FACE_BOUND('',#4400,.F.);
#4400 = EDGE_LOOP('',(#4401,#4426,#4449,#4472));
#4401 = ORIENTED_EDGE('',*,*,#4402,.T.);
#4402 = EDGE_CURVE('',#4403,#4405,#4407,.T.);
#4403 = VERTEX_POINT('',#4404);
#4404 = CARTESIAN_POINT('',(1.615E+03,320.,378.));
#4405 = VERTEX_POINT('',#4406);
#4406 = CARTESIAN_POINT('',(1.905E+03,320.,378.));
#4407 = SURFACE_CURVE('',#4408,(#4412,#4419),.PCURVE_S1.);
#4408 = LINE('',#4409,#4410);
#4409 = CARTESIAN_POINT('',(1.3E+03,320.,378.));
#4410 = VECTOR('',#4411,1.);
#4411 = DIRECTION('',(1.,0.,-0.));
#4412 = PCURVE('',#90,#4413);
#4413 = DEFINITIONAL_REPRESENTATION('',(#4414),#4418);
#4414 = LINE('',#4415,#4416);
#4415 = CARTESIAN_POINT('',(0.,670.));
#4416 = VECTOR('',#4417,1.);
#4417 = DIRECTION('',(1.,0.));
#4418 = ( GEOMETRIC_REPRESENTATION_CONTEXT(2) 
PARAMETRIC_REPRESENTATION_CONTEXT() REPRESENTATION_CONTEXT('2D SPACE',''
  ) );
#4419 = PCURVE('',#2233,#4420);
#4420 = DEFINITIONAL_REPRESENTATION('',(#4421),#4425);
#4421 = LINE('',#4422,#4423);
#4422 = CARTESIAN_POINT('',(0.,0.));
#4423 = VECTOR('',#4424,1.);
#4424 = DIRECTION('',(0.,1.));
#4425 = ( GEOMETRIC_REPRESENTATION_CONTEXT(2) 
PARAMETRIC_REPRESENTATION_CONTEXT() REPRESENTATION_CONTEXT('2D SPACE',''
  ) );
#4426 = ORIENTED_EDGE('',*,*,#4427,.F.);
#4427 = EDGE_CURVE('',#4428,#4405,#4430,.T.);
#4428 = VERTEX_POINT('',#4429);
#4429 = CARTESIAN_POINT('',(1.905E+03,-320.,378.));
#4430 = SURFACE_CURVE('',#4431,(#4435,#4442),.PCURVE_S1.);
#4431 = LINE('',#4432,#4433);
#4432 = CARTESIAN_POINT('',(1.905E+03,-350.,378.));
#4433 = VECTOR('',#4434,1.);
#4434 = DIRECTION('',(-0.,1.,0.));
#4435 = PCURVE('',#90,#4436);
#4436 = DEFINITIONAL_REPRESENTATION('',(#4437),#4441);
#4437 = LINE('',#4438,#4439);
#4438 = CARTESIAN_POINT('',(605.,0.));
#4439 = VECTOR('',#4440,1.);
#4440 = DIRECTION('',(0.,1.));
#4441 = ( GEOMETRIC_REPRESENTATION_CONTEXT(2) 
PARAMETRIC_REPRESENTATION_CONTEXT() REPRESENTATION_CONTEXT('2D SPACE',''
  ) );
#4442 = PCURVE('',#2261,#4443);
#4443 = DEFINITIONAL_REPRESENTATION('',(#4444),#4448);
#4444 = LINE('',#4445,#4446);
#4445 = CARTESIAN_POINT('',(0.,0.));
#4446 = VECTOR('',#4447,1.);
#4447 = DIRECTION('',(0.,-1.));
#4448 = ( GEOMETRIC_REPRESENTATION_CONTEXT(2) 
PARAMETRIC_REPRESENTATION_CONTEXT() REPRESENTATION_CONTEXT('2D SPACE',''
  ) );
#4449 = ORIENTED_EDGE('',*,*,#4450,.F.);
#4450 = EDGE_CURVE('',#4451,#4428,#4453,.T.);
#4451 = VERTEX_POINT('',#4452);
#4452 = CARTESIAN_POINT('',(1.615E+03,-320.,378.));
#4453 = SURFACE_CURVE('',#4454,(#4458,#4465),.PCURVE_S1.);
#4454 = LINE('',#4455,#4456);
#4455 = CARTESIAN_POINT('',(1.3E+03,-320.,378.));
#4456 = VECTOR('',#4457,1.);
#4457 = DIRECTION('',(1.,0.,-0.));
#4458 = PCURVE('',#90,#4459);
#4459 = DEFINITIONAL_REPRESENTATION('',(#4460),#4464);
#4460 = LINE('',#4461,#4462);
#4461 = CARTESIAN_POINT('',(0.,30.));
#4462 = VECTOR('',#4463,1.);
#4463 = DIRECTION('',(1.,0.));
#4464 = ( GEOMETRIC_REPRESENTATION_CONTEXT(2) 
PARAMETRIC_REPRESENTATION_CONTEXT() REPRESENTATION_CONTEXT('2D SPACE',''
  ) );
#4465 = PCURVE('',#2289,#4466);
#4466 = DEFINITIONAL_REPRESENTATION('',(#4467),#4471);
#4467 = LINE('',#4468,#4469);
#4468 = CARTESIAN_POINT('',(0.,0.));
#4469 = VECTOR('',#4470,1.);
#4470 = DIRECTION('',(0.,1.));
#4471 = ( GEOMETRIC_REPRESENTATION_CONTEXT(2) 
PARAMETRIC_REPRESENTATION_CONTEXT() REPRESENTATION_CONTEXT('2D SPACE',''
  ) );
#4472 = ORIENTED_EDGE('',*,*,#4473,.T.);
#4473 = EDGE_CURVE('',#4451,#4403,#4474,.T.);
#4474 = SURFACE_CURVE('',#4475,(#4479,#4486),.PCURVE_S1.);
#4475 = LINE('',#4476,#4477);
#4476 = CARTESIAN_POINT('',(1.615E+03,-350.,378.));
#4477 = VECTOR('',#4478,1.);
#4478 = DIRECTION('',(-0.,1.,0.));
#4479 = PCURVE('',#90,#4480);
#4480 = DEFINITIONAL_REPRESENTATION('',(#4481),#4485);
#4481 = LINE('',#4482,#4483);
#4482 = CARTESIAN_POINT('',(315.,0.));
#4483 = VECTOR('',#4484,1.);
#4484 = DIRECTION('',(0.,1.));
#4485 = ( GEOMETRIC_REPRESENTATION_CONTEXT(2) 
PARAMETRIC_REPRESENTATION_CONTEXT() REPRESENTATION_CONTEXT('2D SPACE',''
  ) );
#4486 = PCURVE('',#2315,#4487);
#4487 = DEFINITIONAL_REPRESENTATION('',(#4488),#4492);
#4488 = LINE('',#4489,#4490);
#4489 = CARTESIAN_POINT('',(0.,0.));
#4490 = VECTOR('',#4491,1.);
#4491 = DIRECTION('',(0.,-1.));
#4492 = ( GEOMETRIC_REPRESENTATION_CONTEXT(2) 
PARAMETRIC_REPRESENTATION_CONTEXT() REPRESENTATION_CONTEXT('2D SPACE',''
  ) );
#4493 = FACE_BOUND('',#4494,.F.);
#4494 = EDGE_LOOP('',(#4495,#4520,#4543,#4566));
#4495 = ORIENTED_EDGE('',*,*,#4496,.T.);
#4496 = EDGE_CURVE('',#4497,#4499,#4501,.T.);
#4497 = VERTEX_POINT('',#4498);
#4498 = CARTESIAN_POINT('',(1.935E+03,320.,378.));
#4499 = VERTEX_POINT('',#4500);
#4500 = CARTESIAN_POINT('',(2.235E+03,320.,378.));
#4501 = SURFACE_CURVE('',#4502,(#4506,#4513),.PCURVE_S1.);
#4502 = LINE('',#4503,#4504);
#4503 = CARTESIAN_POINT('',(1.3E+03,320.,378.));
#4504 = VECTOR('',#4505,1.);
#4505 = DIRECTION('',(1.,0.,-0.));
#4506 = PCURVE('',#90,#4507);
#4507 = DEFINITIONAL_REPRESENTATION('',(#4508),#4512);
#4508 = LINE('',#4509,#4510);
#4509 = CARTESIAN_POINT('',(0.,670.));
#4510 = VECTOR('',#4511,1.);
#4511 = DIRECTION('',(1.,0.));
#4512 = ( GEOMETRIC_REPRESENTATION_CONTEXT(2) 
PARAMETRIC_REPRESENTATION_CONTEXT() REPRESENTATION_CONTEXT('2D SPACE',''
  ) );
#4513 = PCURVE('',#2005,#4514);
#4514 = DEFINITIONAL_REPRESENTATION('',(#4515),#4519);
#4515 = LINE('',#4516,#4517);
#4516 = CARTESIAN_POINT('',(0.,0.));
#4517 = VECTOR('',#4518,1.);
#4518 = DIRECTION('',(0.,1.));
#4519 = ( GEOMETRIC_REPRESENTATION_CONTEXT(2) 
PARAMETRIC_REPRESENTATION_CONTEXT() REPRESENTATION_CONTEXT('2D SPACE',''
  ) );
#4520 = ORIENTED_EDGE('',*,*,#4521,.F.);
#4521 = EDGE_CURVE('',#4522,#4499,#4524,.T.);
#4522 = VERTEX_POINT('',#4523);
#4523 = CARTESIAN_POINT('',(2.235E+03,-320.,378.));
#4524 = SURFACE_CURVE('',#4525,(#4529,#4536),.PCURVE_S1.);
#4525 = LINE('',#4526,#4527);
#4526 = CARTESIAN_POINT('',(2.235E+03,-350.,378.));
#4527 = VECTOR('',#4528,1.);
#4528 = DIRECTION('',(-0.,1.,0.));
#4529 = PCURVE('',#90,#4530);
#4530 = DEFINITIONAL_REPRESENTATION('',(#4531),#4535);
#4531 = LINE('',#4532,#4533);
#4532 = CARTESIAN_POINT('',(935.,0.));
#4533 = VECTOR('',#4534,1.);
#4534 = DIRECTION('',(0.,1.));
#4535 = ( GEOMETRIC_REPRESENTATION_CONTEXT(2) 
PARAMETRIC_REPRESENTATION_CONTEXT() REPRESENTATION_CONTEXT('2D SPACE',''
  ) );
#4536 = PCURVE('',#2033,#4537);
#4537 = DEFINITIONAL_REPRESENTATION('',(#4538),#4542);
#4538 = LINE('',#4539,#4540);
#4539 = CARTESIAN_POINT('',(0.,0.));
#4540 = VECTOR('',#4541,1.);
#4541 = DIRECTION('',(0.,-1.));
#4542 = ( GEOMETRIC_REPRESENTATION_CONTEXT(2) 
PARAMETRIC_REPRESENTATION_CONTEXT() REPRESENTATION_CONTEXT('2D SPACE',''
  ) );
#4543 = ORIENTED_EDGE('',*,*,#4544,.F.);
#4544 = EDGE_CURVE('',#4545,#4522,#4547,.T.);
#4545 = VERTEX_POINT('',#4546);
#4546 = CARTESIAN_POINT('',(1.935E+03,-320.,378.));
#4547 = SURFACE_CURVE('',#4548,(#4552,#4559),.PCURVE_S1.);
#4548 = LINE('',#4549,#4550);
#4549 = CARTESIAN_POINT('',(1.3E+03,-320.,378.));
#4550 = VECTOR('',#4551,1.);
#4551 = DIRECTION('',(1.,0.,-0.));
#4552 = PCURVE('',#90,#4553);
#4553 = DEFINITIONAL_REPRESENTATION('',(#4554),#4558);
#4554 = LINE('',#4555,#4556);
#4555 = CARTESIAN_POINT('',(0.,30.));
#4556 = VECTOR('',#4557,1.);
#4557 = DIRECTION('',(1.,0.));
#4558 = ( GEOMETRIC_REPRESENTATION_CONTEXT(2) 
PARAMETRIC_REPRESENTATION_CONTEXT() REPRESENTATION_CONTEXT('2D SPACE',''
  ) );
#4559 = PCURVE('',#2061,#4560);
#4560 = DEFINITIONAL_REPRESENTATION('',(#4561),#4565);
#4561 = LINE('',#4562,#4563);
#4562 = CARTESIAN_POINT('',(0.,0.));
#4563 = VECTOR('',#4564,1.);
#4564 = DIRECTION('',(0.,1.));
#4565 = ( GEOMETRIC_REPRESENTATION_CONTEXT(2) 
PARAMETRIC_REPRESENTATION_CONTEXT() REPRESENTATION_CONTEXT('2D SPACE',''
  ) );
#4566 = ORIENTED_EDGE('',*,*,#4567,.T.);
#4567 = EDGE_CURVE('',#4545,#4497,#4568,.T.);
#4568 = SURFACE_CURVE('',#4569,(#4573,#4580),.PCURVE_S1.);
#4569 = LINE('',#4570,#4571);
#4570 = CARTESIAN_POINT('',(1.935E+03,-350.,378.));
#4571 = VECTOR('',#4572,1.);
#4572 = DIRECTION('',(-0.,1.,0.));
#4573 = PCURVE('',#90,#4574);
#4574 = DEFINITIONAL_REPRESENTATION('',(#4575),#4579);
#4575 = LINE('',#4576,#4577);
#4576 = CARTESIAN_POINT('',(635.,0.));
#4577 = VECTOR('',#4578,1.);
#4578 = DIRECTION('',(0.,1.));
#4579 = ( GEOMETRIC_REPRESENTATION_CONTEXT(2) 
PARAMETRIC_REPRESENTATION_CONTEXT() REPRESENTATION_CONTEXT('2D SPACE',''
  ) );
#4580 = PCURVE('',#2087,#4581);
#4581 = DEFINITIONAL_REPRESENTATION('',(#4582),#4586);
#4582 = LINE('',#4583,#4584);
#4583 = CARTESIAN_POINT('',(0.,0.));
#4584 = VECTOR('',#4585,1.);
#4585 = DIRECTION('',(0.,-1.));
#4586 = ( GEOMETRIC_REPRESENTATION_CONTEXT(2) 
PARAMETRIC_REPRESENTATION_CONTEXT() REPRESENTATION_CONTEXT('2D SPACE',''
  ) );
#4587 = FACE_BOUND('',#4588,.F.);
#4588 = EDGE_LOOP('',(#4589,#4614,#4637,#4660));
#4589 = ORIENTED_EDGE('',*,*,#4590,.T.);
#4590 = EDGE_CURVE('',#4591,#4593,#4595,.T.);
#4591 = VERTEX_POINT('',#4592);
#4592 = CARTESIAN_POINT('',(2.265E+03,320.,378.));
#4593 = VERTEX_POINT('',#4594);
#4594 = CARTESIAN_POINT('',(2.47E+03,320.,378.));
#4595 = SURFACE_CURVE('',#4596,(#4600,#4607),.PCURVE_S1.);
#4596 = LINE('',#4597,#4598);
#4597 = CARTESIAN_POINT('',(1.3E+03,320.,378.));
#4598 = VECTOR('',#4599,1.);
#4599 = DIRECTION('',(1.,0.,-0.));
#4600 = PCURVE('',#90,#4601);
#4601 = DEFINITIONAL_REPRESENTATION('',(#4602),#4606);
#4602 = LINE('',#4603,#4604);
#4603 = CARTESIAN_POINT('',(0.,670.));
#4604 = VECTOR('',#4605,1.);
#4605 = DIRECTION('',(1.,0.));
#4606 = ( GEOMETRIC_REPRESENTATION_CONTEXT(2) 
PARAMETRIC_REPRESENTATION_CONTEXT() REPRESENTATION_CONTEXT('2D SPACE',''
  ) );
#4607 = PCURVE('',#2403,#4608);
#4608 = DEFINITIONAL_REPRESENTATION('',(#4609),#4613);
#4609 = LINE('',#4610,#4611);
#4610 = CARTESIAN_POINT('',(0.,0.));
#4611 = VECTOR('',#4612,1.);
#4612 = DIRECTION('',(0.,1.));
#4613 = ( GEOMETRIC_REPRESENTATION_CONTEXT(2) 
PARAMETRIC_REPRESENTATION_CONTEXT() REPRESENTATION_CONTEXT('2D SPACE',''
  ) );
#4614 = ORIENTED_EDGE('',*,*,#4615,.F.);
#4615 = EDGE_CURVE('',#4616,#4593,#4618,.T.);
#4616 = VERTEX_POINT('',#4617);
#4617 = CARTESIAN_POINT('',(2.47E+03,-320.,378.));
#4618 = SURFACE_CURVE('',#4619,(#4623,#4630),.PCURVE_S1.);
#4619 = LINE('',#4620,#4621);
#4620 = CARTESIAN_POINT('',(2.47E+03,-350.,378.));
#4621 = VECTOR('',#4622,1.);
#4622 = DIRECTION('',(-0.,1.,0.));
#4623 = PCURVE('',#90,#4624);
#4624 = DEFINITIONAL_REPRESENTATION('',(#4625),#4629);
#4625 = LINE('',#4626,#4627);
#4626 = CARTESIAN_POINT('',(1.17E+03,0.));
#4627 = VECTOR('',#4628,1.);
#4628 = DIRECTION('',(0.,1.));
#4629 = ( GEOMETRIC_REPRESENTATION_CONTEXT(2) 
PARAMETRIC_REPRESENTATION_CONTEXT() REPRESENTATION_CONTEXT('2D SPACE',''
  ) );
#4630 = PCURVE('',#2429,#4631);
#4631 = DEFINITIONAL_REPRESENTATION('',(#4632),#4636);
#4632 = LINE('',#4633,#4634);
#4633 = CARTESIAN_POINT('',(0.,0.));
#4634 = VECTOR('',#4635,1.);
#4635 = DIRECTION('',(0.,-1.));
#4636 = ( GEOMETRIC_REPRESENTATION_CONTEXT(2) 
PARAMETRIC_REPRESENTATION_CONTEXT() REPRESENTATION_CONTEXT('2D SPACE',''
  ) );
#4637 = ORIENTED_EDGE('',*,*,#4638,.F.);
#4638 = EDGE_CURVE('',#4639,#4616,#4641,.T.);
#4639 = VERTEX_POINT('',#4640);
#4640 = CARTESIAN_POINT('',(2.265E+03,-320.,378.));
#4641 = SURFACE_CURVE('',#4642,(#4646,#4653),.PCURVE_S1.);
#4642 = LINE('',#4643,#4644);
#4643 = CARTESIAN_POINT('',(1.3E+03,-320.,378.));
#4644 = VECTOR('',#4645,1.);
#4645 = DIRECTION('',(1.,0.,-0.));
#4646 = PCURVE('',#90,#4647);
#4647 = DEFINITIONAL_REPRESENTATION('',(#4648),#4652);
#4648 = LINE('',#4649,#4650);
#4649 = CARTESIAN_POINT('',(0.,30.));
#4650 = VECTOR('',#4651,1.);
#4651 = DIRECTION('',(1.,0.));
#4652 = ( GEOMETRIC_REPRESENTATION_CONTEXT(2) 
PARAMETRIC_REPRESENTATION_CONTEXT() REPRESENTATION_CONTEXT('2D SPACE',''
  ) );
#4653 = PCURVE('',#2347,#4654);
#4654 = DEFINITIONAL_REPRESENTATION('',(#4655),#4659);
#4655 = LINE('',#4656,#4657);
#4656 = CARTESIAN_POINT('',(0.,0.));
#4657 = VECTOR('',#4658,1.);
#4658 = DIRECTION('',(0.,1.));
#4659 = ( GEOMETRIC_REPRESENTATION_CONTEXT(2) 
PARAMETRIC_REPRESENTATION_CONTEXT() REPRESENTATION_CONTEXT('2D SPACE',''
  ) );
#4660 = ORIENTED_EDGE('',*,*,#4661,.T.);
#4661 = EDGE_CURVE('',#4639,#4591,#4662,.T.);
#4662 = SURFACE_CURVE('',#4663,(#4667,#4674),.PCURVE_S1.);
#4663 = LINE('',#4664,#4665);
#4664 = CARTESIAN_POINT('',(2.265E+03,-350.,378.));
#4665 = VECTOR('',#4666,1.);
#4666 = DIRECTION('',(-0.,1.,0.));
#4667 = PCURVE('',#90,#4668);
#4668 = DEFINITIONAL_REPRESENTATION('',(#4669),#4673);
#4669 = LINE('',#4670,#4671);
#4670 = CARTESIAN_POINT('',(965.,0.));
#4671 = VECTOR('',#4672,1.);
#4672 = DIRECTION('',(0.,1.));
#4673 = ( GEOMETRIC_REPRESENTATION_CONTEXT(2) 
PARAMETRIC_REPRESENTATION_CONTEXT() REPRESENTATION_CONTEXT('2D SPACE',''
  ) );
#4674 = PCURVE('',#2375,#4675);
#4675 = DEFINITIONAL_REPRESENTATION('',(#4676),#4680);
#4676 = LINE('',#4677,#4678);
#4677 = CARTESIAN_POINT('',(0.,0.));
#4678 = VECTOR('',#4679,1.);
#4679 = DIRECTION('',(0.,-1.));
#4680 = ( GEOMETRIC_REPRESENTATION_CONTEXT(2) 
PARAMETRIC_REPRESENTATION_CONTEXT() REPRESENTATION_CONTEXT('2D SPACE',''
  ) );
#4681 = ADVANCED_FACE('',(#4682),#228,.T.);
#4682 = FACE_BOUND('',#4683,.T.);
#4683 = EDGE_LOOP('',(#4684,#4685,#4708,#4846,#4847,#4848));
#4684 = ORIENTED_EDGE('',*,*,#211,.F.);
#4685 = ORIENTED_EDGE('',*,*,#4686,.T.);
#4686 = EDGE_CURVE('',#212,#4687,#4689,.T.);
#4687 = VERTEX_POINT('',#4688);
#4688 = CARTESIAN_POINT('',(1.171225989953E+03,15.683017782726,
    361.02941776028));
#4689 = SEAM_CURVE('',#4690,(#4694,#4701),.PCURVE_S1.);
#4690 = LINE('',#4691,#4692);
#4691 = CARTESIAN_POINT('',(1.302014735479E+03,340.23286779192,393.));
#4692 = VECTOR('',#4693,1.);
#4693 = DIRECTION('',(-0.372225824476,-0.923671490366,
    -9.098853487188E-02));
#4694 = PCURVE('',#228,#4695);
#4695 = DEFINITIONAL_REPRESENTATION('',(#4696),#4700);
#4696 = LINE('',#4697,#4698);
#4697 = CARTESIAN_POINT('',(0.,-0.));
#4698 = VECTOR('',#4699,1.);
#4699 = DIRECTION('',(0.,1.));
#4700 = ( GEOMETRIC_REPRESENTATION_CONTEXT(2) 
PARAMETRIC_REPRESENTATION_CONTEXT() REPRESENTATION_CONTEXT('2D SPACE',''
  ) );
#4701 = PCURVE('',#228,#4702);
#4702 = DEFINITIONAL_REPRESENTATION('',(#4703),#4707);
#4703 = LINE('',#4704,#4705);
#4704 = CARTESIAN_POINT('',(6.28318530718,-0.));
#4705 = VECTOR('',#4706,1.);
#4706 = DIRECTION('',(0.,1.));
#4707 = ( GEOMETRIC_REPRESENTATION_CONTEXT(2) 
PARAMETRIC_REPRESENTATION_CONTEXT() REPRESENTATION_CONTEXT('2D SPACE',''
  ) );
#4708 = ORIENTED_EDGE('',*,*,#4709,.F.);
#4709 = EDGE_CURVE('',#4687,#4687,#4710,.T.);
#4710 = SURFACE_CURVE('',#4711,(#4716,#4723),.PCURVE_S1.);
#4711 = CIRCLE('',#4712,14.);
#4712 = AXIS2_PLACEMENT_3D('',#4713,#4714,#4715);
#4713 = CARTESIAN_POINT('',(1.184211254474E+03,10.450149990825,
    361.02941776029));
#4714 = DIRECTION('',(-0.372225824476,-0.923671490366,
    -9.098853487188E-02));
#4715 = DIRECTION('',(0.927518894335,-0.373776270851,-6.938893903907E-18
    ));
#4716 = PCURVE('',#228,#4717);
#4717 = DEFINITIONAL_REPRESENTATION('',(#4718),#4722);
#4718 = LINE('',#4719,#4720);
#4719 = CARTESIAN_POINT('',(-3.14159265359,351.36934872867));
#4720 = VECTOR('',#4721,1.);
#4721 = DIRECTION('',(1.,0.));
#4722 = ( GEOMETRIC_REPRESENTATION_CONTEXT(2) 
PARAMETRIC_REPRESENTATION_CONTEXT() REPRESENTATION_CONTEXT('2D SPACE',''
  ) );
#4723 = PCURVE('',#4724,#4729);
#4724 = SPHERICAL_SURFACE('',#4725,18.);
#4725 = AXIS2_PLACEMENT_3D('',#4726,#4727,#4728);
#4726 = CARTESIAN_POINT('',(1.18E+03,0.,360.));
#4727 = DIRECTION('',(0.,0.,1.));
#4728 = DIRECTION('',(1.,0.,-0.));
#4729 = DEFINITIONAL_REPRESENTATION('',(#4730),#4845);
#4730 = B_SPLINE_CURVE_WITH_KNOTS('',8,(#4731,#4732,#4733,#4734,#4735,
    #4736,#4737,#4738,#4739,#4740,#4741,#4742,#4743,#4744,#4745,#4746,
    #4747,#4748,#4749,#4750,#4751,#4752,#4753,#4754,#4755,#4756,#4757,
    #4758,#4759,#4760,#4761,#4762,#4763,#4764,#4765,#4766,#4767,#4768,
    #4769,#4770,#4771,#4772,#4773,#4774,#4775,#4776,#4777,#4778,#4779,
    #4780,#4781,#4782,#4783,#4784,#4785,#4786,#4787,#4788,#4789,#4790,
    #4791,#4792,#4793,#4794,#4795,#4796,#4797,#4798,#4799,#4800,#4801,
    #4802,#4803,#4804,#4805,#4806,#4807,#4808,#4809,#4810,#4811,#4812,
    #4813,#4814,#4815,#4816,#4817,#4818,#4819,#4820,#4821,#4822,#4823,
    #4824,#4825,#4826,#4827,#4828,#4829,#4830,#4831,#4832,#4833,#4834,
    #4835,#4836,#4837,#4838,#4839,#4840,#4841,#4842,#4843,#4844),
  .UNSPECIFIED.,.T.,.F.,(9,7,7,7,7,7,7,7,7,7,7,7,7,7,7,7,9),(
    3.14159265359,3.926990816987,4.270602513474,4.59273847893,
    4.894740946545,5.177868259934,5.708731972538,6.173237721067,
    6.57968025103,6.935317464747,7.24650002675,7.518784768502,
    7.757033917536,8.173969928344,8.48667193645,8.95572494861,
    9.424777960769),.UNSPECIFIED.);
#4731 = CARTESIAN_POINT('',(2.080872931859,5.722109652627E-02));
#4732 = CARTESIAN_POINT('',(2.07545142022,-1.894497956149E-02));
#4733 = CARTESIAN_POINT('',(2.064703898571,-9.473131365891E-02));
#4734 = CARTESIAN_POINT('',(2.04865747486,-0.169698766228));
#4735 = CARTESIAN_POINT('',(2.027057213581,-0.243399086367));
#4736 = CARTESIAN_POINT('',(1.99937599789,-0.315307522432));
#4737 = CARTESIAN_POINT('',(1.964845225739,-0.384786840868));
#4738 = CARTESIAN_POINT('',(1.922317157428,-0.450962553818));
#4739 = CARTESIAN_POINT('',(1.848114786675,-0.539658787746));
#4740 = CARTESIAN_POINT('',(1.823791425701,-0.565796957281));
#4741 = CARTESIAN_POINT('',(1.79763640401,-0.590980836177));
#4742 = CARTESIAN_POINT('',(1.769560692736,-0.615101741809));
#4743 = CARTESIAN_POINT('',(1.739483802439,-0.638039619926));
#4744 = CARTESIAN_POINT('',(1.707346804086,-0.659663085483));
#4745 = CARTESIAN_POINT('',(1.673129999133,-0.679831980566));
#4746 = CARTESIAN_POINT('',(1.602881685839,-0.715815815504));
#4747 = CARTESIAN_POINT('',(1.567097216856,-0.731824100757));
#4748 = CARTESIAN_POINT('',(1.529551876092,-0.74631205176));
#4749 = CARTESIAN_POINT('',(1.490322895837,-0.759161351227));
#4750 = CARTESIAN_POINT('',(1.449546307388,-0.770256662848));
#4751 = CARTESIAN_POINT('',(1.407427330634,-0.779494220251));
#4752 = CARTESIAN_POINT('',(1.364237634839,-0.786791119782));
#4753 = CARTESIAN_POINT('',(1.279089086138,-0.797060884926));
#4754 = CARTESIAN_POINT('',(1.237222048556,-0.800275482802));
#4755 = CARTESIAN_POINT('',(1.194946736958,-0.801689552666));
#4756 = CARTESIAN_POINT('',(1.152553547765,-0.801277806076));
#4757 = CARTESIAN_POINT('',(1.110349099649,-0.799040543343));
#4758 = CARTESIAN_POINT('',(1.068629250096,-0.795004056564));
#4759 = CARTESIAN_POINT('',(1.02765495467,-0.789217320161));
#4760 = CARTESIAN_POINT('',(0.950134648097,-0.774741338799));
#4761 = CARTESIAN_POINT('',(0.913471915491,-0.766256116303));
#4762 = CARTESIAN_POINT('',(0.877835989156,-0.756344186484));
#4763 = CARTESIAN_POINT('',(0.843373362666,-0.745072596439));
#4764 = CARTESIAN_POINT('',(0.810189931202,-0.732517210696));
#4765 = CARTESIAN_POINT('',(0.778353100999,-0.718758145207));
#4766 = CARTESIAN_POINT('',(0.747898679985,-0.703875935819));
#4767 = CARTESIAN_POINT('',(0.664348772013,-0.658087490757));
#4768 = CARTESIAN_POINT('',(0.614758948851,-0.624554419063));
#4769 = CARTESIAN_POINT('',(0.570142569328,-0.587870430213));
#4770 = CARTESIAN_POINT('',(0.530265908686,-0.548535240177));
#4771 = CARTESIAN_POINT('',(0.494762671192,-0.506973480885));
#4772 = CARTESIAN_POINT('',(0.463271053705,-0.463541226979));
#4773 = CARTESIAN_POINT('',(0.435451669214,-0.418538002201));
#4774 = CARTESIAN_POINT('',(0.389628674784,-0.331688692906));
#4775 = CARTESIAN_POINT('',(0.370832744594,-0.290151140252));
#4776 = CARTESIAN_POINT('',(0.35442907255,-0.247776291714));
#4777 = CARTESIAN_POINT('',(0.340248711426,-0.204708333788));
#4778 = CARTESIAN_POINT('',(0.328156644251,-0.161071500742));
#4779 = CARTESIAN_POINT('',(0.318051843279,-0.116975636876));
#4780 = CARTESIAN_POINT('',(0.309865569667,-7.252098463985E-02));
#4781 = CARTESIAN_POINT('',(0.298048433968,1.132654425919E-02));
#4782 = CARTESIAN_POINT('',(0.293976055382,5.065752581496E-02));
#4783 = CARTESIAN_POINT('',(0.291322601362,9.012720242892E-02));
#4784 = CARTESIAN_POINT('',(0.290084599532,0.129675165204));
#4785 = CARTESIAN_POINT('',(0.290278643569,0.169242107856));
#4786 = CARTESIAN_POINT('',(0.291942719309,0.20876761961));
#4787 = CARTESIAN_POINT('',(0.295138678694,0.248187699178));
#4788 = CARTESIAN_POINT('',(0.304170896577,0.321770744095));
#4789 = CARTESIAN_POINT('',(0.309627154667,0.35597489475));
#4790 = CARTESIAN_POINT('',(0.316384652523,0.389997300214));
#4791 = CARTESIAN_POINT('',(0.324519193803,0.423786911373));
#4792 = CARTESIAN_POINT('',(0.334124934845,0.457287354782));
#4793 = CARTESIAN_POINT('',(0.34531675958,0.490434887774));
#4794 = CARTESIAN_POINT('',(0.358232463665,0.523155725456));
#4795 = CARTESIAN_POINT('',(0.385986746449,0.583543876934));
#4796 = CARTESIAN_POINT('',(0.40038313349,0.611331611117));
#4797 = CARTESIAN_POINT('',(0.416332714603,0.638667572971));
#4798 = CARTESIAN_POINT('',(0.433958708449,0.665485463572));
#4799 = CARTESIAN_POINT('',(0.453398454145,0.691709490821));
#4800 = CARTESIAN_POINT('',(0.474803130868,0.717252041908));
#4801 = CARTESIAN_POINT('',(0.498332608464,0.742011461513));
#4802 = CARTESIAN_POINT('',(0.546722494972,0.786747731718));
#4803 = CARTESIAN_POINT('',(0.571048861986,0.806935539965));
#4804 = CARTESIAN_POINT('',(0.597222705302,0.826355901786));
#4805 = CARTESIAN_POINT('',(0.625342788471,0.844921573165));
#4806 = CARTESIAN_POINT('',(0.65549722293,0.862535927728));
#4807 = CARTESIAN_POINT('',(0.687748865391,0.879093123573));
#4808 = CARTESIAN_POINT('',(0.722115766344,0.894480456024));
#4809 = CARTESIAN_POINT('',(0.790429887097,0.920925441868));
#4810 = CARTESIAN_POINT('',(0.823892618179,0.932283881585));
#4811 = CARTESIAN_POINT('',(0.858906059947,0.942583713139));
#4812 = CARTESIAN_POINT('',(0.895400165025,0.951748523847));
#4813 = CARTESIAN_POINT('',(0.933256459961,0.959704245624));
#4814 = CARTESIAN_POINT('',(0.97230087086,0.966384184386));
#4815 = CARTESIAN_POINT('',(1.012306264552,0.971734398427));
#4816 = CARTESIAN_POINT('',(1.124244614587,0.982687785069));
#4817 = CARTESIAN_POINT('',(1.197620322415,0.985471072686));
#4818 = CARTESIAN_POINT('',(1.271734026698,0.983867387623));
#4819 = CARTESIAN_POINT('',(1.344865124519,0.97782631256));
#4820 = CARTESIAN_POINT('',(1.415192955148,0.967521493605));
#4821 = CARTESIAN_POINT('',(1.481581374,0.95330933353));
#4822 = CARTESIAN_POINT('',(1.543405948594,0.935590519481));
#4823 = CARTESIAN_POINT('',(1.64319472626,0.89916074688));
#4824 = CARTESIAN_POINT('',(1.683260045938,0.881805197383));
#4825 = CARTESIAN_POINT('',(1.720522665887,0.862878781094));
#4826 = CARTESIAN_POINT('',(1.755004104218,0.84255454201));
#4827 = CARTESIAN_POINT('',(1.786806002137,0.820993242369));
#4828 = CARTESIAN_POINT('',(1.816070580787,0.798338872521));
#4829 = CARTESIAN_POINT('',(1.842952387821,0.774719041169));
#4830 = CARTESIAN_POINT('',(1.904594846235,0.71353697251));
#4831 = CARTESIAN_POINT('',(1.936574317175,0.674908484582));
#4832 = CARTESIAN_POINT('',(1.964079525186,0.634740388661));
#4833 = CARTESIAN_POINT('',(1.987651216599,0.593335498916));
#4834 = CARTESIAN_POINT('',(2.007739975952,0.5509315003));
#4835 = CARTESIAN_POINT('',(2.024719343457,0.507722968791));
#4836 = CARTESIAN_POINT('',(2.038889780235,0.463871765527));
#4837 = CARTESIAN_POINT('',(2.062090729168,0.375162526496));
#4838 = CARTESIAN_POINT('',(2.071121211947,0.330304526219));
#4839 = CARTESIAN_POINT('',(2.077820696431,0.285082156913));
#4840 = CARTESIAN_POINT('',(2.082365781469,0.23961216124));
#4841 = CARTESIAN_POINT('',(2.084881440008,0.193997086653));
#4842 = CARTESIAN_POINT('',(2.085448916052,0.148331845316));
#4843 = CARTESIAN_POINT('',(2.084110749929,0.102708760081));
#4844 = CARTESIAN_POINT('',(2.080872931859,5.722109652627E-02));
#4845 = ( GEOMETRIC_REPRESENTATION_CONTEXT(2) 
PARAMETRIC_REPRESENTATION_CONTEXT() REPRESENTATION_CONTEXT('2D SPACE',''
  ) );
#4846 = ORIENTED_EDGE('',*,*,#4686,.F.);
#4847 = ORIENTED_EDGE('',*,*,#267,.F.);
#4848 = ORIENTED_EDGE('',*,*,#4010,.F.);
#4849 = ADVANCED_FACE('',(#4850),#119,.T.);
#4850 = FACE_BOUND('',#4851,.T.);
#4851 = EDGE_LOOP('',(#4852,#4875,#4876,#4877,#4878,#4879));
#4852 = ORIENTED_EDGE('',*,*,#4853,.F.);
#4853 = EDGE_CURVE('',#103,#4854,#4856,.T.);
#4854 = VERTEX_POINT('',#4855);
#4855 = CARTESIAN_POINT('',(1.197196518995E+03,-5.217282198924,
    361.02941776029));
#4856 = SEAM_CURVE('',#4857,(#4861,#4868),.PCURVE_S1.);
#4857 = LINE('',#4858,#4859);
#4858 = CARTESIAN_POINT('',(1.327985264521E+03,-329.767132208,393.));
#4859 = VECTOR('',#4860,1.);
#4860 = DIRECTION('',(-0.372225824476,0.923671490366,-9.098853487188E-02
    ));
#4861 = PCURVE('',#119,#4862);
#4862 = DEFINITIONAL_REPRESENTATION('',(#4863),#4867);
#4863 = LINE('',#4864,#4865);
#4864 = CARTESIAN_POINT('',(0.,-0.));
#4865 = VECTOR('',#4866,1.);
#4866 = DIRECTION('',(0.,1.));
#4867 = ( GEOMETRIC_REPRESENTATION_CONTEXT(2) 
PARAMETRIC_REPRESENTATION_CONTEXT() REPRESENTATION_CONTEXT('2D SPACE',''
  ) );
#4868 = PCURVE('',#119,#4869);
#4869 = DEFINITIONAL_REPRESENTATION('',(#4870),#4874);
#4870 = LINE('',#4871,#4872);
#4871 = CARTESIAN_POINT('',(6.28318530718,-0.));
#4872 = VECTOR('',#4873,1.);
#4873 = DIRECTION('',(0.,1.));
#4874 = ( GEOMETRIC_REPRESENTATION_CONTEXT(2) 
PARAMETRIC_REPRESENTATION_CONTEXT() REPRESENTATION_CONTEXT('2D SPACE',''
  ) );
#4875 = ORIENTED_EDGE('',*,*,#158,.F.);
#4876 = ORIENTED_EDGE('',*,*,#4074,.F.);
#4877 = ORIENTED_EDGE('',*,*,#102,.F.);
#4878 = ORIENTED_EDGE('',*,*,#4853,.T.);
#4879 = ORIENTED_EDGE('',*,*,#4880,.F.);
#4880 = EDGE_CURVE('',#4854,#4854,#4881,.T.);
#4881 = SURFACE_CURVE('',#4882,(#4887,#4894),.PCURVE_S1.);
#4882 = CIRCLE('',#4883,14.);
#4883 = AXIS2_PLACEMENT_3D('',#4884,#4885,#4886);
#4884 = CARTESIAN_POINT('',(1.184211254474E+03,-10.45014999082,
    361.02941776029));
#4885 = DIRECTION('',(-0.372225824476,0.923671490366,-9.098853487188E-02
    ));
#4886 = DIRECTION('',(-0.927518894335,-0.373776270851,6.938893903907E-18
    ));
#4887 = PCURVE('',#119,#4888);
#4888 = DEFINITIONAL_REPRESENTATION('',(#4889),#4893);
#4889 = LINE('',#4890,#4891);
#4890 = CARTESIAN_POINT('',(-3.14159265359,351.36934872867));
#4891 = VECTOR('',#4892,1.);
#4892 = DIRECTION('',(1.,0.));
#4893 = ( GEOMETRIC_REPRESENTATION_CONTEXT(2) 
PARAMETRIC_REPRESENTATION_CONTEXT() REPRESENTATION_CONTEXT('2D SPACE',''
  ) );
#4894 = PCURVE('',#4724,#4895);
#4895 = DEFINITIONAL_REPRESENTATION('',(#4896),#5011);
#4896 = B_SPLINE_CURVE_WITH_KNOTS('',8,(#4897,#4898,#4899,#4900,#4901,
    #4902,#4903,#4904,#4905,#4906,#4907,#4908,#4909,#4910,#4911,#4912,
    #4913,#4914,#4915,#4916,#4917,#4918,#4919,#4920,#4921,#4922,#4923,
    #4924,#4925,#4926,#4927,#4928,#4929,#4930,#4931,#4932,#4933,#4934,
    #4935,#4936,#4937,#4938,#4939,#4940,#4941,#4942,#4943,#4944,#4945,
    #4946,#4947,#4948,#4949,#4950,#4951,#4952,#4953,#4954,#4955,#4956,
    #4957,#4958,#4959,#4960,#4961,#4962,#4963,#4964,#4965,#4966,#4967,
    #4968,#4969,#4970,#4971,#4972,#4973,#4974,#4975,#4976,#4977,#4978,
    #4979,#4980,#4981,#4982,#4983,#4984,#4985,#4986,#4987,#4988,#4989,
    #4990,#4991,#4992,#4993,#4994,#4995,#4996,#4997,#4998,#4999,#5000,
    #5001,#5002,#5003,#5004,#5005,#5006,#5007,#5008,#5009,#5010),
  .UNSPECIFIED.,.T.,.F.,(9,7,7,7,7,7,7,7,7,7,7,7,7,7,7,7,9),(
    3.14159265359,3.926990816987,4.270602513474,4.59273847893,
    4.894740946544,5.177868259934,5.708731972538,6.173237721067,
    6.57968025103,6.935317464747,7.24650002675,7.518784768502,
    7.757033917536,8.173969928344,8.48667193645,8.95572494861,
    9.424777960769),.UNSPECIFIED.);
#4897 = CARTESIAN_POINT('',(5.988619716523,5.722109652626E-02));
#4898 = CARTESIAN_POINT('',(5.983198204883,-1.894497956149E-02));
#4899 = CARTESIAN_POINT('',(5.972450683231,-9.473131365846E-02));
#4900 = CARTESIAN_POINT('',(5.956404259523,-0.169698766229));
#4901 = CARTESIAN_POINT('',(5.934803998236,-0.243399086365));
#4902 = CARTESIAN_POINT('',(5.907122782537,-0.315307522434));
#4903 = CARTESIAN_POINT('',(5.872592010403,-0.384786840868));
#4904 = CARTESIAN_POINT('',(5.830063942092,-0.450962553818));
#4905 = CARTESIAN_POINT('',(5.755861571339,-0.539658787746));
#4906 = CARTESIAN_POINT('',(5.731538210365,-0.565796957281));
#4907 = CARTESIAN_POINT('',(5.705383188673,-0.590980836177));
#4908 = CARTESIAN_POINT('',(5.6773074774,-0.615101741809));
#4909 = CARTESIAN_POINT('',(5.647230587104,-0.638039619926));
#4910 = CARTESIAN_POINT('',(5.615093588749,-0.659663085483));
#4911 = CARTESIAN_POINT('',(5.580876783796,-0.679831980566));
#4912 = CARTESIAN_POINT('',(5.510628470503,-0.715815815504));
#4913 = CARTESIAN_POINT('',(5.47484400152,-0.731824100757));
#4914 = CARTESIAN_POINT('',(5.437298660756,-0.74631205176));
#4915 = CARTESIAN_POINT('',(5.398069680501,-0.759161351227));
#4916 = CARTESIAN_POINT('',(5.357293092052,-0.770256662848));
#4917 = CARTESIAN_POINT('',(5.315174115298,-0.779494220251));
#4918 = CARTESIAN_POINT('',(5.271984419503,-0.786791119782));
#4919 = CARTESIAN_POINT('',(5.186835870802,-0.797060884926));
#4920 = CARTESIAN_POINT('',(5.144968833219,-0.800275482802));
#4921 = CARTESIAN_POINT('',(5.102693521623,-0.801689552666));
#4922 = CARTESIAN_POINT('',(5.06030033243,-0.801277806076));
#4923 = CARTESIAN_POINT('',(5.018095884313,-0.799040543343));
#4924 = CARTESIAN_POINT('',(4.97637603476,-0.795004056564));
#4925 = CARTESIAN_POINT('',(4.935401739333,-0.789217320161));
#4926 = CARTESIAN_POINT('',(4.85788143276,-0.774741338799));
#4927 = CARTESIAN_POINT('',(4.821218700155,-0.766256116303));
#4928 = CARTESIAN_POINT('',(4.78558277382,-0.756344186484));
#4929 = CARTESIAN_POINT('',(4.751120147331,-0.745072596439));
#4930 = CARTESIAN_POINT('',(4.717936715867,-0.732517210696));
#4931 = CARTESIAN_POINT('',(4.686099885663,-0.718758145207));
#4932 = CARTESIAN_POINT('',(4.655645464649,-0.703875935819));
#4933 = CARTESIAN_POINT('',(4.572095556676,-0.658087490757));
#4934 = CARTESIAN_POINT('',(4.522505733513,-0.624554419064));
#4935 = CARTESIAN_POINT('',(4.477889353999,-0.587870430212));
#4936 = CARTESIAN_POINT('',(4.438012693328,-0.54853524018));
#4937 = CARTESIAN_POINT('',(4.402509455856,-0.506973480885));
#4938 = CARTESIAN_POINT('',(4.371017838365,-0.463541226981));
#4939 = CARTESIAN_POINT('',(4.343198453878,-0.418538002201));
#4940 = CARTESIAN_POINT('',(4.297375459448,-0.331688692906));
#4941 = CARTESIAN_POINT('',(4.278579529258,-0.290151140252));
#4942 = CARTESIAN_POINT('',(4.262175857213,-0.247776291714));
#4943 = CARTESIAN_POINT('',(4.24799549609,-0.204708333788));
#4944 = CARTESIAN_POINT('',(4.235903428916,-0.161071500742));
#4945 = CARTESIAN_POINT('',(4.225798627943,-0.116975636876));
#4946 = CARTESIAN_POINT('',(4.217612354331,-7.252098463985E-02));
#4947 = CARTESIAN_POINT('',(4.205795218632,1.132654425919E-02));
#4948 = CARTESIAN_POINT('',(4.201722840045,5.065752581496E-02));
#4949 = CARTESIAN_POINT('',(4.199069386026,9.012720242892E-02));
#4950 = CARTESIAN_POINT('',(4.197831384196,0.129675165204));
#4951 = CARTESIAN_POINT('',(4.198025428233,0.169242107856));
#4952 = CARTESIAN_POINT('',(4.199689503973,0.20876761961));
#4953 = CARTESIAN_POINT('',(4.202885463358,0.248187699178));
#4954 = CARTESIAN_POINT('',(4.211917681241,0.321770744095));
#4955 = CARTESIAN_POINT('',(4.217373939331,0.35597489475));
#4956 = CARTESIAN_POINT('',(4.224131437187,0.389997300214));
#4957 = CARTESIAN_POINT('',(4.232265978467,0.423786911373));
#4958 = CARTESIAN_POINT('',(4.241871719509,0.457287354782));
#4959 = CARTESIAN_POINT('',(4.253063544244,0.490434887774));
#4960 = CARTESIAN_POINT('',(4.265979248328,0.523155725456));
#4961 = CARTESIAN_POINT('',(4.293733531113,0.583543876934));
#4962 = CARTESIAN_POINT('',(4.308129918153,0.611331611117));
#4963 = CARTESIAN_POINT('',(4.324079499267,0.638667572971));
#4964 = CARTESIAN_POINT('',(4.341705493113,0.665485463572));
#4965 = CARTESIAN_POINT('',(4.361145238809,0.691709490822));
#4966 = CARTESIAN_POINT('',(4.382549915532,0.717252041908));
#4967 = CARTESIAN_POINT('',(4.406079393128,0.742011461513));
#4968 = CARTESIAN_POINT('',(4.454469279636,0.786747731718));
#4969 = CARTESIAN_POINT('',(4.47879564665,0.806935539965));
#4970 = CARTESIAN_POINT('',(4.504969489967,0.826355901786));
#4971 = CARTESIAN_POINT('',(4.533089573135,0.844921573165));
#4972 = CARTESIAN_POINT('',(4.563244007593,0.862535927728));
#4973 = CARTESIAN_POINT('',(4.595495650055,0.879093123573));
#4974 = CARTESIAN_POINT('',(4.629862551008,0.894480456024));
#4975 = CARTESIAN_POINT('',(4.698176671761,0.920925441868));
#4976 = CARTESIAN_POINT('',(4.731639402842,0.932283881585));
#4977 = CARTESIAN_POINT('',(4.76665284461,0.942583713139));
#4978 = CARTESIAN_POINT('',(4.803146949689,0.951748523847));
#4979 = CARTESIAN_POINT('',(4.841003244625,0.959704245624));
#4980 = CARTESIAN_POINT('',(4.880047655524,0.966384184386));
#4981 = CARTESIAN_POINT('',(4.920053049216,0.971734398427));
#4982 = CARTESIAN_POINT('',(5.03199139925,0.982687785069));
#4983 = CARTESIAN_POINT('',(5.105367107078,0.985471072687));
#4984 = CARTESIAN_POINT('',(5.179480811361,0.983867387624));
#4985 = CARTESIAN_POINT('',(5.252611909164,0.977826312561));
#4986 = CARTESIAN_POINT('',(5.32293973981,0.967521493608));
#4987 = CARTESIAN_POINT('',(5.389328158662,0.95330933353));
#4988 = CARTESIAN_POINT('',(5.451152733258,0.935590519481));
#4989 = CARTESIAN_POINT('',(5.550941510924,0.89916074688));
#4990 = CARTESIAN_POINT('',(5.591006830602,0.881805197383));
#4991 = CARTESIAN_POINT('',(5.628269450549,0.862878781093));
#4992 = CARTESIAN_POINT('',(5.662750888881,0.84255454201));
#4993 = CARTESIAN_POINT('',(5.694552786802,0.820993242369));
#4994 = CARTESIAN_POINT('',(5.723817365451,0.798338872521));
#4995 = CARTESIAN_POINT('',(5.750699172485,0.774719041169));
#4996 = CARTESIAN_POINT('',(5.812341630899,0.71353697251));
#4997 = CARTESIAN_POINT('',(5.844321101839,0.674908484582));
#4998 = CARTESIAN_POINT('',(5.871826309831,0.634740388662));
#4999 = CARTESIAN_POINT('',(5.89539800127,0.593335498913));
#5000 = CARTESIAN_POINT('',(5.915486760608,0.550931500299));
#5001 = CARTESIAN_POINT('',(5.932466128117,0.507722968792));
#5002 = CARTESIAN_POINT('',(5.946636564899,0.463871765527));
#5003 = CARTESIAN_POINT('',(5.969837513832,0.375162526496));
#5004 = CARTESIAN_POINT('',(5.97886799661,0.330304526219));
#5005 = CARTESIAN_POINT('',(5.985567481095,0.285082156913));
#5006 = CARTESIAN_POINT('',(5.990112566133,0.23961216124));
#5007 = CARTESIAN_POINT('',(5.992628224671,0.193997086653));
#5008 = CARTESIAN_POINT('',(5.993195700716,0.148331845316));
#5009 = CARTESIAN_POINT('',(5.991857534593,0.102708760081));
#5010 = CARTESIAN_POINT('',(5.988619716523,5.722109652626E-02));
#5011 = ( GEOMETRIC_REPRESENTATION_CONTEXT(2) 
PARAMETRIC_REPRESENTATION_CONTEXT() REPRESENTATION_CONTEXT('2D SPACE',''
  ) );
#5012 = ADVANCED_FACE('',(#5013),#550,.F.);
#5013 = FACE_BOUND('',#5014,.F.);
#5014 = EDGE_LOOP('',(#5015,#5016,#5039,#5060));
#5015 = ORIENTED_EDGE('',*,*,#536,.F.);
#5016 = ORIENTED_EDGE('',*,*,#5017,.T.);
#5017 = EDGE_CURVE('',#509,#5018,#5020,.T.);
#5018 = VERTEX_POINT('',#5019);
#5019 = CARTESIAN_POINT('',(1.875E+03,-345.,218.));
#5020 = SURFACE_CURVE('',#5021,(#5025,#5032),.PCURVE_S1.);
#5021 = LINE('',#5022,#5023);
#5022 = CARTESIAN_POINT('',(1.875E+03,-350.,218.));
#5023 = VECTOR('',#5024,1.);
#5024 = DIRECTION('',(-0.,1.,0.));
#5025 = PCURVE('',#550,#5026);
#5026 = DEFINITIONAL_REPRESENTATION('',(#5027),#5031);
#5027 = LINE('',#5028,#5029);
#5028 = CARTESIAN_POINT('',(0.,0.));
#5029 = VECTOR('',#5030,1.);
#5030 = DIRECTION('',(0.,-1.));
#5031 = ( GEOMETRIC_REPRESENTATION_CONTEXT(2) 
PARAMETRIC_REPRESENTATION_CONTEXT() REPRESENTATION_CONTEXT('2D SPACE',''
  ) );
#5032 = PCURVE('',#524,#5033);
#5033 = DEFINITIONAL_REPRESENTATION('',(#5034),#5038);
#5034 = LINE('',#5035,#5036);
#5035 = CARTESIAN_POINT('',(0.,0.));
#5036 = VECTOR('',#5037,1.);
#5037 = DIRECTION('',(0.,1.));
#5038 = ( GEOMETRIC_REPRESENTATION_CONTEXT(2) 
PARAMETRIC_REPRESENTATION_CONTEXT() REPRESENTATION_CONTEXT('2D SPACE',''
  ) );
#5039 = ORIENTED_EDGE('',*,*,#5040,.T.);
#5040 = EDGE_CURVE('',#5018,#4140,#5041,.T.);
#5041 = SURFACE_CURVE('',#5042,(#5046,#5053),.PCURVE_S1.);
#5042 = LINE('',#5043,#5044);
#5043 = CARTESIAN_POINT('',(1.875E+03,-345.,218.));
#5044 = VECTOR('',#5045,1.);
#5045 = DIRECTION('',(0.,0.,1.));
#5046 = PCURVE('',#550,#5047);
#5047 = DEFINITIONAL_REPRESENTATION('',(#5048),#5052);
#5048 = LINE('',#5049,#5050);
#5049 = CARTESIAN_POINT('',(0.,-5.));
#5050 = VECTOR('',#5051,1.);
#5051 = DIRECTION('',(1.,0.));
#5052 = ( GEOMETRIC_REPRESENTATION_CONTEXT(2) 
PARAMETRIC_REPRESENTATION_CONTEXT() REPRESENTATION_CONTEXT('2D SPACE',''
  ) );
#5053 = PCURVE('',#4178,#5054);
#5054 = DEFINITIONAL_REPRESENTATION('',(#5055),#5059);
#5055 = LINE('',#5056,#5057);
#5056 = CARTESIAN_POINT('',(0.,0.));
#5057 = VECTOR('',#5058,1.);
#5058 = DIRECTION('',(1.,0.));
#5059 = ( GEOMETRIC_REPRESENTATION_CONTEXT(2) 
PARAMETRIC_REPRESENTATION_CONTEXT() REPRESENTATION_CONTEXT('2D SPACE',''
  ) );
#5060 = ORIENTED_EDGE('',*,*,#4139,.F.);
#5061 = ADVANCED_FACE('',(#5062),#524,.F.);
#5062 = FACE_BOUND('',#5063,.F.);
#5063 = EDGE_LOOP('',(#5064,#5065,#5066,#5089));
#5064 = ORIENTED_EDGE('',*,*,#5017,.F.);
#5065 = ORIENTED_EDGE('',*,*,#508,.T.);
#5066 = ORIENTED_EDGE('',*,*,#5067,.T.);
#5067 = EDGE_CURVE('',#481,#5068,#5070,.T.);
#5068 = VERTEX_POINT('',#5069);
#5069 = CARTESIAN_POINT('',(1.965E+03,-345.,218.));
#5070 = SURFACE_CURVE('',#5071,(#5075,#5082),.PCURVE_S1.);
#5071 = LINE('',#5072,#5073);
#5072 = CARTESIAN_POINT('',(1.965E+03,-350.,218.));
#5073 = VECTOR('',#5074,1.);
#5074 = DIRECTION('',(-0.,1.,0.));
#5075 = PCURVE('',#524,#5076);
#5076 = DEFINITIONAL_REPRESENTATION('',(#5077),#5081);
#5077 = LINE('',#5078,#5079);
#5078 = CARTESIAN_POINT('',(90.,0.));
#5079 = VECTOR('',#5080,1.);
#5080 = DIRECTION('',(0.,1.));
#5081 = ( GEOMETRIC_REPRESENTATION_CONTEXT(2) 
PARAMETRIC_REPRESENTATION_CONTEXT() REPRESENTATION_CONTEXT('2D SPACE',''
  ) );
#5082 = PCURVE('',#496,#5083);
#5083 = DEFINITIONAL_REPRESENTATION('',(#5084),#5088);
#5084 = LINE('',#5085,#5086);
#5085 = CARTESIAN_POINT('',(0.,0.));
#5086 = VECTOR('',#5087,1.);
#5087 = DIRECTION('',(0.,-1.));
#5088 = ( GEOMETRIC_REPRESENTATION_CONTEXT(2) 
PARAMETRIC_REPRESENTATION_CONTEXT() REPRESENTATION_CONTEXT('2D SPACE',''
  ) );
#5089 = ORIENTED_EDGE('',*,*,#5090,.F.);
#5090 = EDGE_CURVE('',#5018,#5068,#5091,.T.);
#5091 = SURFACE_CURVE('',#5092,(#5096,#5103),.PCURVE_S1.);
#5092 = LINE('',#5093,#5094);
#5093 = CARTESIAN_POINT('',(1.875E+03,-345.,218.));
#5094 = VECTOR('',#5095,1.);
#5095 = DIRECTION('',(1.,0.,-0.));
#5096 = PCURVE('',#524,#5097);
#5097 = DEFINITIONAL_REPRESENTATION('',(#5098),#5102);
#5098 = LINE('',#5099,#5100);
#5099 = CARTESIAN_POINT('',(0.,5.));
#5100 = VECTOR('',#5101,1.);
#5101 = DIRECTION('',(1.,0.));
#5102 = ( GEOMETRIC_REPRESENTATION_CONTEXT(2) 
PARAMETRIC_REPRESENTATION_CONTEXT() REPRESENTATION_CONTEXT('2D SPACE',''
  ) );
#5103 = PCURVE('',#4178,#5104);
#5104 = DEFINITIONAL_REPRESENTATION('',(#5105),#5109);
#5105 = LINE('',#5106,#5107);
#5106 = CARTESIAN_POINT('',(0.,0.));
#5107 = VECTOR('',#5108,1.);
#5108 = DIRECTION('',(0.,1.));
#5109 = ( GEOMETRIC_REPRESENTATION_CONTEXT(2) 
PARAMETRIC_REPRESENTATION_CONTEXT() REPRESENTATION_CONTEXT('2D SPACE',''
  ) );
#5110 = ADVANCED_FACE('',(#5111),#445,.T.);
#5111 = FACE_BOUND('',#5112,.T.);
#5112 = EDGE_LOOP('',(#5113,#5114,#5115,#5116));
#5113 = ORIENTED_EDGE('',*,*,#429,.F.);
#5114 = ORIENTED_EDGE('',*,*,#4212,.F.);
#5115 = ORIENTED_EDGE('',*,*,#2469,.T.);
#5116 = ORIENTED_EDGE('',*,*,#1941,.F.);
#5117 = ADVANCED_FACE('',(#5118),#496,.T.);
#5118 = FACE_BOUND('',#5119,.T.);
#5119 = EDGE_LOOP('',(#5120,#5121,#5122,#5143));
#5120 = ORIENTED_EDGE('',*,*,#480,.F.);
#5121 = ORIENTED_EDGE('',*,*,#5067,.T.);
#5122 = ORIENTED_EDGE('',*,*,#5123,.T.);
#5123 = EDGE_CURVE('',#5068,#4163,#5124,.T.);
#5124 = SURFACE_CURVE('',#5125,(#5129,#5136),.PCURVE_S1.);
#5125 = LINE('',#5126,#5127);
#5126 = CARTESIAN_POINT('',(1.965E+03,-345.,218.));
#5127 = VECTOR('',#5128,1.);
#5128 = DIRECTION('',(0.,0.,1.));
#5129 = PCURVE('',#496,#5130);
#5130 = DEFINITIONAL_REPRESENTATION('',(#5131),#5135);
#5131 = LINE('',#5132,#5133);
#5132 = CARTESIAN_POINT('',(0.,-5.));
#5133 = VECTOR('',#5134,1.);
#5134 = DIRECTION('',(1.,0.));
#5135 = ( GEOMETRIC_REPRESENTATION_CONTEXT(2) 
PARAMETRIC_REPRESENTATION_CONTEXT() REPRESENTATION_CONTEXT('2D SPACE',''
  ) );
#5136 = PCURVE('',#4178,#5137);
#5137 = DEFINITIONAL_REPRESENTATION('',(#5138),#5142);
#5138 = LINE('',#5139,#5140);
#5139 = CARTESIAN_POINT('',(0.,90.));
#5140 = VECTOR('',#5141,1.);
#5141 = DIRECTION('',(1.,0.));
#5142 = ( GEOMETRIC_REPRESENTATION_CONTEXT(2) 
PARAMETRIC_REPRESENTATION_CONTEXT() REPRESENTATION_CONTEXT('2D SPACE',''
  ) );
#5143 = ORIENTED_EDGE('',*,*,#4190,.F.);
#5144 = ADVANCED_FACE('',(#5145),#676,.T.);
#5145 = FACE_BOUND('',#5146,.T.);
#5146 = EDGE_LOOP('',(#5147,#5148,#5149,#5173,#5195));
#5147 = ORIENTED_EDGE('',*,*,#564,.T.);
#5148 = ORIENTED_EDGE('',*,*,#735,.T.);
#5149 = ORIENTED_EDGE('',*,*,#5150,.F.);
#5150 = EDGE_CURVE('',#5151,#565,#5153,.T.);
#5151 = VERTEX_POINT('',#5152);
#5152 = CARTESIAN_POINT('',(1.45E+03,-356.,381.));
#5153 = SEAM_CURVE('',#5154,(#5159,#5166),.PCURVE_S1.);
#5154 = CIRCLE('',#5155,12.);
#5155 = AXIS2_PLACEMENT_3D('',#5156,#5157,#5158);
#5156 = CARTESIAN_POINT('',(1.45E+03,-356.,393.));
#5157 = DIRECTION('',(1.,-0.,2.22044604925E-16));
#5158 = DIRECTION('',(2.22044604925E-16,0.,-1.));
#5159 = PCURVE('',#676,#5160);
#5160 = DEFINITIONAL_REPRESENTATION('',(#5161),#5165);
#5161 = LINE('',#5162,#5163);
#5162 = CARTESIAN_POINT('',(0.,6.28318530718));
#5163 = VECTOR('',#5164,1.);
#5164 = DIRECTION('',(1.,0.));
#5165 = ( GEOMETRIC_REPRESENTATION_CONTEXT(2) 
PARAMETRIC_REPRESENTATION_CONTEXT() REPRESENTATION_CONTEXT('2D SPACE',''
  ) );
#5166 = PCURVE('',#676,#5167);
#5167 = DEFINITIONAL_REPRESENTATION('',(#5168),#5172);
#5168 = LINE('',#5169,#5170);
#5169 = CARTESIAN_POINT('',(0.,0.));
#5170 = VECTOR('',#5171,1.);
#5171 = DIRECTION('',(1.,0.));
#5172 = ( GEOMETRIC_REPRESENTATION_CONTEXT(2) 
PARAMETRIC_REPRESENTATION_CONTEXT() REPRESENTATION_CONTEXT('2D SPACE',''
  ) );
#5173 = ORIENTED_EDGE('',*,*,#5174,.F.);
#5174 = EDGE_CURVE('',#5151,#5151,#5175,.T.);
#5175 = SURFACE_CURVE('',#5176,(#5181,#5188),.PCURVE_S1.);
#5176 = CIRCLE('',#5177,3.);
#5177 = AXIS2_PLACEMENT_3D('',#5178,#5179,#5180);
#5178 = CARTESIAN_POINT('',(1.45E+03,-356.,384.));
#5179 = DIRECTION('',(-5.438524293788E-32,-1.,2.449293598295E-16));
#5180 = DIRECTION('',(2.22044604925E-16,-2.449293598295E-16,-1.));
#5181 = PCURVE('',#676,#5182);
#5182 = DEFINITIONAL_REPRESENTATION('',(#5183),#5187);
#5183 = LINE('',#5184,#5185);
#5184 = CARTESIAN_POINT('',(0.,-0.));
#5185 = VECTOR('',#5186,1.);
#5186 = DIRECTION('',(0.,1.));
#5187 = ( GEOMETRIC_REPRESENTATION_CONTEXT(2) 
PARAMETRIC_REPRESENTATION_CONTEXT() REPRESENTATION_CONTEXT('2D SPACE',''
  ) );
#5188 = PCURVE('',#993,#5189);
#5189 = DEFINITIONAL_REPRESENTATION('',(#5190),#5194);
#5190 = LINE('',#5191,#5192);
#5191 = CARTESIAN_POINT('',(6.28318530718,-0.));
#5192 = VECTOR('',#5193,1.);
#5193 = DIRECTION('',(0.,1.));
#5194 = ( GEOMETRIC_REPRESENTATION_CONTEXT(2) 
PARAMETRIC_REPRESENTATION_CONTEXT() REPRESENTATION_CONTEXT('2D SPACE',''
  ) );
#5195 = ORIENTED_EDGE('',*,*,#5150,.T.);
#5196 = ADVANCED_FACE('',(#5197),#993,.T.);
#5197 = FACE_BOUND('',#5198,.T.);
#5198 = EDGE_LOOP('',(#5199,#5200,#5222,#5223,#5224));
#5199 = ORIENTED_EDGE('',*,*,#1052,.F.);
#5200 = ORIENTED_EDGE('',*,*,#5201,.T.);
#5201 = EDGE_CURVE('',#882,#5151,#5202,.T.);
#5202 = SEAM_CURVE('',#5203,(#5208,#5215),.PCURVE_S1.);
#5203 = CIRCLE('',#5204,12.);
#5204 = AXIS2_PLACEMENT_3D('',#5205,#5206,#5207);
#5205 = CARTESIAN_POINT('',(1.45E+03,-356.,393.));
#5206 = DIRECTION('',(1.,-0.,2.22044604925E-16));
#5207 = DIRECTION('',(2.22044604925E-16,0.,-1.));
#5208 = PCURVE('',#993,#5209);
#5209 = DEFINITIONAL_REPRESENTATION('',(#5210),#5214);
#5210 = LINE('',#5211,#5212);
#5211 = CARTESIAN_POINT('',(0.,0.));
#5212 = VECTOR('',#5213,1.);
#5213 = DIRECTION('',(1.,0.));
#5214 = ( GEOMETRIC_REPRESENTATION_CONTEXT(2) 
PARAMETRIC_REPRESENTATION_CONTEXT() REPRESENTATION_CONTEXT('2D SPACE',''
  ) );
#5215 = PCURVE('',#993,#5216);
#5216 = DEFINITIONAL_REPRESENTATION('',(#5217),#5221);
#5217 = LINE('',#5218,#5219);
#5218 = CARTESIAN_POINT('',(0.,6.28318530718));
#5219 = VECTOR('',#5220,1.);
#5220 = DIRECTION('',(1.,0.));
#5221 = ( GEOMETRIC_REPRESENTATION_CONTEXT(2) 
PARAMETRIC_REPRESENTATION_CONTEXT() REPRESENTATION_CONTEXT('2D SPACE',''
  ) );
#5222 = ORIENTED_EDGE('',*,*,#5174,.T.);
#5223 = ORIENTED_EDGE('',*,*,#5201,.F.);
#5224 = ORIENTED_EDGE('',*,*,#881,.T.);
#5225 = ADVANCED_FACE('',(#5226),#1237,.T.);
#5226 = FACE_BOUND('',#5227,.T.);
#5227 = EDGE_LOOP('',(#5228,#5251,#5280,#5335,#5357,#5358));
#5228 = ORIENTED_EDGE('',*,*,#5229,.T.);
#5229 = EDGE_CURVE('',#1217,#5230,#5232,.T.);
#5230 = VERTEX_POINT('',#5231);
#5231 = CARTESIAN_POINT('',(1.62E+03,-467.5,380.5));
#5232 = SEAM_CURVE('',#5233,(#5237,#5244),.PCURVE_S1.);
#5233 = LINE('',#5234,#5235);
#5234 = CARTESIAN_POINT('',(1.62E+03,-350.,380.5));
#5235 = VECTOR('',#5236,1.);
#5236 = DIRECTION('',(0.,-1.,0.));
#5237 = PCURVE('',#1237,#5238);
#5238 = DEFINITIONAL_REPRESENTATION('',(#5239),#5243);
#5239 = LINE('',#5240,#5241);
#5240 = CARTESIAN_POINT('',(6.28318530718,-0.));
#5241 = VECTOR('',#5242,1.);
#5242 = DIRECTION('',(0.,1.));
#5243 = ( GEOMETRIC_REPRESENTATION_CONTEXT(2) 
PARAMETRIC_REPRESENTATION_CONTEXT() REPRESENTATION_CONTEXT('2D SPACE',''
  ) );
#5244 = PCURVE('',#1237,#5245);
#5245 = DEFINITIONAL_REPRESENTATION('',(#5246),#5250);
#5246 = LINE('',#5247,#5248);
#5247 = CARTESIAN_POINT('',(0.,-0.));
#5248 = VECTOR('',#5249,1.);
#5249 = DIRECTION('',(0.,1.));
#5250 = ( GEOMETRIC_REPRESENTATION_CONTEXT(2) 
PARAMETRIC_REPRESENTATION_CONTEXT() REPRESENTATION_CONTEXT('2D SPACE',''
  ) );
#5251 = ORIENTED_EDGE('',*,*,#5252,.F.);
#5252 = EDGE_CURVE('',#5253,#5230,#5255,.T.);
#5253 = VERTEX_POINT('',#5254);
#5254 = CARTESIAN_POINT('',(1.60892285756E+03,-467.5,398.79196990333));
#5255 = SURFACE_CURVE('',#5256,(#5261,#5268),.PCURVE_S1.);
#5256 = CIRCLE('',#5257,12.5);
#5257 = AXIS2_PLACEMENT_3D('',#5258,#5259,#5260);
#5258 = CARTESIAN_POINT('',(1.62E+03,-467.5,393.));
#5259 = DIRECTION('',(0.,-1.,0.));
#5260 = DIRECTION('',(0.,-0.,-1.));
#5261 = PCURVE('',#1237,#5262);
#5262 = DEFINITIONAL_REPRESENTATION('',(#5263),#5267);
#5263 = LINE('',#5264,#5265);
#5264 = CARTESIAN_POINT('',(0.,117.5));
#5265 = VECTOR('',#5266,1.);
#5266 = DIRECTION('',(1.,0.));
#5267 = ( GEOMETRIC_REPRESENTATION_CONTEXT(2) 
PARAMETRIC_REPRESENTATION_CONTEXT() REPRESENTATION_CONTEXT('2D SPACE',''
  ) );
#5268 = PCURVE('',#5269,#5274);
#5269 = PLANE('',#5270);
#5270 = AXIS2_PLACEMENT_3D('',#5271,#5272,#5273);
#5271 = CARTESIAN_POINT('',(1.62E+03,-467.5,393.));
#5272 = DIRECTION('',(0.,-1.,0.));
#5273 = DIRECTION('',(0.,-0.,-1.));
#5274 = DEFINITIONAL_REPRESENTATION('',(#5275),#5279);
#5275 = CIRCLE('',#5276,12.5);
#5276 = AXIS2_PLACEMENT_2D('',#5277,#5278);
#5277 = CARTESIAN_POINT('',(0.,0.));
#5278 = DIRECTION('',(1.,0.));
#5279 = ( GEOMETRIC_REPRESENTATION_CONTEXT(2) 
PARAMETRIC_REPRESENTATION_CONTEXT() REPRESENTATION_CONTEXT('2D SPACE',''
  ) );
#5280 = ORIENTED_EDGE('',*,*,#5281,.F.);
#5281 = EDGE_CURVE('',#5282,#5253,#5284,.T.);
#5282 = VERTEX_POINT('',#5283);
#5283 = CARTESIAN_POINT('',(1.63107714244E+03,-467.5,387.20803009666));
#5284 = SURFACE_CURVE('',#5285,(#5290,#5310),.PCURVE_S1.);
#5285 = ELLIPSE('',#5286,17.677669529664,12.5);
#5286 = AXIS2_PLACEMENT_3D('',#5287,#5288,#5289);
#5287 = CARTESIAN_POINT('',(1.62E+03,-467.5,393.));
#5288 = DIRECTION('',(0.327643295606,-0.707106781187,0.626617802847));
#5289 = DIRECTION('',(-0.327643295606,-0.707106781187,-0.626617802847));
#5290 = PCURVE('',#1237,#5291);
#5291 = DEFINITIONAL_REPRESENTATION('',(#5292),#5309);
#5292 = B_SPLINE_CURVE_WITH_KNOTS('',8,(#5293,#5294,#5295,#5296,#5297,
    #5298,#5299,#5300,#5301,#5302,#5303,#5304,#5305,#5306,#5307,#5308),
  .UNSPECIFIED.,.F.,.F.,(9,7,9),(1.570796230792,3.141592627471,
    4.71238902415),.UNSPECIFIED.);
#5293 = CARTESIAN_POINT('',(1.089015894348,117.50000120004));
#5294 = CARTESIAN_POINT('',(1.285365443933,115.04563183023));
#5295 = CARTESIAN_POINT('',(1.481714993516,112.59126182469));
#5296 = CARTESIAN_POINT('',(1.678064543105,110.28108496754));
#5297 = CARTESIAN_POINT('',(1.87441409267,108.25926614517));
#5298 = CARTESIAN_POINT('',(2.070763642277,106.65227475593));
#5299 = CARTESIAN_POINT('',(2.267113191855,105.55075987697));
#5300 = CARTESIAN_POINT('',(2.463462741442,105.0000000641));
#5301 = CARTESIAN_POINT('',(2.856161840612,104.99999993589));
#5302 = CARTESIAN_POINT('',(3.052511390197,105.55075962039));
#5303 = CARTESIAN_POINT('',(3.248860939779,106.65227437974));
#5304 = CARTESIAN_POINT('',(3.445210489361,108.25926566083));
#5305 = CARTESIAN_POINT('',(3.641560038939,110.28108440194));
#5306 = CARTESIAN_POINT('',(3.837909588537,112.59126120034));
#5307 = CARTESIAN_POINT('',(4.034259138121,115.04563117725));
#5308 = CARTESIAN_POINT('',(4.230608687706,117.50000054706));
#5309 = ( GEOMETRIC_REPRESENTATION_CONTEXT(2) 
PARAMETRIC_REPRESENTATION_CONTEXT() REPRESENTATION_CONTEXT('2D SPACE',''
  ) );
#5310 = PCURVE('',#5311,#5316);
#5311 = CYLINDRICAL_SURFACE('',#5312,12.5);
#5312 = AXIS2_PLACEMENT_3D('',#5313,#5314,#5315);
#5313 = CARTESIAN_POINT('',(1.62E+03,-467.5,393.));
#5314 = DIRECTION('',(0.463357592267,0.,0.88617139521));
#5315 = DIRECTION('',(0.88617139521,0.,-0.463357592267));
#5316 = DEFINITIONAL_REPRESENTATION('',(#5317),#5334);
#5317 = B_SPLINE_CURVE_WITH_KNOTS('',8,(#5318,#5319,#5320,#5321,#5322,
    #5323,#5324,#5325,#5326,#5327,#5328,#5329,#5330,#5331,#5332,#5333),
  .UNSPECIFIED.,.F.,.F.,(9,7,9),(1.570796230792,3.141592627471,
    4.71238902415),.UNSPECIFIED.);
#5318 = CARTESIAN_POINT('',(-9.600329153869E-08,-1.20004119708E-06));
#5319 = CARTESIAN_POINT('',(0.196349453582,2.45436816977));
#5320 = CARTESIAN_POINT('',(0.392699003165,4.908738175203));
#5321 = CARTESIAN_POINT('',(0.589048552755,7.218915032037));
#5322 = CARTESIAN_POINT('',(0.785398102328,9.24073385488));
#5323 = CARTESIAN_POINT('',(0.981747651925,10.847725243642));
#5324 = CARTESIAN_POINT('',(1.178097201505,11.949240122958));
#5325 = CARTESIAN_POINT('',(1.374446751091,12.499999935894));
#5326 = CARTESIAN_POINT('',(1.767145850261,12.500000064106));
#5327 = CARTESIAN_POINT('',(1.963495399845,11.949240379367));
#5328 = CARTESIAN_POINT('',(2.159844949429,10.847725620781));
#5329 = CARTESIAN_POINT('',(2.356194499016,9.240734337516));
#5330 = CARTESIAN_POINT('',(2.552544048604,7.218915598758));
#5331 = CARTESIAN_POINT('',(2.748893598184,4.9087387994));
#5332 = CARTESIAN_POINT('',(2.94524314777,2.454368822747));
#5333 = CARTESIAN_POINT('',(3.141592697355,-5.470637916005E-07));
#5334 = ( GEOMETRIC_REPRESENTATION_CONTEXT(2) 
PARAMETRIC_REPRESENTATION_CONTEXT() REPRESENTATION_CONTEXT('2D SPACE',''
  ) );
#5335 = ORIENTED_EDGE('',*,*,#5336,.F.);
#5336 = EDGE_CURVE('',#5230,#5282,#5337,.T.);
#5337 = SURFACE_CURVE('',#5338,(#5343,#5350),.PCURVE_S1.);
#5338 = CIRCLE('',#5339,12.5);
#5339 = AXIS2_PLACEMENT_3D('',#5340,#5341,#5342);
#5340 = CARTESIAN_POINT('',(1.62E+03,-467.5,393.));
#5341 = DIRECTION('',(0.,-1.,0.));
#5342 = DIRECTION('',(0.,-0.,-1.));
#5343 = PCURVE('',#1237,#5344);
#5344 = DEFINITIONAL_REPRESENTATION('',(#5345),#5349);
#5345 = LINE('',#5346,#5347);
#5346 = CARTESIAN_POINT('',(0.,117.5));
#5347 = VECTOR('',#5348,1.);
#5348 = DIRECTION('',(1.,0.));
#5349 = ( GEOMETRIC_REPRESENTATION_CONTEXT(2) 
PARAMETRIC_REPRESENTATION_CONTEXT() REPRESENTATION_CONTEXT('2D SPACE',''
  ) );
#5350 = PCURVE('',#5269,#5351);
#5351 = DEFINITIONAL_REPRESENTATION('',(#5352),#5356);
#5352 = CIRCLE('',#5353,12.5);
#5353 = AXIS2_PLACEMENT_2D('',#5354,#5355);
#5354 = CARTESIAN_POINT('',(0.,0.));
#5355 = DIRECTION('',(1.,0.));
#5356 = ( GEOMETRIC_REPRESENTATION_CONTEXT(2) 
PARAMETRIC_REPRESENTATION_CONTEXT() REPRESENTATION_CONTEXT('2D SPACE',''
  ) );
#5357 = ORIENTED_EDGE('',*,*,#5229,.F.);
#5358 = ORIENTED_EDGE('',*,*,#1216,.T.);
#5359 = ADVANCED_FACE('',(#5360),#1351,.T.);
#5360 = FACE_BOUND('',#5361,.T.);
#5361 = EDGE_LOOP('',(#5362,#5363,#5364,#5388,#5410));
#5362 = ORIENTED_EDGE('',*,*,#1404,.T.);
#5363 = ORIENTED_EDGE('',*,*,#1251,.T.);
#5364 = ORIENTED_EDGE('',*,*,#5365,.F.);
#5365 = EDGE_CURVE('',#5366,#1254,#5368,.T.);
#5366 = VERTEX_POINT('',#5367);
#5367 = CARTESIAN_POINT('',(2.35E+03,-356.,381.));
#5368 = SEAM_CURVE('',#5369,(#5374,#5381),.PCURVE_S1.);
#5369 = CIRCLE('',#5370,12.);
#5370 = AXIS2_PLACEMENT_3D('',#5371,#5372,#5373);
#5371 = CARTESIAN_POINT('',(2.35E+03,-356.,393.));
#5372 = DIRECTION('',(1.,-0.,2.22044604925E-16));
#5373 = DIRECTION('',(2.22044604925E-16,0.,-1.));
#5374 = PCURVE('',#1351,#5375);
#5375 = DEFINITIONAL_REPRESENTATION('',(#5376),#5380);
#5376 = LINE('',#5377,#5378);
#5377 = CARTESIAN_POINT('',(0.,6.28318530718));
#5378 = VECTOR('',#5379,1.);
#5379 = DIRECTION('',(1.,0.));
#5380 = ( GEOMETRIC_REPRESENTATION_CONTEXT(2) 
PARAMETRIC_REPRESENTATION_CONTEXT() REPRESENTATION_CONTEXT('2D SPACE',''
  ) );
#5381 = PCURVE('',#1351,#5382);
#5382 = DEFINITIONAL_REPRESENTATION('',(#5383),#5387);
#5383 = LINE('',#5384,#5385);
#5384 = CARTESIAN_POINT('',(0.,0.));
#5385 = VECTOR('',#5386,1.);
#5386 = DIRECTION('',(1.,0.));
#5387 = ( GEOMETRIC_REPRESENTATION_CONTEXT(2) 
PARAMETRIC_REPRESENTATION_CONTEXT() REPRESENTATION_CONTEXT('2D SPACE',''
  ) );
#5388 = ORIENTED_EDGE('',*,*,#5389,.F.);
#5389 = EDGE_CURVE('',#5366,#5366,#5390,.T.);
#5390 = SURFACE_CURVE('',#5391,(#5396,#5403),.PCURVE_S1.);
#5391 = CIRCLE('',#5392,3.);
#5392 = AXIS2_PLACEMENT_3D('',#5393,#5394,#5395);
#5393 = CARTESIAN_POINT('',(2.35E+03,-356.,384.));
#5394 = DIRECTION('',(-5.438524293788E-32,-1.,2.449293598295E-16));
#5395 = DIRECTION('',(2.22044604925E-16,-2.449293598295E-16,-1.));
#5396 = PCURVE('',#1351,#5397);
#5397 = DEFINITIONAL_REPRESENTATION('',(#5398),#5402);
#5398 = LINE('',#5399,#5400);
#5399 = CARTESIAN_POINT('',(0.,-0.));
#5400 = VECTOR('',#5401,1.);
#5401 = DIRECTION('',(0.,1.));
#5402 = ( GEOMETRIC_REPRESENTATION_CONTEXT(2) 
PARAMETRIC_REPRESENTATION_CONTEXT() REPRESENTATION_CONTEXT('2D SPACE',''
  ) );
#5403 = PCURVE('',#1715,#5404);
#5404 = DEFINITIONAL_REPRESENTATION('',(#5405),#5409);
#5405 = LINE('',#5406,#5407);
#5406 = CARTESIAN_POINT('',(6.28318530718,-0.));
#5407 = VECTOR('',#5408,1.);
#5408 = DIRECTION('',(0.,1.));
#5409 = ( GEOMETRIC_REPRESENTATION_CONTEXT(2) 
PARAMETRIC_REPRESENTATION_CONTEXT() REPRESENTATION_CONTEXT('2D SPACE',''
  ) );
#5410 = ORIENTED_EDGE('',*,*,#5365,.T.);
#5411 = ADVANCED_FACE('',(#5412),#1589,.T.);
#5412 = FACE_BOUND('',#5413,.T.);
#5413 = EDGE_LOOP('',(#5414,#5445,#5500,#5522,#5543,#5544));
#5414 = ORIENTED_EDGE('',*,*,#5415,.F.);
#5415 = EDGE_CURVE('',#5416,#5418,#5420,.T.);
#5416 = VERTEX_POINT('',#5417);
#5417 = CARTESIAN_POINT('',(2.20892285756E+03,-467.5,387.20803009666));
#5418 = VERTEX_POINT('',#5419);
#5419 = CARTESIAN_POINT('',(2.22E+03,-467.5,380.5));
#5420 = SURFACE_CURVE('',#5421,(#5426,#5433),.PCURVE_S1.);
#5421 = CIRCLE('',#5422,12.5);
#5422 = AXIS2_PLACEMENT_3D('',#5423,#5424,#5425);
#5423 = CARTESIAN_POINT('',(2.22E+03,-467.5,393.));
#5424 = DIRECTION('',(0.,-1.,0.));
#5425 = DIRECTION('',(0.,-0.,-1.));
#5426 = PCURVE('',#1589,#5427);
#5427 = DEFINITIONAL_REPRESENTATION('',(#5428),#5432);
#5428 = LINE('',#5429,#5430);
#5429 = CARTESIAN_POINT('',(0.,117.5));
#5430 = VECTOR('',#5431,1.);
#5431 = DIRECTION('',(1.,0.));
#5432 = ( GEOMETRIC_REPRESENTATION_CONTEXT(2) 
PARAMETRIC_REPRESENTATION_CONTEXT() REPRESENTATION_CONTEXT('2D SPACE',''
  ) );
#5433 = PCURVE('',#5434,#5439);
#5434 = PLANE('',#5435);
#5435 = AXIS2_PLACEMENT_3D('',#5436,#5437,#5438);
#5436 = CARTESIAN_POINT('',(2.22E+03,-467.5,393.));
#5437 = DIRECTION('',(0.,-1.,0.));
#5438 = DIRECTION('',(0.,-0.,-1.));
#5439 = DEFINITIONAL_REPRESENTATION('',(#5440),#5444);
#5440 = CIRCLE('',#5441,12.5);
#5441 = AXIS2_PLACEMENT_2D('',#5442,#5443);
#5442 = CARTESIAN_POINT('',(0.,0.));
#5443 = DIRECTION('',(1.,0.));
#5444 = ( GEOMETRIC_REPRESENTATION_CONTEXT(2) 
PARAMETRIC_REPRESENTATION_CONTEXT() REPRESENTATION_CONTEXT('2D SPACE',''
  ) );
#5445 = ORIENTED_EDGE('',*,*,#5446,.F.);
#5446 = EDGE_CURVE('',#5447,#5416,#5449,.T.);
#5447 = VERTEX_POINT('',#5448);
#5448 = CARTESIAN_POINT('',(2.23107714244E+03,-467.5,398.79196990333));
#5449 = SURFACE_CURVE('',#5450,(#5455,#5475),.PCURVE_S1.);
#5450 = ELLIPSE('',#5451,17.677669529664,12.5);
#5451 = AXIS2_PLACEMENT_3D('',#5452,#5453,#5454);
#5452 = CARTESIAN_POINT('',(2.22E+03,-467.5,393.));
#5453 = DIRECTION('',(-0.327643295606,-0.707106781187,0.626617802847));
#5454 = DIRECTION('',(0.327643295606,-0.707106781187,-0.626617802847));
#5455 = PCURVE('',#1589,#5456);
#5456 = DEFINITIONAL_REPRESENTATION('',(#5457),#5474);
#5457 = B_SPLINE_CURVE_WITH_KNOTS('',8,(#5458,#5459,#5460,#5461,#5462,
    #5463,#5464,#5465,#5466,#5467,#5468,#5469,#5470,#5471,#5472,#5473),
  .UNSPECIFIED.,.F.,.F.,(9,7,9),(1.570796205563,3.141592579045,
    4.712388952526),.UNSPECIFIED.);
#5458 = CARTESIAN_POINT('',(2.052576542007,117.50000151539));
#5459 = CARTESIAN_POINT('',(2.248926088692,115.04563218183));
#5460 = CARTESIAN_POINT('',(2.445275635374,112.59126219859));
#5461 = CARTESIAN_POINT('',(2.641625182057,110.28108534409));
#5462 = CARTESIAN_POINT('',(2.837974728729,108.25926649704));
#5463 = CARTESIAN_POINT('',(3.034324275432,106.65227505733));
#5464 = CARTESIAN_POINT('',(3.230673822117,105.55076009832));
#5465 = CARTESIAN_POINT('',(3.427023368803,105.00000018296));
#5466 = CARTESIAN_POINT('',(3.819722462174,104.99999981703));
#5467 = CARTESIAN_POINT('',(4.016072008855,105.55075936662));
#5468 = CARTESIAN_POINT('',(4.212421555552,106.6522739802));
#5469 = CARTESIAN_POINT('',(4.408771102197,108.25926512066));
#5470 = CARTESIAN_POINT('',(4.605120648921,110.28108372632));
#5471 = CARTESIAN_POINT('',(4.801470195594,112.59126041723));
#5472 = CARTESIAN_POINT('',(4.997819742285,115.0456303182));
#5473 = CARTESIAN_POINT('',(5.19416928897,117.49999965177));
#5474 = ( GEOMETRIC_REPRESENTATION_CONTEXT(2) 
PARAMETRIC_REPRESENTATION_CONTEXT() REPRESENTATION_CONTEXT('2D SPACE',''
  ) );
#5475 = PCURVE('',#5476,#5481);
#5476 = CYLINDRICAL_SURFACE('',#5477,12.5);
#5477 = AXIS2_PLACEMENT_3D('',#5478,#5479,#5480);
#5478 = CARTESIAN_POINT('',(2.14E+03,-467.5,546.));
#5479 = DIRECTION('',(0.463357592267,0.,-0.88617139521));
#5480 = DIRECTION('',(-0.88617139521,0.,-0.463357592267));
#5481 = DEFINITIONAL_REPRESENTATION('',(#5482),#5499);
#5482 = B_SPLINE_CURVE_WITH_KNOTS('',8,(#5483,#5484,#5485,#5486,#5487,
    #5488,#5489,#5490,#5491,#5492,#5493,#5494,#5495,#5496,#5497,#5498),
  .UNSPECIFIED.,.F.,.F.,(9,7,9),(1.570796205563,3.141592579045,
    4.712388952526),.UNSPECIFIED.);
#5483 = CARTESIAN_POINT('',(3.141592774822,172.65283236389));
#5484 = CARTESIAN_POINT('',(2.945243228136,170.19846303033));
#5485 = CARTESIAN_POINT('',(2.748893681453,167.74409304733));
#5486 = CARTESIAN_POINT('',(2.552544134756,165.4339161918));
#5487 = CARTESIAN_POINT('',(2.356194588083,163.4120973472));
#5488 = CARTESIAN_POINT('',(2.159845041386,161.80510590458));
#5489 = CARTESIAN_POINT('',(1.963495494712,160.70359094717));
#5490 = CARTESIAN_POINT('',(1.767145948025,160.15283103145));
#5491 = CARTESIAN_POINT('',(1.374446854655,160.15283066553));
#5492 = CARTESIAN_POINT('',(1.17809730797,160.703590215));
#5493 = CARTESIAN_POINT('',(0.981747761283,161.80510482937));
#5494 = CARTESIAN_POINT('',(0.7853982146,163.41209596837));
#5495 = CARTESIAN_POINT('',(0.589048667912,165.43391457444));
#5496 = CARTESIAN_POINT('',(0.392699121229,167.74409126571));
#5497 = CARTESIAN_POINT('',(0.196349574544,170.1984611667));
#5498 = CARTESIAN_POINT('',(2.785832293739E-08,172.65283050026));
#5499 = ( GEOMETRIC_REPRESENTATION_CONTEXT(2) 
PARAMETRIC_REPRESENTATION_CONTEXT() REPRESENTATION_CONTEXT('2D SPACE',''
  ) );
#5500 = ORIENTED_EDGE('',*,*,#5501,.F.);
#5501 = EDGE_CURVE('',#5418,#5447,#5502,.T.);
#5502 = SURFACE_CURVE('',#5503,(#5508,#5515),.PCURVE_S1.);
#5503 = CIRCLE('',#5504,12.5);
#5504 = AXIS2_PLACEMENT_3D('',#5505,#5506,#5507);
#5505 = CARTESIAN_POINT('',(2.22E+03,-467.5,393.));
#5506 = DIRECTION('',(0.,-1.,0.));
#5507 = DIRECTION('',(0.,-0.,-1.));
#5508 = PCURVE('',#1589,#5509);
#5509 = DEFINITIONAL_REPRESENTATION('',(#5510),#5514);
#5510 = LINE('',#5511,#5512);
#5511 = CARTESIAN_POINT('',(0.,117.5));
#5512 = VECTOR('',#5513,1.);
#5513 = DIRECTION('',(1.,0.));
#5514 = ( GEOMETRIC_REPRESENTATION_CONTEXT(2) 
PARAMETRIC_REPRESENTATION_CONTEXT() REPRESENTATION_CONTEXT('2D SPACE',''
  ) );
#5515 = PCURVE('',#5434,#5516);
#5516 = DEFINITIONAL_REPRESENTATION('',(#5517),#5521);
#5517 = CIRCLE('',#5518,12.5);
#5518 = AXIS2_PLACEMENT_2D('',#5519,#5520);
#5519 = CARTESIAN_POINT('',(0.,0.));
#5520 = DIRECTION('',(1.,0.));
#5521 = ( GEOMETRIC_REPRESENTATION_CONTEXT(2) 
PARAMETRIC_REPRESENTATION_CONTEXT() REPRESENTATION_CONTEXT('2D SPACE',''
  ) );
#5522 = ORIENTED_EDGE('',*,*,#5523,.F.);
#5523 = EDGE_CURVE('',#1569,#5418,#5524,.T.);
#5524 = SEAM_CURVE('',#5525,(#5529,#5536),.PCURVE_S1.);
#5525 = LINE('',#5526,#5527);
#5526 = CARTESIAN_POINT('',(2.22E+03,-350.,380.5));
#5527 = VECTOR('',#5528,1.);
#5528 = DIRECTION('',(0.,-1.,0.));
#5529 = PCURVE('',#1589,#5530);
#5530 = DEFINITIONAL_REPRESENTATION('',(#5531),#5535);
#5531 = LINE('',#5532,#5533);
#5532 = CARTESIAN_POINT('',(6.28318530718,-0.));
#5533 = VECTOR('',#5534,1.);
#5534 = DIRECTION('',(0.,1.));
#5535 = ( GEOMETRIC_REPRESENTATION_CONTEXT(2) 
PARAMETRIC_REPRESENTATION_CONTEXT() REPRESENTATION_CONTEXT('2D SPACE',''
  ) );
#5536 = PCURVE('',#1589,#5537);
#5537 = DEFINITIONAL_REPRESENTATION('',(#5538),#5542);
#5538 = LINE('',#5539,#5540);
#5539 = CARTESIAN_POINT('',(0.,-0.));
#5540 = VECTOR('',#5541,1.);
#5541 = DIRECTION('',(0.,1.));
#5542 = ( GEOMETRIC_REPRESENTATION_CONTEXT(2) 
PARAMETRIC_REPRESENTATION_CONTEXT() REPRESENTATION_CONTEXT('2D SPACE',''
  ) );
#5543 = ORIENTED_EDGE('',*,*,#1568,.T.);
#5544 = ORIENTED_EDGE('',*,*,#5523,.T.);
#5545 = ADVANCED_FACE('',(#5546),#1715,.T.);
#5546 = FACE_BOUND('',#5547,.T.);
#5547 = EDGE_LOOP('',(#5548,#5549,#5571,#5572,#5573));
#5548 = ORIENTED_EDGE('',*,*,#1774,.F.);
#5549 = ORIENTED_EDGE('',*,*,#5550,.T.);
#5550 = EDGE_CURVE('',#1604,#5366,#5551,.T.);
#5551 = SEAM_CURVE('',#5552,(#5557,#5564),.PCURVE_S1.);
#5552 = CIRCLE('',#5553,12.);
#5553 = AXIS2_PLACEMENT_3D('',#5554,#5555,#5556);
#5554 = CARTESIAN_POINT('',(2.35E+03,-356.,393.));
#5555 = DIRECTION('',(1.,-0.,2.22044604925E-16));
#5556 = DIRECTION('',(2.22044604925E-16,0.,-1.));
#5557 = PCURVE('',#1715,#5558);
#5558 = DEFINITIONAL_REPRESENTATION('',(#5559),#5563);
#5559 = LINE('',#5560,#5561);
#5560 = CARTESIAN_POINT('',(0.,0.));
#5561 = VECTOR('',#5562,1.);
#5562 = DIRECTION('',(1.,0.));
#5563 = ( GEOMETRIC_REPRESENTATION_CONTEXT(2) 
PARAMETRIC_REPRESENTATION_CONTEXT() REPRESENTATION_CONTEXT('2D SPACE',''
  ) );
#5564 = PCURVE('',#1715,#5565);
#5565 = DEFINITIONAL_REPRESENTATION('',(#5566),#5570);
#5566 = LINE('',#5567,#5568);
#5567 = CARTESIAN_POINT('',(0.,6.28318530718));
#5568 = VECTOR('',#5569,1.);
#5569 = DIRECTION('',(1.,0.));
#5570 = ( GEOMETRIC_REPRESENTATION_CONTEXT(2) 
PARAMETRIC_REPRESENTATION_CONTEXT() REPRESENTATION_CONTEXT('2D SPACE',''
  ) );
#5571 = ORIENTED_EDGE('',*,*,#5389,.T.);
#5572 = ORIENTED_EDGE('',*,*,#5550,.F.);
#5573 = ORIENTED_EDGE('',*,*,#1603,.T.);
#5574 = ADVANCED_FACE('',(#5575),#2005,.F.);
#5575 = FACE_BOUND('',#5576,.F.);
#5576 = EDGE_LOOP('',(#5577,#5578,#5597,#5598));
#5577 = ORIENTED_EDGE('',*,*,#4496,.F.);
#5578 = ORIENTED_EDGE('',*,*,#5579,.F.);
#5579 = EDGE_CURVE('',#1988,#4497,#5580,.T.);
#5580 = SURFACE_CURVE('',#5581,(#5585,#5591),.PCURVE_S1.);
#5581 = LINE('',#5582,#5583);
#5582 = CARTESIAN_POINT('',(1.935E+03,320.,378.));
#5583 = VECTOR('',#5584,1.);
#5584 = DIRECTION('',(-0.,0.,-1.));
#5585 = PCURVE('',#2005,#5586);
#5586 = DEFINITIONAL_REPRESENTATION('',(#5587),#5590);
#5587 = B_SPLINE_CURVE_WITH_KNOTS('',1,(#5588,#5589),.UNSPECIFIED.,.F.,
  .F.,(2,2),(-30.,0.),.PIECEWISE_BEZIER_KNOTS.);
#5588 = CARTESIAN_POINT('',(30.,635.));
#5589 = CARTESIAN_POINT('',(0.,635.));
#5590 = ( GEOMETRIC_REPRESENTATION_CONTEXT(2) 
PARAMETRIC_REPRESENTATION_CONTEXT() REPRESENTATION_CONTEXT('2D SPACE',''
  ) );
#5591 = PCURVE('',#2087,#5592);
#5592 = DEFINITIONAL_REPRESENTATION('',(#5593),#5596);
#5593 = B_SPLINE_CURVE_WITH_KNOTS('',1,(#5594,#5595),.UNSPECIFIED.,.F.,
  .F.,(2,2),(-30.,0.),.PIECEWISE_BEZIER_KNOTS.);
#5594 = CARTESIAN_POINT('',(30.,-670.));
#5595 = CARTESIAN_POINT('',(0.,-670.));
#5596 = ( GEOMETRIC_REPRESENTATION_CONTEXT(2) 
PARAMETRIC_REPRESENTATION_CONTEXT() REPRESENTATION_CONTEXT('2D SPACE',''
  ) );
#5597 = ORIENTED_EDGE('',*,*,#1987,.T.);
#5598 = ORIENTED_EDGE('',*,*,#5599,.T.);
#5599 = EDGE_CURVE('',#1990,#4499,#5600,.T.);
#5600 = SURFACE_CURVE('',#5601,(#5605,#5611),.PCURVE_S1.);
#5601 = LINE('',#5602,#5603);
#5602 = CARTESIAN_POINT('',(2.235E+03,320.,378.));
#5603 = VECTOR('',#5604,1.);
#5604 = DIRECTION('',(-0.,0.,-1.));
#5605 = PCURVE('',#2005,#5606);
#5606 = DEFINITIONAL_REPRESENTATION('',(#5607),#5610);
#5607 = B_SPLINE_CURVE_WITH_KNOTS('',1,(#5608,#5609),.UNSPECIFIED.,.F.,
  .F.,(2,2),(-30.,0.),.PIECEWISE_BEZIER_KNOTS.);
#5608 = CARTESIAN_POINT('',(30.,935.));
#5609 = CARTESIAN_POINT('',(0.,935.));
#5610 = ( GEOMETRIC_REPRESENTATION_CONTEXT(2) 
PARAMETRIC_REPRESENTATION_CONTEXT() REPRESENTATION_CONTEXT('2D SPACE',''
  ) );
#5611 = PCURVE('',#2033,#5612);
#5612 = DEFINITIONAL_REPRESENTATION('',(#5613),#5616);
#5613 = B_SPLINE_CURVE_WITH_KNOTS('',1,(#5614,#5615),.UNSPECIFIED.,.F.,
  .F.,(2,2),(-30.,0.),.PIECEWISE_BEZIER_KNOTS.);
#5614 = CARTESIAN_POINT('',(30.,-670.));
#5615 = CARTESIAN_POINT('',(0.,-670.));
#5616 = ( GEOMETRIC_REPRESENTATION_CONTEXT(2) 
PARAMETRIC_REPRESENTATION_CONTEXT() REPRESENTATION_CONTEXT('2D SPACE',''
  ) );
#5617 = ADVANCED_FACE('',(#5618),#2033,.F.);
#5618 = FACE_BOUND('',#5619,.F.);
#5619 = EDGE_LOOP('',(#5620,#5621,#5640,#5641));
#5620 = ORIENTED_EDGE('',*,*,#2017,.F.);
#5621 = ORIENTED_EDGE('',*,*,#5622,.T.);
#5622 = EDGE_CURVE('',#2018,#4522,#5623,.T.);
#5623 = SURFACE_CURVE('',#5624,(#5628,#5634),.PCURVE_S1.);
#5624 = LINE('',#5625,#5626);
#5625 = CARTESIAN_POINT('',(2.235E+03,-320.,378.));
#5626 = VECTOR('',#5627,1.);
#5627 = DIRECTION('',(-0.,0.,-1.));
#5628 = PCURVE('',#2033,#5629);
#5629 = DEFINITIONAL_REPRESENTATION('',(#5630),#5633);
#5630 = B_SPLINE_CURVE_WITH_KNOTS('',1,(#5631,#5632),.UNSPECIFIED.,.F.,
  .F.,(2,2),(-30.,0.),.PIECEWISE_BEZIER_KNOTS.);
#5631 = CARTESIAN_POINT('',(30.,-30.));
#5632 = CARTESIAN_POINT('',(0.,-30.));
#5633 = ( GEOMETRIC_REPRESENTATION_CONTEXT(2) 
PARAMETRIC_REPRESENTATION_CONTEXT() REPRESENTATION_CONTEXT('2D SPACE',''
  ) );
#5634 = PCURVE('',#2061,#5635);
#5635 = DEFINITIONAL_REPRESENTATION('',(#5636),#5639);
#5636 = B_SPLINE_CURVE_WITH_KNOTS('',1,(#5637,#5638),.UNSPECIFIED.,.F.,
  .F.,(2,2),(-30.,0.),.PIECEWISE_BEZIER_KNOTS.);
#5637 = CARTESIAN_POINT('',(30.,935.));
#5638 = CARTESIAN_POINT('',(0.,935.));
#5639 = ( GEOMETRIC_REPRESENTATION_CONTEXT(2) 
PARAMETRIC_REPRESENTATION_CONTEXT() REPRESENTATION_CONTEXT('2D SPACE',''
  ) );
#5640 = ORIENTED_EDGE('',*,*,#4521,.T.);
#5641 = ORIENTED_EDGE('',*,*,#5599,.F.);
#5642 = ADVANCED_FACE('',(#5643),#2061,.T.);
#5643 = FACE_BOUND('',#5644,.T.);
#5644 = EDGE_LOOP('',(#5645,#5646,#5665,#5666));
#5645 = ORIENTED_EDGE('',*,*,#4544,.F.);
#5646 = ORIENTED_EDGE('',*,*,#5647,.F.);
#5647 = EDGE_CURVE('',#2046,#4545,#5648,.T.);
#5648 = SURFACE_CURVE('',#5649,(#5653,#5659),.PCURVE_S1.);
#5649 = LINE('',#5650,#5651);
#5650 = CARTESIAN_POINT('',(1.935E+03,-320.,378.));
#5651 = VECTOR('',#5652,1.);
#5652 = DIRECTION('',(-0.,0.,-1.));
#5653 = PCURVE('',#2061,#5654);
#5654 = DEFINITIONAL_REPRESENTATION('',(#5655),#5658);
#5655 = B_SPLINE_CURVE_WITH_KNOTS('',1,(#5656,#5657),.UNSPECIFIED.,.F.,
  .F.,(2,2),(-30.,0.),.PIECEWISE_BEZIER_KNOTS.);
#5656 = CARTESIAN_POINT('',(30.,635.));
#5657 = CARTESIAN_POINT('',(0.,635.));
#5658 = ( GEOMETRIC_REPRESENTATION_CONTEXT(2) 
PARAMETRIC_REPRESENTATION_CONTEXT() REPRESENTATION_CONTEXT('2D SPACE',''
  ) );
#5659 = PCURVE('',#2087,#5660);
#5660 = DEFINITIONAL_REPRESENTATION('',(#5661),#5664);
#5661 = B_SPLINE_CURVE_WITH_KNOTS('',1,(#5662,#5663),.UNSPECIFIED.,.F.,
  .F.,(2,2),(-30.,0.),.PIECEWISE_BEZIER_KNOTS.);
#5662 = CARTESIAN_POINT('',(30.,-30.));
#5663 = CARTESIAN_POINT('',(0.,-30.));
#5664 = ( GEOMETRIC_REPRESENTATION_CONTEXT(2) 
PARAMETRIC_REPRESENTATION_CONTEXT() REPRESENTATION_CONTEXT('2D SPACE',''
  ) );
#5665 = ORIENTED_EDGE('',*,*,#2045,.T.);
#5666 = ORIENTED_EDGE('',*,*,#5622,.T.);
#5667 = ADVANCED_FACE('',(#5668),#2087,.T.);
#5668 = FACE_BOUND('',#5669,.T.);
#5669 = EDGE_LOOP('',(#5670,#5671,#5672,#5673));
#5670 = ORIENTED_EDGE('',*,*,#2073,.F.);
#5671 = ORIENTED_EDGE('',*,*,#5647,.T.);
#5672 = ORIENTED_EDGE('',*,*,#4567,.T.);
#5673 = ORIENTED_EDGE('',*,*,#5579,.F.);
#5674 = ADVANCED_FACE('',(#5675),#2119,.F.);
#5675 = FACE_BOUND('',#5676,.F.);
#5676 = EDGE_LOOP('',(#5677,#5678,#5697,#5698));
#5677 = ORIENTED_EDGE('',*,*,#4308,.F.);
#5678 = ORIENTED_EDGE('',*,*,#5679,.F.);
#5679 = EDGE_CURVE('',#2102,#4309,#5680,.T.);
#5680 = SURFACE_CURVE('',#5681,(#5685,#5691),.PCURVE_S1.);
#5681 = LINE('',#5682,#5683);
#5682 = CARTESIAN_POINT('',(1.33E+03,320.,378.));
#5683 = VECTOR('',#5684,1.);
#5684 = DIRECTION('',(-0.,0.,-1.));
#5685 = PCURVE('',#2119,#5686);
#5686 = DEFINITIONAL_REPRESENTATION('',(#5687),#5690);
#5687 = B_SPLINE_CURVE_WITH_KNOTS('',1,(#5688,#5689),.UNSPECIFIED.,.F.,
  .F.,(2,2),(-30.,0.),.PIECEWISE_BEZIER_KNOTS.);
#5688 = CARTESIAN_POINT('',(30.,30.));
#5689 = CARTESIAN_POINT('',(0.,30.));
#5690 = ( GEOMETRIC_REPRESENTATION_CONTEXT(2) 
PARAMETRIC_REPRESENTATION_CONTEXT() REPRESENTATION_CONTEXT('2D SPACE',''
  ) );
#5691 = PCURVE('',#2201,#5692);
#5692 = DEFINITIONAL_REPRESENTATION('',(#5693),#5696);
#5693 = B_SPLINE_CURVE_WITH_KNOTS('',1,(#5694,#5695),.UNSPECIFIED.,.F.,
  .F.,(2,2),(-30.,0.),.PIECEWISE_BEZIER_KNOTS.);
#5694 = CARTESIAN_POINT('',(30.,-670.));
#5695 = CARTESIAN_POINT('',(0.,-670.));
#5696 = ( GEOMETRIC_REPRESENTATION_CONTEXT(2) 
PARAMETRIC_REPRESENTATION_CONTEXT() REPRESENTATION_CONTEXT('2D SPACE',''
  ) );
#5697 = ORIENTED_EDGE('',*,*,#2101,.T.);
#5698 = ORIENTED_EDGE('',*,*,#5699,.T.);
#5699 = EDGE_CURVE('',#2104,#4311,#5700,.T.);
#5700 = SURFACE_CURVE('',#5701,(#5705,#5711),.PCURVE_S1.);
#5701 = LINE('',#5702,#5703);
#5702 = CARTESIAN_POINT('',(1.585E+03,320.,378.));
#5703 = VECTOR('',#5704,1.);
#5704 = DIRECTION('',(-0.,0.,-1.));
#5705 = PCURVE('',#2119,#5706);
#5706 = DEFINITIONAL_REPRESENTATION('',(#5707),#5710);
#5707 = B_SPLINE_CURVE_WITH_KNOTS('',1,(#5708,#5709),.UNSPECIFIED.,.F.,
  .F.,(2,2),(-30.,0.),.PIECEWISE_BEZIER_KNOTS.);
#5708 = CARTESIAN_POINT('',(30.,285.));
#5709 = CARTESIAN_POINT('',(0.,285.));
#5710 = ( GEOMETRIC_REPRESENTATION_CONTEXT(2) 
PARAMETRIC_REPRESENTATION_CONTEXT() REPRESENTATION_CONTEXT('2D SPACE',''
  ) );
#5711 = PCURVE('',#2147,#5712);
#5712 = DEFINITIONAL_REPRESENTATION('',(#5713),#5716);
#5713 = B_SPLINE_CURVE_WITH_KNOTS('',1,(#5714,#5715),.UNSPECIFIED.,.F.,
  .F.,(2,2),(-30.,0.),.PIECEWISE_BEZIER_KNOTS.);
#5714 = CARTESIAN_POINT('',(30.,-670.));
#5715 = CARTESIAN_POINT('',(0.,-670.));
#5716 = ( GEOMETRIC_REPRESENTATION_CONTEXT(2) 
PARAMETRIC_REPRESENTATION_CONTEXT() REPRESENTATION_CONTEXT('2D SPACE',''
  ) );
#5717 = ADVANCED_FACE('',(#5718),#2147,.F.);
#5718 = FACE_BOUND('',#5719,.F.);
#5719 = EDGE_LOOP('',(#5720,#5721,#5740,#5741));
#5720 = ORIENTED_EDGE('',*,*,#2131,.F.);
#5721 = ORIENTED_EDGE('',*,*,#5722,.T.);
#5722 = EDGE_CURVE('',#2132,#4334,#5723,.T.);
#5723 = SURFACE_CURVE('',#5724,(#5728,#5734),.PCURVE_S1.);
#5724 = LINE('',#5725,#5726);
#5725 = CARTESIAN_POINT('',(1.585E+03,-320.,378.));
#5726 = VECTOR('',#5727,1.);
#5727 = DIRECTION('',(-0.,0.,-1.));
#5728 = PCURVE('',#2147,#5729);
#5729 = DEFINITIONAL_REPRESENTATION('',(#5730),#5733);
#5730 = B_SPLINE_CURVE_WITH_KNOTS('',1,(#5731,#5732),.UNSPECIFIED.,.F.,
  .F.,(2,2),(-30.,0.),.PIECEWISE_BEZIER_KNOTS.);
#5731 = CARTESIAN_POINT('',(30.,-30.));
#5732 = CARTESIAN_POINT('',(0.,-30.));
#5733 = ( GEOMETRIC_REPRESENTATION_CONTEXT(2) 
PARAMETRIC_REPRESENTATION_CONTEXT() REPRESENTATION_CONTEXT('2D SPACE',''
  ) );
#5734 = PCURVE('',#2175,#5735);
#5735 = DEFINITIONAL_REPRESENTATION('',(#5736),#5739);
#5736 = B_SPLINE_CURVE_WITH_KNOTS('',1,(#5737,#5738),.UNSPECIFIED.,.F.,
  .F.,(2,2),(-30.,0.),.PIECEWISE_BEZIER_KNOTS.);
#5737 = CARTESIAN_POINT('',(30.,285.));
#5738 = CARTESIAN_POINT('',(0.,285.));
#5739 = ( GEOMETRIC_REPRESENTATION_CONTEXT(2) 
PARAMETRIC_REPRESENTATION_CONTEXT() REPRESENTATION_CONTEXT('2D SPACE',''
  ) );
#5740 = ORIENTED_EDGE('',*,*,#4333,.T.);
#5741 = ORIENTED_EDGE('',*,*,#5699,.F.);
#5742 = ADVANCED_FACE('',(#5743),#2175,.T.);
#5743 = FACE_BOUND('',#5744,.T.);
#5744 = EDGE_LOOP('',(#5745,#5746,#5765,#5766));
#5745 = ORIENTED_EDGE('',*,*,#4356,.F.);
#5746 = ORIENTED_EDGE('',*,*,#5747,.F.);
#5747 = EDGE_CURVE('',#2160,#4357,#5748,.T.);
#5748 = SURFACE_CURVE('',#5749,(#5753,#5759),.PCURVE_S1.);
#5749 = LINE('',#5750,#5751);
#5750 = CARTESIAN_POINT('',(1.33E+03,-320.,378.));
#5751 = VECTOR('',#5752,1.);
#5752 = DIRECTION('',(-0.,0.,-1.));
#5753 = PCURVE('',#2175,#5754);
#5754 = DEFINITIONAL_REPRESENTATION('',(#5755),#5758);
#5755 = B_SPLINE_CURVE_WITH_KNOTS('',1,(#5756,#5757),.UNSPECIFIED.,.F.,
  .F.,(2,2),(-30.,0.),.PIECEWISE_BEZIER_KNOTS.);
#5756 = CARTESIAN_POINT('',(30.,30.));
#5757 = CARTESIAN_POINT('',(0.,30.));
#5758 = ( GEOMETRIC_REPRESENTATION_CONTEXT(2) 
PARAMETRIC_REPRESENTATION_CONTEXT() REPRESENTATION_CONTEXT('2D SPACE',''
  ) );
#5759 = PCURVE('',#2201,#5760);
#5760 = DEFINITIONAL_REPRESENTATION('',(#5761),#5764);
#5761 = B_SPLINE_CURVE_WITH_KNOTS('',1,(#5762,#5763),.UNSPECIFIED.,.F.,
  .F.,(2,2),(-30.,0.),.PIECEWISE_BEZIER_KNOTS.);
#5762 = CARTESIAN_POINT('',(30.,-30.));
#5763 = CARTESIAN_POINT('',(0.,-30.));
#5764 = ( GEOMETRIC_REPRESENTATION_CONTEXT(2) 
PARAMETRIC_REPRESENTATION_CONTEXT() REPRESENTATION_CONTEXT('2D SPACE',''
  ) );
#5765 = ORIENTED_EDGE('',*,*,#2159,.T.);
#5766 = ORIENTED_EDGE('',*,*,#5722,.T.);
#5767 = ADVANCED_FACE('',(#5768),#2201,.T.);
#5768 = FACE_BOUND('',#5769,.T.);
#5769 = EDGE_LOOP('',(#5770,#5771,#5772,#5773));
#5770 = ORIENTED_EDGE('',*,*,#2187,.F.);
#5771 = ORIENTED_EDGE('',*,*,#5747,.T.);
#5772 = ORIENTED_EDGE('',*,*,#4379,.T.);
#5773 = ORIENTED_EDGE('',*,*,#5679,.F.);
#5774 = ADVANCED_FACE('',(#5775),#2233,.F.);
#5775 = FACE_BOUND('',#5776,.F.);
#5776 = EDGE_LOOP('',(#5777,#5778,#5797,#5798));
#5777 = ORIENTED_EDGE('',*,*,#4402,.F.);
#5778 = ORIENTED_EDGE('',*,*,#5779,.F.);
#5779 = EDGE_CURVE('',#2216,#4403,#5780,.T.);
#5780 = SURFACE_CURVE('',#5781,(#5785,#5791),.PCURVE_S1.);
#5781 = LINE('',#5782,#5783);
#5782 = CARTESIAN_POINT('',(1.615E+03,320.,378.));
#5783 = VECTOR('',#5784,1.);
#5784 = DIRECTION('',(-0.,0.,-1.));
#5785 = PCURVE('',#2233,#5786);
#5786 = DEFINITIONAL_REPRESENTATION('',(#5787),#5790);
#5787 = B_SPLINE_CURVE_WITH_KNOTS('',1,(#5788,#5789),.UNSPECIFIED.,.F.,
  .F.,(2,2),(-30.,0.),.PIECEWISE_BEZIER_KNOTS.);
#5788 = CARTESIAN_POINT('',(30.,315.));
#5789 = CARTESIAN_POINT('',(0.,315.));
#5790 = ( GEOMETRIC_REPRESENTATION_CONTEXT(2) 
PARAMETRIC_REPRESENTATION_CONTEXT() REPRESENTATION_CONTEXT('2D SPACE',''
  ) );
#5791 = PCURVE('',#2315,#5792);
#5792 = DEFINITIONAL_REPRESENTATION('',(#5793),#5796);
#5793 = B_SPLINE_CURVE_WITH_KNOTS('',1,(#5794,#5795),.UNSPECIFIED.,.F.,
  .F.,(2,2),(-30.,0.),.PIECEWISE_BEZIER_KNOTS.);
#5794 = CARTESIAN_POINT('',(30.,-670.));
#5795 = CARTESIAN_POINT('',(0.,-670.));
#5796 = ( GEOMETRIC_REPRESENTATION_CONTEXT(2) 
PARAMETRIC_REPRESENTATION_CONTEXT() REPRESENTATION_CONTEXT('2D SPACE',''
  ) );
#5797 = ORIENTED_EDGE('',*,*,#2215,.T.);
#5798 = ORIENTED_EDGE('',*,*,#5799,.T.);
#5799 = EDGE_CURVE('',#2218,#4405,#5800,.T.);
#5800 = SURFACE_CURVE('',#5801,(#5805,#5811),.PCURVE_S1.);
#5801 = LINE('',#5802,#5803);
#5802 = CARTESIAN_POINT('',(1.905E+03,320.,378.));
#5803 = VECTOR('',#5804,1.);
#5804 = DIRECTION('',(-0.,0.,-1.));
#5805 = PCURVE('',#2233,#5806);
#5806 = DEFINITIONAL_REPRESENTATION('',(#5807),#5810);
#5807 = B_SPLINE_CURVE_WITH_KNOTS('',1,(#5808,#5809),.UNSPECIFIED.,.F.,
  .F.,(2,2),(-30.,0.),.PIECEWISE_BEZIER_KNOTS.);
#5808 = CARTESIAN_POINT('',(30.,605.));
#5809 = CARTESIAN_POINT('',(0.,605.));
#5810 = ( GEOMETRIC_REPRESENTATION_CONTEXT(2) 
PARAMETRIC_REPRESENTATION_CONTEXT() REPRESENTATION_CONTEXT('2D SPACE',''
  ) );
#5811 = PCURVE('',#2261,#5812);
#5812 = DEFINITIONAL_REPRESENTATION('',(#5813),#5816);
#5813 = B_SPLINE_CURVE_WITH_KNOTS('',1,(#5814,#5815),.UNSPECIFIED.,.F.,
  .F.,(2,2),(-30.,0.),.PIECEWISE_BEZIER_KNOTS.);
#5814 = CARTESIAN_POINT('',(30.,-670.));
#5815 = CARTESIAN_POINT('',(0.,-670.));
#5816 = ( GEOMETRIC_REPRESENTATION_CONTEXT(2) 
PARAMETRIC_REPRESENTATION_CONTEXT() REPRESENTATION_CONTEXT('2D SPACE',''
  ) );
#5817 = ADVANCED_FACE('',(#5818),#2261,.F.);
#5818 = FACE_BOUND('',#5819,.F.);
#5819 = EDGE_LOOP('',(#5820,#5821,#5840,#5841));
#5820 = ORIENTED_EDGE('',*,*,#2245,.F.);
#5821 = ORIENTED_EDGE('',*,*,#5822,.T.);
#5822 = EDGE_CURVE('',#2246,#4428,#5823,.T.);
#5823 = SURFACE_CURVE('',#5824,(#5828,#5834),.PCURVE_S1.);
#5824 = LINE('',#5825,#5826);
#5825 = CARTESIAN_POINT('',(1.905E+03,-320.,378.));
#5826 = VECTOR('',#5827,1.);
#5827 = DIRECTION('',(-0.,0.,-1.));
#5828 = PCURVE('',#2261,#5829);
#5829 = DEFINITIONAL_REPRESENTATION('',(#5830),#5833);
#5830 = B_SPLINE_CURVE_WITH_KNOTS('',1,(#5831,#5832),.UNSPECIFIED.,.F.,
  .F.,(2,2),(-30.,0.),.PIECEWISE_BEZIER_KNOTS.);
#5831 = CARTESIAN_POINT('',(30.,-30.));
#5832 = CARTESIAN_POINT('',(0.,-30.));
#5833 = ( GEOMETRIC_REPRESENTATION_CONTEXT(2) 
PARAMETRIC_REPRESENTATION_CONTEXT() REPRESENTATION_CONTEXT('2D SPACE',''
  ) );
#5834 = PCURVE('',#2289,#5835);
#5835 = DEFINITIONAL_REPRESENTATION('',(#5836),#5839);
#5836 = B_SPLINE_CURVE_WITH_KNOTS('',1,(#5837,#5838),.UNSPECIFIED.,.F.,
  .F.,(2,2),(-30.,0.),.PIECEWISE_BEZIER_KNOTS.);
#5837 = CARTESIAN_POINT('',(30.,605.));
#5838 = CARTESIAN_POINT('',(0.,605.));
#5839 = ( GEOMETRIC_REPRESENTATION_CONTEXT(2) 
PARAMETRIC_REPRESENTATION_CONTEXT() REPRESENTATION_CONTEXT('2D SPACE',''
  ) );
#5840 = ORIENTED_EDGE('',*,*,#4427,.T.);
#5841 = ORIENTED_EDGE('',*,*,#5799,.F.);
#5842 = ADVANCED_FACE('',(#5843),#2289,.T.);
#5843 = FACE_BOUND('',#5844,.T.);
#5844 = EDGE_LOOP('',(#5845,#5846,#5865,#5866));
#5845 = ORIENTED_EDGE('',*,*,#4450,.F.);
#5846 = ORIENTED_EDGE('',*,*,#5847,.F.);
#5847 = EDGE_CURVE('',#2274,#4451,#5848,.T.);
#5848 = SURFACE_CURVE('',#5849,(#5853,#5859),.PCURVE_S1.);
#5849 = LINE('',#5850,#5851);
#5850 = CARTESIAN_POINT('',(1.615E+03,-320.,378.));
#5851 = VECTOR('',#5852,1.);
#5852 = DIRECTION('',(-0.,0.,-1.));
#5853 = PCURVE('',#2289,#5854);
#5854 = DEFINITIONAL_REPRESENTATION('',(#5855),#5858);
#5855 = B_SPLINE_CURVE_WITH_KNOTS('',1,(#5856,#5857),.UNSPECIFIED.,.F.,
  .F.,(2,2),(-30.,0.),.PIECEWISE_BEZIER_KNOTS.);
#5856 = CARTESIAN_POINT('',(30.,315.));
#5857 = CARTESIAN_POINT('',(0.,315.));
#5858 = ( GEOMETRIC_REPRESENTATION_CONTEXT(2) 
PARAMETRIC_REPRESENTATION_CONTEXT() REPRESENTATION_CONTEXT('2D SPACE',''
  ) );
#5859 = PCURVE('',#2315,#5860);
#5860 = DEFINITIONAL_REPRESENTATION('',(#5861),#5864);
#5861 = B_SPLINE_CURVE_WITH_KNOTS('',1,(#5862,#5863),.UNSPECIFIED.,.F.,
  .F.,(2,2),(-30.,0.),.PIECEWISE_BEZIER_KNOTS.);
#5862 = CARTESIAN_POINT('',(30.,-30.));
#5863 = CARTESIAN_POINT('',(0.,-30.));
#5864 = ( GEOMETRIC_REPRESENTATION_CONTEXT(2) 
PARAMETRIC_REPRESENTATION_CONTEXT() REPRESENTATION_CONTEXT('2D SPACE',''
  ) );
#5865 = ORIENTED_EDGE('',*,*,#2273,.T.);
#5866 = ORIENTED_EDGE('',*,*,#5822,.T.);
#5867 = ADVANCED_FACE('',(#5868),#2315,.T.);
#5868 = FACE_BOUND('',#5869,.T.);
#5869 = EDGE_LOOP('',(#5870,#5871,#5872,#5873));
#5870 = ORIENTED_EDGE('',*,*,#2301,.F.);
#5871 = ORIENTED_EDGE('',*,*,#5847,.T.);
#5872 = ORIENTED_EDGE('',*,*,#4473,.T.);
#5873 = ORIENTED_EDGE('',*,*,#5779,.F.);
#5874 = ADVANCED_FACE('',(#5875),#2347,.T.);
#5875 = FACE_BOUND('',#5876,.T.);
#5876 = EDGE_LOOP('',(#5877,#5878,#5897,#5898));
#5877 = ORIENTED_EDGE('',*,*,#4638,.F.);
#5878 = ORIENTED_EDGE('',*,*,#5879,.F.);
#5879 = EDGE_CURVE('',#2330,#4639,#5880,.T.);
#5880 = SURFACE_CURVE('',#5881,(#5885,#5891),.PCURVE_S1.);
#5881 = LINE('',#5882,#5883);
#5882 = CARTESIAN_POINT('',(2.265E+03,-320.,378.));
#5883 = VECTOR('',#5884,1.);
#5884 = DIRECTION('',(-0.,0.,-1.));
#5885 = PCURVE('',#2347,#5886);
#5886 = DEFINITIONAL_REPRESENTATION('',(#5887),#5890);
#5887 = B_SPLINE_CURVE_WITH_KNOTS('',1,(#5888,#5889),.UNSPECIFIED.,.F.,
  .F.,(2,2),(-30.,0.),.PIECEWISE_BEZIER_KNOTS.);
#5888 = CARTESIAN_POINT('',(30.,965.));
#5889 = CARTESIAN_POINT('',(0.,965.));
#5890 = ( GEOMETRIC_REPRESENTATION_CONTEXT(2) 
PARAMETRIC_REPRESENTATION_CONTEXT() REPRESENTATION_CONTEXT('2D SPACE',''
  ) );
#5891 = PCURVE('',#2375,#5892);
#5892 = DEFINITIONAL_REPRESENTATION('',(#5893),#5896);
#5893 = B_SPLINE_CURVE_WITH_KNOTS('',1,(#5894,#5895),.UNSPECIFIED.,.F.,
  .F.,(2,2),(-30.,0.),.PIECEWISE_BEZIER_KNOTS.);
#5894 = CARTESIAN_POINT('',(30.,-30.));
#5895 = CARTESIAN_POINT('',(0.,-30.));
#5896 = ( GEOMETRIC_REPRESENTATION_CONTEXT(2) 
PARAMETRIC_REPRESENTATION_CONTEXT() REPRESENTATION_CONTEXT('2D SPACE',''
  ) );
#5897 = ORIENTED_EDGE('',*,*,#2329,.T.);
#5898 = ORIENTED_EDGE('',*,*,#5899,.T.);
#5899 = EDGE_CURVE('',#2332,#4616,#5900,.T.);
#5900 = SURFACE_CURVE('',#5901,(#5905,#5911),.PCURVE_S1.);
#5901 = LINE('',#5902,#5903);
#5902 = CARTESIAN_POINT('',(2.47E+03,-320.,378.));
#5903 = VECTOR('',#5904,1.);
#5904 = DIRECTION('',(-0.,0.,-1.));
#5905 = PCURVE('',#2347,#5906);
#5906 = DEFINITIONAL_REPRESENTATION('',(#5907),#5910);
#5907 = B_SPLINE_CURVE_WITH_KNOTS('',1,(#5908,#5909),.UNSPECIFIED.,.F.,
  .F.,(2,2),(-30.,0.),.PIECEWISE_BEZIER_KNOTS.);
#5908 = CARTESIAN_POINT('',(30.,1.17E+03));
#5909 = CARTESIAN_POINT('',(0.,1.17E+03));
#5910 = ( GEOMETRIC_REPRESENTATION_CONTEXT(2) 
PARAMETRIC_REPRESENTATION_CONTEXT() REPRESENTATION_CONTEXT('2D SPACE',''
  ) );
#5911 = PCURVE('',#2429,#5912);
#5912 = DEFINITIONAL_REPRESENTATION('',(#5913),#5916);
#5913 = B_SPLINE_CURVE_WITH_KNOTS('',1,(#5914,#5915),.UNSPECIFIED.,.F.,
  .F.,(2,2),(-30.,0.),.PIECEWISE_BEZIER_KNOTS.);
#5914 = CARTESIAN_POINT('',(30.,-30.));
#5915 = CARTESIAN_POINT('',(0.,-30.));
#5916 = ( GEOMETRIC_REPRESENTATION_CONTEXT(2) 
PARAMETRIC_REPRESENTATION_CONTEXT() REPRESENTATION_CONTEXT('2D SPACE',''
  ) );
#5917 = ADVANCED_FACE('',(#5918),#2375,.T.);
#5918 = FACE_BOUND('',#5919,.T.);
#5919 = EDGE_LOOP('',(#5920,#5921,#5922,#5923));
#5920 = ORIENTED_EDGE('',*,*,#2359,.F.);
#5921 = ORIENTED_EDGE('',*,*,#5879,.T.);
#5922 = ORIENTED_EDGE('',*,*,#4661,.T.);
#5923 = ORIENTED_EDGE('',*,*,#5924,.F.);
#5924 = EDGE_CURVE('',#2360,#4591,#5925,.T.);
#5925 = SURFACE_CURVE('',#5926,(#5930,#5936),.PCURVE_S1.);
#5926 = LINE('',#5927,#5928);
#5927 = CARTESIAN_POINT('',(2.265E+03,320.,378.));
#5928 = VECTOR('',#5929,1.);
#5929 = DIRECTION('',(-0.,0.,-1.));
#5930 = PCURVE('',#2375,#5931);
#5931 = DEFINITIONAL_REPRESENTATION('',(#5932),#5935);
#5932 = B_SPLINE_CURVE_WITH_KNOTS('',1,(#5933,#5934),.UNSPECIFIED.,.F.,
  .F.,(2,2),(-30.,0.),.PIECEWISE_BEZIER_KNOTS.);
#5933 = CARTESIAN_POINT('',(30.,-670.));
#5934 = CARTESIAN_POINT('',(0.,-670.));
#5935 = ( GEOMETRIC_REPRESENTATION_CONTEXT(2) 
PARAMETRIC_REPRESENTATION_CONTEXT() REPRESENTATION_CONTEXT('2D SPACE',''
  ) );
#5936 = PCURVE('',#2403,#5937);
#5937 = DEFINITIONAL_REPRESENTATION('',(#5938),#5941);
#5938 = B_SPLINE_CURVE_WITH_KNOTS('',1,(#5939,#5940),.UNSPECIFIED.,.F.,
  .F.,(2,2),(-30.,0.),.PIECEWISE_BEZIER_KNOTS.);
#5939 = CARTESIAN_POINT('',(30.,965.));
#5940 = CARTESIAN_POINT('',(0.,965.));
#5941 = ( GEOMETRIC_REPRESENTATION_CONTEXT(2) 
PARAMETRIC_REPRESENTATION_CONTEXT() REPRESENTATION_CONTEXT('2D SPACE',''
  ) );
#5942 = ADVANCED_FACE('',(#5943),#2403,.F.);
#5943 = FACE_BOUND('',#5944,.F.);
#5944 = EDGE_LOOP('',(#5945,#5946,#5947,#5948));
#5945 = ORIENTED_EDGE('',*,*,#4590,.F.);
#5946 = ORIENTED_EDGE('',*,*,#5924,.F.);
#5947 = ORIENTED_EDGE('',*,*,#2387,.T.);
#5948 = ORIENTED_EDGE('',*,*,#5949,.T.);
#5949 = EDGE_CURVE('',#2388,#4593,#5950,.T.);
#5950 = SURFACE_CURVE('',#5951,(#5955,#5961),.PCURVE_S1.);
#5951 = LINE('',#5952,#5953);
#5952 = CARTESIAN_POINT('',(2.47E+03,320.,378.));
#5953 = VECTOR('',#5954,1.);
#5954 = DIRECTION('',(-0.,0.,-1.));
#5955 = PCURVE('',#2403,#5956);
#5956 = DEFINITIONAL_REPRESENTATION('',(#5957),#5960);
#5957 = B_SPLINE_CURVE_WITH_KNOTS('',1,(#5958,#5959),.UNSPECIFIED.,.F.,
  .F.,(2,2),(-30.,0.),.PIECEWISE_BEZIER_KNOTS.);
#5958 = CARTESIAN_POINT('',(30.,1.17E+03));
#5959 = CARTESIAN_POINT('',(0.,1.17E+03));
#5960 = ( GEOMETRIC_REPRESENTATION_CONTEXT(2) 
PARAMETRIC_REPRESENTATION_CONTEXT() REPRESENTATION_CONTEXT('2D SPACE',''
  ) );
#5961 = PCURVE('',#2429,#5962);
#5962 = DEFINITIONAL_REPRESENTATION('',(#5963),#5966);
#5963 = B_SPLINE_CURVE_WITH_KNOTS('',1,(#5964,#5965),.UNSPECIFIED.,.F.,
  .F.,(2,2),(-30.,0.),.PIECEWISE_BEZIER_KNOTS.);
#5964 = CARTESIAN_POINT('',(30.,-670.));
#5965 = CARTESIAN_POINT('',(0.,-670.));
#5966 = ( GEOMETRIC_REPRESENTATION_CONTEXT(2) 
PARAMETRIC_REPRESENTATION_CONTEXT() REPRESENTATION_CONTEXT('2D SPACE',''
  ) );
#5967 = ADVANCED_FACE('',(#5968),#2429,.F.);
#5968 = FACE_BOUND('',#5969,.F.);
#5969 = EDGE_LOOP('',(#5970,#5971,#5972,#5973));
#5970 = ORIENTED_EDGE('',*,*,#2415,.F.);
#5971 = ORIENTED_EDGE('',*,*,#5899,.T.);
#5972 = ORIENTED_EDGE('',*,*,#4615,.T.);
#5973 = ORIENTED_EDGE('',*,*,#5949,.F.);
#5974 = ADVANCED_FACE('',(#5975),#2585,.F.);
#5975 = FACE_BOUND('',#5976,.F.);
#5976 = EDGE_LOOP('',(#5977,#6000,#6021,#6022));
#5977 = ORIENTED_EDGE('',*,*,#5978,.F.);
#5978 = EDGE_CURVE('',#5979,#4258,#5981,.T.);
#5979 = VERTEX_POINT('',#5980);
#5980 = CARTESIAN_POINT('',(1.875E+03,345.,218.));
#5981 = SURFACE_CURVE('',#5982,(#5986,#5993),.PCURVE_S1.);
#5982 = LINE('',#5983,#5984);
#5983 = CARTESIAN_POINT('',(1.875E+03,345.,218.));
#5984 = VECTOR('',#5985,1.);
#5985 = DIRECTION('',(0.,0.,1.));
#5986 = PCURVE('',#2585,#5987);
#5987 = DEFINITIONAL_REPRESENTATION('',(#5988),#5992);
#5988 = LINE('',#5989,#5990);
#5989 = CARTESIAN_POINT('',(0.,0.));
#5990 = VECTOR('',#5991,1.);
#5991 = DIRECTION('',(1.,0.));
#5992 = ( GEOMETRIC_REPRESENTATION_CONTEXT(2) 
PARAMETRIC_REPRESENTATION_CONTEXT() REPRESENTATION_CONTEXT('2D SPACE',''
  ) );
#5993 = PCURVE('',#4273,#5994);
#5994 = DEFINITIONAL_REPRESENTATION('',(#5995),#5999);
#5995 = LINE('',#5996,#5997);
#5996 = CARTESIAN_POINT('',(0.,0.));
#5997 = VECTOR('',#5998,1.);
#5998 = DIRECTION('',(1.,0.));
#5999 = ( GEOMETRIC_REPRESENTATION_CONTEXT(2) 
PARAMETRIC_REPRESENTATION_CONTEXT() REPRESENTATION_CONTEXT('2D SPACE',''
  ) );
#6000 = ORIENTED_EDGE('',*,*,#6001,.T.);
#6001 = EDGE_CURVE('',#5979,#2544,#6002,.T.);
#6002 = SURFACE_CURVE('',#6003,(#6007,#6014),.PCURVE_S1.);
#6003 = LINE('',#6004,#6005);
#6004 = CARTESIAN_POINT('',(1.875E+03,345.,218.));
#6005 = VECTOR('',#6006,1.);
#6006 = DIRECTION('',(-0.,1.,0.));
#6007 = PCURVE('',#2585,#6008);
#6008 = DEFINITIONAL_REPRESENTATION('',(#6009),#6013);
#6009 = LINE('',#6010,#6011);
#6010 = CARTESIAN_POINT('',(0.,0.));
#6011 = VECTOR('',#6012,1.);
#6012 = DIRECTION('',(0.,-1.));
#6013 = ( GEOMETRIC_REPRESENTATION_CONTEXT(2) 
PARAMETRIC_REPRESENTATION_CONTEXT() REPRESENTATION_CONTEXT('2D SPACE',''
  ) );
#6014 = PCURVE('',#2559,#6015);
#6015 = DEFINITIONAL_REPRESENTATION('',(#6016),#6020);
#6016 = LINE('',#6017,#6018);
#6017 = CARTESIAN_POINT('',(0.,0.));
#6018 = VECTOR('',#6019,1.);
#6019 = DIRECTION('',(0.,1.));
#6020 = ( GEOMETRIC_REPRESENTATION_CONTEXT(2) 
PARAMETRIC_REPRESENTATION_CONTEXT() REPRESENTATION_CONTEXT('2D SPACE',''
  ) );
#6021 = ORIENTED_EDGE('',*,*,#2571,.T.);
#6022 = ORIENTED_EDGE('',*,*,#4285,.F.);
#6023 = ADVANCED_FACE('',(#6024),#2559,.F.);
#6024 = FACE_BOUND('',#6025,.F.);
#6025 = EDGE_LOOP('',(#6026,#6027,#6050,#6071));
#6026 = ORIENTED_EDGE('',*,*,#6001,.F.);
#6027 = ORIENTED_EDGE('',*,*,#6028,.T.);
#6028 = EDGE_CURVE('',#5979,#6029,#6031,.T.);
#6029 = VERTEX_POINT('',#6030);
#6030 = CARTESIAN_POINT('',(1.965E+03,345.,218.));
#6031 = SURFACE_CURVE('',#6032,(#6036,#6043),.PCURVE_S1.);
#6032 = LINE('',#6033,#6034);
#6033 = CARTESIAN_POINT('',(1.875E+03,345.,218.));
#6034 = VECTOR('',#6035,1.);
#6035 = DIRECTION('',(1.,0.,-0.));
#6036 = PCURVE('',#2559,#6037);
#6037 = DEFINITIONAL_REPRESENTATION('',(#6038),#6042);
#6038 = LINE('',#6039,#6040);
#6039 = CARTESIAN_POINT('',(0.,0.));
#6040 = VECTOR('',#6041,1.);
#6041 = DIRECTION('',(1.,0.));
#6042 = ( GEOMETRIC_REPRESENTATION_CONTEXT(2) 
PARAMETRIC_REPRESENTATION_CONTEXT() REPRESENTATION_CONTEXT('2D SPACE',''
  ) );
#6043 = PCURVE('',#4273,#6044);
#6044 = DEFINITIONAL_REPRESENTATION('',(#6045),#6049);
#6045 = LINE('',#6046,#6047);
#6046 = CARTESIAN_POINT('',(0.,0.));
#6047 = VECTOR('',#6048,1.);
#6048 = DIRECTION('',(0.,1.));
#6049 = ( GEOMETRIC_REPRESENTATION_CONTEXT(2) 
PARAMETRIC_REPRESENTATION_CONTEXT() REPRESENTATION_CONTEXT('2D SPACE',''
  ) );
#6050 = ORIENTED_EDGE('',*,*,#6051,.T.);
#6051 = EDGE_CURVE('',#6029,#2516,#6052,.T.);
#6052 = SURFACE_CURVE('',#6053,(#6057,#6064),.PCURVE_S1.);
#6053 = LINE('',#6054,#6055);
#6054 = CARTESIAN_POINT('',(1.965E+03,345.,218.));
#6055 = VECTOR('',#6056,1.);
#6056 = DIRECTION('',(-0.,1.,0.));
#6057 = PCURVE('',#2559,#6058);
#6058 = DEFINITIONAL_REPRESENTATION('',(#6059),#6063);
#6059 = LINE('',#6060,#6061);
#6060 = CARTESIAN_POINT('',(90.,0.));
#6061 = VECTOR('',#6062,1.);
#6062 = DIRECTION('',(0.,1.));
#6063 = ( GEOMETRIC_REPRESENTATION_CONTEXT(2) 
PARAMETRIC_REPRESENTATION_CONTEXT() REPRESENTATION_CONTEXT('2D SPACE',''
  ) );
#6064 = PCURVE('',#2531,#6065);
#6065 = DEFINITIONAL_REPRESENTATION('',(#6066),#6070);
#6066 = LINE('',#6067,#6068);
#6067 = CARTESIAN_POINT('',(0.,0.));
#6068 = VECTOR('',#6069,1.);
#6069 = DIRECTION('',(0.,-1.));
#6070 = ( GEOMETRIC_REPRESENTATION_CONTEXT(2) 
PARAMETRIC_REPRESENTATION_CONTEXT() REPRESENTATION_CONTEXT('2D SPACE',''
  ) );
#6071 = ORIENTED_EDGE('',*,*,#2543,.F.);
#6072 = ADVANCED_FACE('',(#6073),#2531,.T.);
#6073 = FACE_BOUND('',#6074,.T.);
#6074 = EDGE_LOOP('',(#6075,#6096,#6097,#6098));
#6075 = ORIENTED_EDGE('',*,*,#6076,.F.);
#6076 = EDGE_CURVE('',#6029,#4235,#6077,.T.);
#6077 = SURFACE_CURVE('',#6078,(#6082,#6089),.PCURVE_S1.);
#6078 = LINE('',#6079,#6080);
#6079 = CARTESIAN_POINT('',(1.965E+03,345.,218.));
#6080 = VECTOR('',#6081,1.);
#6081 = DIRECTION('',(0.,0.,1.));
#6082 = PCURVE('',#2531,#6083);
#6083 = DEFINITIONAL_REPRESENTATION('',(#6084),#6088);
#6084 = LINE('',#6085,#6086);
#6085 = CARTESIAN_POINT('',(0.,0.));
#6086 = VECTOR('',#6087,1.);
#6087 = DIRECTION('',(1.,0.));
#6088 = ( GEOMETRIC_REPRESENTATION_CONTEXT(2) 
PARAMETRIC_REPRESENTATION_CONTEXT() REPRESENTATION_CONTEXT('2D SPACE',''
  ) );
#6089 = PCURVE('',#4273,#6090);
#6090 = DEFINITIONAL_REPRESENTATION('',(#6091),#6095);
#6091 = LINE('',#6092,#6093);
#6092 = CARTESIAN_POINT('',(0.,90.));
#6093 = VECTOR('',#6094,1.);
#6094 = DIRECTION('',(1.,0.));
#6095 = ( GEOMETRIC_REPRESENTATION_CONTEXT(2) 
PARAMETRIC_REPRESENTATION_CONTEXT() REPRESENTATION_CONTEXT('2D SPACE',''
  ) );
#6096 = ORIENTED_EDGE('',*,*,#6051,.T.);
#6097 = ORIENTED_EDGE('',*,*,#2515,.T.);
#6098 = ORIENTED_EDGE('',*,*,#4234,.F.);
#6099 = ADVANCED_FACE('',(#6100),#2713,.T.);
#6100 = FACE_BOUND('',#6101,.T.);
#6101 = EDGE_LOOP('',(#6102,#6103,#6104,#6128,#6150));
#6102 = ORIENTED_EDGE('',*,*,#2599,.F.);
#6103 = ORIENTED_EDGE('',*,*,#2773,.F.);
#6104 = ORIENTED_EDGE('',*,*,#6105,.T.);
#6105 = EDGE_CURVE('',#2602,#6106,#6108,.T.);
#6106 = VERTEX_POINT('',#6107);
#6107 = CARTESIAN_POINT('',(1.45E+03,356.,381.));
#6108 = SEAM_CURVE('',#6109,(#6114,#6121),.PCURVE_S1.);
#6109 = CIRCLE('',#6110,12.);
#6110 = AXIS2_PLACEMENT_3D('',#6111,#6112,#6113);
#6111 = CARTESIAN_POINT('',(1.45E+03,356.,393.));
#6112 = DIRECTION('',(1.,-0.,2.22044604925E-16));
#6113 = DIRECTION('',(2.22044604925E-16,0.,-1.));
#6114 = PCURVE('',#2713,#6115);
#6115 = DEFINITIONAL_REPRESENTATION('',(#6116),#6120);
#6116 = LINE('',#6117,#6118);
#6117 = CARTESIAN_POINT('',(0.,0.));
#6118 = VECTOR('',#6119,1.);
#6119 = DIRECTION('',(1.,0.));
#6120 = ( GEOMETRIC_REPRESENTATION_CONTEXT(2) 
PARAMETRIC_REPRESENTATION_CONTEXT() REPRESENTATION_CONTEXT('2D SPACE',''
  ) );
#6121 = PCURVE('',#2713,#6122);
#6122 = DEFINITIONAL_REPRESENTATION('',(#6123),#6127);
#6123 = LINE('',#6124,#6125);
#6124 = CARTESIAN_POINT('',(0.,6.28318530718));
#6125 = VECTOR('',#6126,1.);
#6126 = DIRECTION('',(1.,0.));
#6127 = ( GEOMETRIC_REPRESENTATION_CONTEXT(2) 
PARAMETRIC_REPRESENTATION_CONTEXT() REPRESENTATION_CONTEXT('2D SPACE',''
  ) );
#6128 = ORIENTED_EDGE('',*,*,#6129,.T.);
#6129 = EDGE_CURVE('',#6106,#6106,#6130,.T.);
#6130 = SURFACE_CURVE('',#6131,(#6136,#6143),.PCURVE_S1.);
#6131 = CIRCLE('',#6132,3.);
#6132 = AXIS2_PLACEMENT_3D('',#6133,#6134,#6135);
#6133 = CARTESIAN_POINT('',(1.45E+03,356.,384.));
#6134 = DIRECTION('',(-5.438524293788E-32,-1.,2.449293598295E-16));
#6135 = DIRECTION('',(2.22044604925E-16,-2.449293598295E-16,-1.));
#6136 = PCURVE('',#2713,#6137);
#6137 = DEFINITIONAL_REPRESENTATION('',(#6138),#6142);
#6138 = LINE('',#6139,#6140);
#6139 = CARTESIAN_POINT('',(6.28318530718,-0.));
#6140 = VECTOR('',#6141,1.);
#6141 = DIRECTION('',(0.,1.));
#6142 = ( GEOMETRIC_REPRESENTATION_CONTEXT(2) 
PARAMETRIC_REPRESENTATION_CONTEXT() REPRESENTATION_CONTEXT('2D SPACE',''
  ) );
#6143 = PCURVE('',#3049,#6144);
#6144 = DEFINITIONAL_REPRESENTATION('',(#6145),#6149);
#6145 = LINE('',#6146,#6147);
#6146 = CARTESIAN_POINT('',(0.,-0.));
#6147 = VECTOR('',#6148,1.);
#6148 = DIRECTION('',(0.,1.));
#6149 = ( GEOMETRIC_REPRESENTATION_CONTEXT(2) 
PARAMETRIC_REPRESENTATION_CONTEXT() REPRESENTATION_CONTEXT('2D SPACE',''
  ) );
#6150 = ORIENTED_EDGE('',*,*,#6105,.F.);
#6151 = ADVANCED_FACE('',(#6152),#3049,.T.);
#6152 = FACE_BOUND('',#6153,.T.);
#6153 = EDGE_LOOP('',(#6154,#6155,#6177,#6178,#6179));
#6154 = ORIENTED_EDGE('',*,*,#2937,.F.);
#6155 = ORIENTED_EDGE('',*,*,#6156,.F.);
#6156 = EDGE_CURVE('',#6106,#2938,#6157,.T.);
#6157 = SEAM_CURVE('',#6158,(#6163,#6170),.PCURVE_S1.);
#6158 = CIRCLE('',#6159,12.);
#6159 = AXIS2_PLACEMENT_3D('',#6160,#6161,#6162);
#6160 = CARTESIAN_POINT('',(1.45E+03,356.,393.));
#6161 = DIRECTION('',(1.,-0.,2.22044604925E-16));
#6162 = DIRECTION('',(2.22044604925E-16,0.,-1.));
#6163 = PCURVE('',#3049,#6164);
#6164 = DEFINITIONAL_REPRESENTATION('',(#6165),#6169);
#6165 = LINE('',#6166,#6167);
#6166 = CARTESIAN_POINT('',(0.,6.28318530718));
#6167 = VECTOR('',#6168,1.);
#6168 = DIRECTION('',(1.,0.));
#6169 = ( GEOMETRIC_REPRESENTATION_CONTEXT(2) 
PARAMETRIC_REPRESENTATION_CONTEXT() REPRESENTATION_CONTEXT('2D SPACE',''
  ) );
#6170 = PCURVE('',#3049,#6171);
#6171 = DEFINITIONAL_REPRESENTATION('',(#6172),#6176);
#6172 = LINE('',#6173,#6174);
#6173 = CARTESIAN_POINT('',(0.,0.));
#6174 = VECTOR('',#6175,1.);
#6175 = DIRECTION('',(1.,0.));
#6176 = ( GEOMETRIC_REPRESENTATION_CONTEXT(2) 
PARAMETRIC_REPRESENTATION_CONTEXT() REPRESENTATION_CONTEXT('2D SPACE',''
  ) );
#6177 = ORIENTED_EDGE('',*,*,#6129,.F.);
#6178 = ORIENTED_EDGE('',*,*,#6156,.T.);
#6179 = ORIENTED_EDGE('',*,*,#3108,.T.);
#6180 = ADVANCED_FACE('',(#6181),#3289,.T.);
#6181 = FACE_BOUND('',#6182,.T.);
#6182 = EDGE_LOOP('',(#6183,#6214,#6265,#6286,#6287,#6288));
#6183 = ORIENTED_EDGE('',*,*,#6184,.F.);
#6184 = EDGE_CURVE('',#6185,#6187,#6189,.T.);
#6185 = VERTEX_POINT('',#6186);
#6186 = CARTESIAN_POINT('',(1.63107714244E+03,467.5,387.20803009666));
#6187 = VERTEX_POINT('',#6188);
#6188 = CARTESIAN_POINT('',(1.60892285756E+03,467.5,398.79196990333));
#6189 = SURFACE_CURVE('',#6190,(#6195,#6202),.PCURVE_S1.);
#6190 = CIRCLE('',#6191,12.5);
#6191 = AXIS2_PLACEMENT_3D('',#6192,#6193,#6194);
#6192 = CARTESIAN_POINT('',(1.62E+03,467.5,393.));
#6193 = DIRECTION('',(0.,1.,0.));
#6194 = DIRECTION('',(0.,-0.,1.));
#6195 = PCURVE('',#3289,#6196);
#6196 = DEFINITIONAL_REPRESENTATION('',(#6197),#6201);
#6197 = LINE('',#6198,#6199);
#6198 = CARTESIAN_POINT('',(0.,117.5));
#6199 = VECTOR('',#6200,1.);
#6200 = DIRECTION('',(1.,0.));
#6201 = ( GEOMETRIC_REPRESENTATION_CONTEXT(2) 
PARAMETRIC_REPRESENTATION_CONTEXT() REPRESENTATION_CONTEXT('2D SPACE',''
  ) );
#6202 = PCURVE('',#6203,#6208);
#6203 = PLANE('',#6204);
#6204 = AXIS2_PLACEMENT_3D('',#6205,#6206,#6207);
#6205 = CARTESIAN_POINT('',(1.62E+03,467.5,393.));
#6206 = DIRECTION('',(0.,1.,0.));
#6207 = DIRECTION('',(0.,-0.,1.));
#6208 = DEFINITIONAL_REPRESENTATION('',(#6209),#6213);
#6209 = CIRCLE('',#6210,12.5);
#6210 = AXIS2_PLACEMENT_2D('',#6211,#6212);
#6211 = CARTESIAN_POINT('',(0.,0.));
#6212 = DIRECTION('',(1.,0.));
#6213 = ( GEOMETRIC_REPRESENTATION_CONTEXT(2) 
PARAMETRIC_REPRESENTATION_CONTEXT() REPRESENTATION_CONTEXT('2D SPACE',''
  ) );
#6214 = ORIENTED_EDGE('',*,*,#6215,.F.);
#6215 = EDGE_CURVE('',#6216,#6185,#6218,.T.);
#6216 = VERTEX_POINT('',#6217);
#6217 = CARTESIAN_POINT('',(1.62E+03,456.42285755983,405.5));
#6218 = SURFACE_CURVE('',#6219,(#6224,#6242),.PCURVE_S1.);
#6219 = ELLIPSE('',#6220,17.677669529664,12.5);
#6220 = AXIS2_PLACEMENT_3D('',#6221,#6222,#6223);
#6221 = CARTESIAN_POINT('',(1.62E+03,467.5,393.));
#6222 = DIRECTION('',(0.327643295606,0.707106781187,0.626617802847));
#6223 = DIRECTION('',(-0.327643295606,0.707106781187,-0.626617802847));
#6224 = PCURVE('',#3289,#6225);
#6225 = DEFINITIONAL_REPRESENTATION('',(#6226),#6241);
#6226 = B_SPLINE_CURVE_WITH_KNOTS('',7,(#6227,#6228,#6229,#6230,#6231,
    #6232,#6233,#6234,#6235,#6236,#6237,#6238,#6239,#6240),
  .UNSPECIFIED.,.F.,.F.,(8,6,8),(2.659812317147,3.686100696767,
    4.712389076387),.UNSPECIFIED.);
#6227 = CARTESIAN_POINT('',(7.275957614183E-13,106.42285755986));
#6228 = CARTESIAN_POINT('',(0.146612625661,105.57368164459));
#6229 = CARTESIAN_POINT('',(0.293225251321,105.00229634161));
#6230 = CARTESIAN_POINT('',(0.439837876981,104.73851287111));
#6231 = CARTESIAN_POINT('',(0.586450502641,104.7975284029));
#6232 = CARTESIAN_POINT('',(0.733063128301,105.17723822277));
#6233 = CARTESIAN_POINT('',(0.879675753961,105.85841028731));
#6234 = CARTESIAN_POINT('',(1.172901005281,107.7570340475));
#6235 = CARTESIAN_POINT('',(1.31951363094,108.97448509599));
#6236 = CARTESIAN_POINT('',(1.466126256601,110.42674346877));
#6237 = CARTESIAN_POINT('',(1.61273888226,112.06636899785));
#6238 = CARTESIAN_POINT('',(1.759351507921,113.8346857919));
#6239 = CARTESIAN_POINT('',(1.905964133581,115.66734337927));
#6240 = CARTESIAN_POINT('',(2.052576759241,117.50000120002));
#6241 = ( GEOMETRIC_REPRESENTATION_CONTEXT(2) 
PARAMETRIC_REPRESENTATION_CONTEXT() REPRESENTATION_CONTEXT('2D SPACE',''
  ) );
#6242 = PCURVE('',#6243,#6248);
#6243 = CYLINDRICAL_SURFACE('',#6244,12.5);
#6244 = AXIS2_PLACEMENT_3D('',#6245,#6246,#6247);
#6245 = CARTESIAN_POINT('',(1.62E+03,467.5,393.));
#6246 = DIRECTION('',(0.463357592267,0.,0.88617139521));
#6247 = DIRECTION('',(0.88617139521,0.,-0.463357592267));
#6248 = DEFINITIONAL_REPRESENTATION('',(#6249),#6264);
#6249 = B_SPLINE_CURVE_WITH_KNOTS('',7,(#6250,#6251,#6252,#6253,#6254,
    #6255,#6256,#6257,#6258,#6259,#6260,#6261,#6262,#6263),
  .UNSPECIFIED.,.F.,.F.,(8,6,8),(2.659812317147,3.686100696767,
    4.712389076387),.UNSPECIFIED.);
#6250 = CARTESIAN_POINT('',(4.230608643942,11.077142440131));
#6251 = CARTESIAN_POINT('',(4.377221269602,11.926318355402));
#6252 = CARTESIAN_POINT('',(4.523833895262,12.497703658386));
#6253 = CARTESIAN_POINT('',(4.670446520922,12.761487128885));
#6254 = CARTESIAN_POINT('',(4.817059146582,12.702471597089));
#6255 = CARTESIAN_POINT('',(4.963671772242,12.322761777227));
#6256 = CARTESIAN_POINT('',(5.110284397902,11.641589712688));
#6257 = CARTESIAN_POINT('',(5.403509649222,9.742965952499));
#6258 = CARTESIAN_POINT('',(5.550122274881,8.525514904002));
#6259 = CARTESIAN_POINT('',(5.696734900542,7.073256531219));
#6260 = CARTESIAN_POINT('',(5.843347526201,5.433631002139));
#6261 = CARTESIAN_POINT('',(5.989960151862,3.665314208097));
#6262 = CARTESIAN_POINT('',(6.136572777522,1.832656620726));
#6263 = CARTESIAN_POINT('',(6.283185403182,-1.200023916681E-06));
#6264 = ( GEOMETRIC_REPRESENTATION_CONTEXT(2) 
PARAMETRIC_REPRESENTATION_CONTEXT() REPRESENTATION_CONTEXT('2D SPACE',''
  ) );
#6265 = ORIENTED_EDGE('',*,*,#6266,.F.);
#6266 = EDGE_CURVE('',#3273,#6216,#6267,.T.);
#6267 = SEAM_CURVE('',#6268,(#6272,#6279),.PCURVE_S1.);
#6268 = LINE('',#6269,#6270);
#6269 = CARTESIAN_POINT('',(1.62E+03,350.,405.5));
#6270 = VECTOR('',#6271,1.);
#6271 = DIRECTION('',(0.,1.,0.));
#6272 = PCURVE('',#3289,#6273);
#6273 = DEFINITIONAL_REPRESENTATION('',(#6274),#6278);
#6274 = LINE('',#6275,#6276);
#6275 = CARTESIAN_POINT('',(6.28318530718,-0.));
#6276 = VECTOR('',#6277,1.);
#6277 = DIRECTION('',(0.,1.));
#6278 = ( GEOMETRIC_REPRESENTATION_CONTEXT(2) 
PARAMETRIC_REPRESENTATION_CONTEXT() REPRESENTATION_CONTEXT('2D SPACE',''
  ) );
#6279 = PCURVE('',#3289,#6280);
#6280 = DEFINITIONAL_REPRESENTATION('',(#6281),#6285);
#6281 = LINE('',#6282,#6283);
#6282 = CARTESIAN_POINT('',(0.,-0.));
#6283 = VECTOR('',#6284,1.);
#6284 = DIRECTION('',(0.,1.));
#6285 = ( GEOMETRIC_REPRESENTATION_CONTEXT(2) 
PARAMETRIC_REPRESENTATION_CONTEXT() REPRESENTATION_CONTEXT('2D SPACE',''
  ) );
#6286 = ORIENTED_EDGE('',*,*,#3272,.T.);
#6287 = ORIENTED_EDGE('',*,*,#6266,.T.);
#6288 = ORIENTED_EDGE('',*,*,#6289,.F.);
#6289 = EDGE_CURVE('',#6187,#6216,#6290,.T.);
#6290 = SURFACE_CURVE('',#6291,(#6296,#6308),.PCURVE_S1.);
#6291 = ELLIPSE('',#6292,17.677669529664,12.5);
#6292 = AXIS2_PLACEMENT_3D('',#6293,#6294,#6295);
#6293 = CARTESIAN_POINT('',(1.62E+03,467.5,393.));
#6294 = DIRECTION('',(0.327643295606,0.707106781187,0.626617802847));
#6295 = DIRECTION('',(-0.327643295606,0.707106781187,-0.626617802847));
#6296 = PCURVE('',#3289,#6297);
#6297 = DEFINITIONAL_REPRESENTATION('',(#6298),#6307);
#6298 = B_SPLINE_CURVE_WITH_KNOTS('',7,(#6299,#6300,#6301,#6302,#6303,
    #6304,#6305,#6306),.UNSPECIFIED.,.F.,.F.,(8,8),(1.57079617856,
    2.659812317147),.PIECEWISE_BEZIER_KNOTS.);
#6299 = CARTESIAN_POINT('',(5.194169168594,117.50000185293));
#6300 = CARTESIAN_POINT('',(5.349742902677,115.55533017688));
#6301 = CARTESIAN_POINT('',(5.505316636761,113.61065889524));
#6302 = CARTESIAN_POINT('',(5.660890370845,111.74286097229));
#6303 = CARTESIAN_POINT('',(5.816464104928,110.02882618675));
#6304 = CARTESIAN_POINT('',(5.972037839013,108.53780068151));
#6305 = CARTESIAN_POINT('',(6.127611573096,107.32393594543));
#6306 = CARTESIAN_POINT('',(6.28318530718,106.42285755986));
#6307 = ( GEOMETRIC_REPRESENTATION_CONTEXT(2) 
PARAMETRIC_REPRESENTATION_CONTEXT() REPRESENTATION_CONTEXT('2D SPACE',''
  ) );
#6308 = PCURVE('',#6243,#6309);
#6309 = DEFINITIONAL_REPRESENTATION('',(#6310),#6319);
#6310 = B_SPLINE_CURVE_WITH_KNOTS('',7,(#6311,#6312,#6313,#6314,#6315,
    #6316,#6317,#6318),.UNSPECIFIED.,.F.,.F.,(8,8),(1.57079617856,
    2.659812317147),.PIECEWISE_BEZIER_KNOTS.);
#6311 = CARTESIAN_POINT('',(3.141592505355,-1.85293629329E-06));
#6312 = CARTESIAN_POINT('',(3.297166239439,1.944669823112));
#6313 = CARTESIAN_POINT('',(3.452739973523,3.889341104771));
#6314 = CARTESIAN_POINT('',(3.608313707606,5.75713902762));
#6315 = CARTESIAN_POINT('',(3.763887441691,7.471173813361));
#6316 = CARTESIAN_POINT('',(3.919461175774,8.962199318448));
#6317 = CARTESIAN_POINT('',(4.075034909858,10.17606405457));
#6318 = CARTESIAN_POINT('',(4.230608643942,11.077142440131));
#6319 = ( GEOMETRIC_REPRESENTATION_CONTEXT(2) 
PARAMETRIC_REPRESENTATION_CONTEXT() REPRESENTATION_CONTEXT('2D SPACE',''
  ) );
#6320 = ADVANCED_FACE('',(#6321),#3415,.T.);
#6321 = FACE_BOUND('',#6322,.T.);
#6322 = EDGE_LOOP('',(#6323,#6324,#6325,#6349,#6371));
#6323 = ORIENTED_EDGE('',*,*,#3474,.F.);
#6324 = ORIENTED_EDGE('',*,*,#3303,.F.);
#6325 = ORIENTED_EDGE('',*,*,#6326,.T.);
#6326 = EDGE_CURVE('',#3304,#6327,#6329,.T.);
#6327 = VERTEX_POINT('',#6328);
#6328 = CARTESIAN_POINT('',(2.35E+03,356.,381.));
#6329 = SEAM_CURVE('',#6330,(#6335,#6342),.PCURVE_S1.);
#6330 = CIRCLE('',#6331,12.);
#6331 = AXIS2_PLACEMENT_3D('',#6332,#6333,#6334);
#6332 = CARTESIAN_POINT('',(2.35E+03,356.,393.));
#6333 = DIRECTION('',(1.,-0.,2.22044604925E-16));
#6334 = DIRECTION('',(2.22044604925E-16,0.,-1.));
#6335 = PCURVE('',#3415,#6336);
#6336 = DEFINITIONAL_REPRESENTATION('',(#6337),#6341);
#6337 = LINE('',#6338,#6339);
#6338 = CARTESIAN_POINT('',(0.,0.));
#6339 = VECTOR('',#6340,1.);
#6340 = DIRECTION('',(1.,0.));
#6341 = ( GEOMETRIC_REPRESENTATION_CONTEXT(2) 
PARAMETRIC_REPRESENTATION_CONTEXT() REPRESENTATION_CONTEXT('2D SPACE',''
  ) );
#6342 = PCURVE('',#3415,#6343);
#6343 = DEFINITIONAL_REPRESENTATION('',(#6344),#6348);
#6344 = LINE('',#6345,#6346);
#6345 = CARTESIAN_POINT('',(0.,6.28318530718));
#6346 = VECTOR('',#6347,1.);
#6347 = DIRECTION('',(1.,0.));
#6348 = ( GEOMETRIC_REPRESENTATION_CONTEXT(2) 
PARAMETRIC_REPRESENTATION_CONTEXT() REPRESENTATION_CONTEXT('2D SPACE',''
  ) );
#6349 = ORIENTED_EDGE('',*,*,#6350,.T.);
#6350 = EDGE_CURVE('',#6327,#6327,#6351,.T.);
#6351 = SURFACE_CURVE('',#6352,(#6357,#6364),.PCURVE_S1.);
#6352 = CIRCLE('',#6353,3.);
#6353 = AXIS2_PLACEMENT_3D('',#6354,#6355,#6356);
#6354 = CARTESIAN_POINT('',(2.35E+03,356.,384.));
#6355 = DIRECTION('',(-5.438524293788E-32,-1.,2.449293598295E-16));
#6356 = DIRECTION('',(2.22044604925E-16,-2.449293598295E-16,-1.));
#6357 = PCURVE('',#3415,#6358);
#6358 = DEFINITIONAL_REPRESENTATION('',(#6359),#6363);
#6359 = LINE('',#6360,#6361);
#6360 = CARTESIAN_POINT('',(6.28318530718,-0.));
#6361 = VECTOR('',#6362,1.);
#6362 = DIRECTION('',(0.,1.));
#6363 = ( GEOMETRIC_REPRESENTATION_CONTEXT(2) 
PARAMETRIC_REPRESENTATION_CONTEXT() REPRESENTATION_CONTEXT('2D SPACE',''
  ) );
#6364 = PCURVE('',#3784,#6365);
#6365 = DEFINITIONAL_REPRESENTATION('',(#6366),#6370);
#6366 = LINE('',#6367,#6368);
#6367 = CARTESIAN_POINT('',(0.,-0.));
#6368 = VECTOR('',#6369,1.);
#6369 = DIRECTION('',(0.,1.));
#6370 = ( GEOMETRIC_REPRESENTATION_CONTEXT(2) 
PARAMETRIC_REPRESENTATION_CONTEXT() REPRESENTATION_CONTEXT('2D SPACE',''
  ) );
#6371 = ORIENTED_EDGE('',*,*,#6326,.F.);
#6372 = ADVANCED_FACE('',(#6373),#3658,.T.);
#6373 = FACE_BOUND('',#6374,.T.);
#6374 = EDGE_LOOP('',(#6375,#6428,#6457,#6489,#6510,#6511));
#6375 = ORIENTED_EDGE('',*,*,#6376,.F.);
#6376 = EDGE_CURVE('',#6377,#6379,#6381,.T.);
#6377 = VERTEX_POINT('',#6378);
#6378 = CARTESIAN_POINT('',(2.20892285756E+03,467.5,387.20803009666));
#6379 = VERTEX_POINT('',#6380);
#6380 = CARTESIAN_POINT('',(2.22E+03,456.42285755989,405.5));
#6381 = SURFACE_CURVE('',#6382,(#6387,#6405),.PCURVE_S1.);
#6382 = ELLIPSE('',#6383,17.677669529664,12.5);
#6383 = AXIS2_PLACEMENT_3D('',#6384,#6385,#6386);
#6384 = CARTESIAN_POINT('',(2.22E+03,467.5,393.));
#6385 = DIRECTION('',(-0.327643295606,0.707106781187,0.626617802847));
#6386 = DIRECTION('',(0.327643295606,0.707106781187,-0.626617802847));
#6387 = PCURVE('',#3658,#6388);
#6388 = DEFINITIONAL_REPRESENTATION('',(#6389),#6404);
#6389 = B_SPLINE_CURVE_WITH_KNOTS('',7,(#6390,#6391,#6392,#6393,#6394,
    #6395,#6396,#6397,#6398,#6399,#6400,#6401,#6402,#6403),
  .UNSPECIFIED.,.F.,.F.,(8,6,8),(1.570796326795,2.597084658414,
    3.623372990034),.UNSPECIFIED.);
#6390 = CARTESIAN_POINT('',(4.230608643941,117.5));
#6391 = CARTESIAN_POINT('',(4.377221262744,115.66734226496));
#6392 = CARTESIAN_POINT('',(4.523833881546,113.8346847934));
#6393 = CARTESIAN_POINT('',(4.670446500349,112.06636813619));
#6394 = CARTESIAN_POINT('',(4.817059119151,110.42674275454));
#6395 = CARTESIAN_POINT('',(4.963671737955,108.97448452858));
#6396 = CARTESIAN_POINT('',(5.110284356758,107.75703361704));
#6397 = CARTESIAN_POINT('',(5.403509594363,105.85841009615));
#6398 = CARTESIAN_POINT('',(5.550122213166,105.17723813397));
#6399 = CARTESIAN_POINT('',(5.696734831969,104.79752839186));
#6400 = CARTESIAN_POINT('',(5.843347450772,104.73851290812));
#6401 = CARTESIAN_POINT('',(5.989960069575,105.00229639506));
#6402 = CARTESIAN_POINT('',(6.136572688377,105.57368168432));
#6403 = CARTESIAN_POINT('',(6.28318530718,106.42285755987));
#6404 = ( GEOMETRIC_REPRESENTATION_CONTEXT(2) 
PARAMETRIC_REPRESENTATION_CONTEXT() REPRESENTATION_CONTEXT('2D SPACE',''
  ) );
#6405 = PCURVE('',#6406,#6411);
#6406 = CYLINDRICAL_SURFACE('',#6407,12.5);
#6407 = AXIS2_PLACEMENT_3D('',#6408,#6409,#6410);
#6408 = CARTESIAN_POINT('',(2.14E+03,467.5,546.));
#6409 = DIRECTION('',(0.463357592267,0.,-0.88617139521));
#6410 = DIRECTION('',(-0.88617139521,0.,-0.463357592267));
#6411 = DEFINITIONAL_REPRESENTATION('',(#6412),#6427);
#6412 = B_SPLINE_CURVE_WITH_KNOTS('',7,(#6413,#6414,#6415,#6416,#6417,
    #6418,#6419,#6420,#6421,#6422,#6423,#6424,#6425,#6426),
  .UNSPECIFIED.,.F.,.F.,(8,6,8),(1.570796326795,2.597084658414,
    3.623372990034),.UNSPECIFIED.);
#6413 = CARTESIAN_POINT('',(6.28318530718,172.65283084849));
#6414 = CARTESIAN_POINT('',(6.136572688377,170.82017311346));
#6415 = CARTESIAN_POINT('',(5.989960069574,168.98751564189));
#6416 = CARTESIAN_POINT('',(5.843347450771,167.21919898479));
#6417 = CARTESIAN_POINT('',(5.696734831968,165.57957360293));
#6418 = CARTESIAN_POINT('',(5.550122213166,164.12731537711));
#6419 = CARTESIAN_POINT('',(5.403509594363,162.90986446554));
#6420 = CARTESIAN_POINT('',(5.110284356757,161.01124094465));
#6421 = CARTESIAN_POINT('',(4.963671737955,160.33006898247));
#6422 = CARTESIAN_POINT('',(4.817059119152,159.95035924036));
#6423 = CARTESIAN_POINT('',(4.670446500349,159.89134375662));
#6424 = CARTESIAN_POINT('',(4.523833881546,160.15512724356));
#6425 = CARTESIAN_POINT('',(4.377221262743,160.72651253281));
#6426 = CARTESIAN_POINT('',(4.23060864394,161.57568840837));
#6427 = ( GEOMETRIC_REPRESENTATION_CONTEXT(2) 
PARAMETRIC_REPRESENTATION_CONTEXT() REPRESENTATION_CONTEXT('2D SPACE',''
  ) );
#6428 = ORIENTED_EDGE('',*,*,#6429,.F.);
#6429 = EDGE_CURVE('',#6430,#6377,#6432,.T.);
#6430 = VERTEX_POINT('',#6431);
#6431 = CARTESIAN_POINT('',(2.23107714244E+03,467.5,398.79196990333));
#6432 = SURFACE_CURVE('',#6433,(#6438,#6445),.PCURVE_S1.);
#6433 = CIRCLE('',#6434,12.5);
#6434 = AXIS2_PLACEMENT_3D('',#6435,#6436,#6437);
#6435 = CARTESIAN_POINT('',(2.22E+03,467.5,393.));
#6436 = DIRECTION('',(0.,1.,0.));
#6437 = DIRECTION('',(0.,-0.,1.));
#6438 = PCURVE('',#3658,#6439);
#6439 = DEFINITIONAL_REPRESENTATION('',(#6440),#6444);
#6440 = LINE('',#6441,#6442);
#6441 = CARTESIAN_POINT('',(0.,117.5));
#6442 = VECTOR('',#6443,1.);
#6443 = DIRECTION('',(1.,0.));
#6444 = ( GEOMETRIC_REPRESENTATION_CONTEXT(2) 
PARAMETRIC_REPRESENTATION_CONTEXT() REPRESENTATION_CONTEXT('2D SPACE',''
  ) );
#6445 = PCURVE('',#6446,#6451);
#6446 = PLANE('',#6447);
#6447 = AXIS2_PLACEMENT_3D('',#6448,#6449,#6450);
#6448 = CARTESIAN_POINT('',(2.22E+03,467.5,393.));
#6449 = DIRECTION('',(0.,1.,0.));
#6450 = DIRECTION('',(0.,-0.,1.));
#6451 = DEFINITIONAL_REPRESENTATION('',(#6452),#6456);
#6452 = CIRCLE('',#6453,12.5);
#6453 = AXIS2_PLACEMENT_2D('',#6454,#6455);
#6454 = CARTESIAN_POINT('',(0.,0.));
#6455 = DIRECTION('',(1.,0.));
#6456 = ( GEOMETRIC_REPRESENTATION_CONTEXT(2) 
PARAMETRIC_REPRESENTATION_CONTEXT() REPRESENTATION_CONTEXT('2D SPACE',''
  ) );
#6457 = ORIENTED_EDGE('',*,*,#6458,.F.);
#6458 = EDGE_CURVE('',#6379,#6430,#6459,.T.);
#6459 = SURFACE_CURVE('',#6460,(#6465,#6477),.PCURVE_S1.);
#6460 = ELLIPSE('',#6461,17.677669529664,12.5);
#6461 = AXIS2_PLACEMENT_3D('',#6462,#6463,#6464);
#6462 = CARTESIAN_POINT('',(2.22E+03,467.5,393.));
#6463 = DIRECTION('',(-0.327643295606,0.707106781187,0.626617802847));
#6464 = DIRECTION('',(0.327643295606,0.707106781187,-0.626617802847));
#6465 = PCURVE('',#3658,#6466);
#6466 = DEFINITIONAL_REPRESENTATION('',(#6467),#6476);
#6467 = B_SPLINE_CURVE_WITH_KNOTS('',7,(#6468,#6469,#6470,#6471,#6472,
    #6473,#6474,#6475),.UNSPECIFIED.,.F.,.F.,(8,8),(3.623372990034,
    4.712389051153),.PIECEWISE_BEZIER_KNOTS.);
#6468 = CARTESIAN_POINT('',(4.36557456851E-13,106.42285755987));
#6469 = CARTESIAN_POINT('',(0.155573723017,107.32393588134));
#6470 = CARTESIAN_POINT('',(0.311147446034,108.53780050884));
#6471 = CARTESIAN_POINT('',(0.466721169051,110.02882586851));
#6472 = CARTESIAN_POINT('',(0.622294892068,111.74286048466));
#6473 = CARTESIAN_POINT('',(0.777868615085,113.61065823091));
#6474 = CARTESIAN_POINT('',(0.933442338102,115.55532934689));
#6475 = CARTESIAN_POINT('',(1.089016061119,117.5000008846));
#6476 = ( GEOMETRIC_REPRESENTATION_CONTEXT(2) 
PARAMETRIC_REPRESENTATION_CONTEXT() REPRESENTATION_CONTEXT('2D SPACE',''
  ) );
#6477 = PCURVE('',#6406,#6478);
#6478 = DEFINITIONAL_REPRESENTATION('',(#6479),#6488);
#6479 = B_SPLINE_CURVE_WITH_KNOTS('',7,(#6480,#6481,#6482,#6483,#6484,
    #6485,#6486,#6487),.UNSPECIFIED.,.F.,.F.,(8,8),(3.623372990034,
    4.712389051153),.PIECEWISE_BEZIER_KNOTS.);
#6480 = CARTESIAN_POINT('',(4.23060864394,161.57568840837));
#6481 = CARTESIAN_POINT('',(4.075034920924,162.47676672983));
#6482 = CARTESIAN_POINT('',(3.919461197907,163.69063135739));
#6483 = CARTESIAN_POINT('',(3.76388747489,165.18165671694));
#6484 = CARTESIAN_POINT('',(3.608313751874,166.89569133325));
#6485 = CARTESIAN_POINT('',(3.452740028856,168.76348907936));
#6486 = CARTESIAN_POINT('',(3.297166305839,170.70816019538));
#6487 = CARTESIAN_POINT('',(3.141592582822,172.6528317331));
#6488 = ( GEOMETRIC_REPRESENTATION_CONTEXT(2) 
PARAMETRIC_REPRESENTATION_CONTEXT() REPRESENTATION_CONTEXT('2D SPACE',''
  ) );
#6489 = ORIENTED_EDGE('',*,*,#6490,.F.);
#6490 = EDGE_CURVE('',#3642,#6379,#6491,.T.);
#6491 = SEAM_CURVE('',#6492,(#6496,#6503),.PCURVE_S1.);
#6492 = LINE('',#6493,#6494);
#6493 = CARTESIAN_POINT('',(2.22E+03,350.,405.5));
#6494 = VECTOR('',#6495,1.);
#6495 = DIRECTION('',(0.,1.,0.));
#6496 = PCURVE('',#3658,#6497);
#6497 = DEFINITIONAL_REPRESENTATION('',(#6498),#6502);
#6498 = LINE('',#6499,#6500);
#6499 = CARTESIAN_POINT('',(6.28318530718,-0.));
#6500 = VECTOR('',#6501,1.);
#6501 = DIRECTION('',(0.,1.));
#6502 = ( GEOMETRIC_REPRESENTATION_CONTEXT(2) 
PARAMETRIC_REPRESENTATION_CONTEXT() REPRESENTATION_CONTEXT('2D SPACE',''
  ) );
#6503 = PCURVE('',#3658,#6504);
#6504 = DEFINITIONAL_REPRESENTATION('',(#6505),#6509);
#6505 = LINE('',#6506,#6507);
#6506 = CARTESIAN_POINT('',(0.,-0.));
#6507 = VECTOR('',#6508,1.);
#6508 = DIRECTION('',(0.,1.));
#6509 = ( GEOMETRIC_REPRESENTATION_CONTEXT(2) 
PARAMETRIC_REPRESENTATION_CONTEXT() REPRESENTATION_CONTEXT('2D SPACE',''
  ) );
#6510 = ORIENTED_EDGE('',*,*,#3641,.T.);
#6511 = ORIENTED_EDGE('',*,*,#6490,.T.);
#6512 = ADVANCED_FACE('',(#6513),#3784,.T.);
#6513 = FACE_BOUND('',#6514,.T.);
#6514 = EDGE_LOOP('',(#6515,#6516,#6538,#6539,#6540));
#6515 = ORIENTED_EDGE('',*,*,#3843,.F.);
#6516 = ORIENTED_EDGE('',*,*,#6517,.F.);
#6517 = EDGE_CURVE('',#6327,#3673,#6518,.T.);
#6518 = SEAM_CURVE('',#6519,(#6524,#6531),.PCURVE_S1.);
#6519 = CIRCLE('',#6520,12.);
#6520 = AXIS2_PLACEMENT_3D('',#6521,#6522,#6523);
#6521 = CARTESIAN_POINT('',(2.35E+03,356.,393.));
#6522 = DIRECTION('',(1.,-0.,2.22044604925E-16));
#6523 = DIRECTION('',(2.22044604925E-16,0.,-1.));
#6524 = PCURVE('',#3784,#6525);
#6525 = DEFINITIONAL_REPRESENTATION('',(#6526),#6530);
#6526 = LINE('',#6527,#6528);
#6527 = CARTESIAN_POINT('',(0.,6.28318530718));
#6528 = VECTOR('',#6529,1.);
#6529 = DIRECTION('',(1.,0.));
#6530 = ( GEOMETRIC_REPRESENTATION_CONTEXT(2) 
PARAMETRIC_REPRESENTATION_CONTEXT() REPRESENTATION_CONTEXT('2D SPACE',''
  ) );
#6531 = PCURVE('',#3784,#6532);
#6532 = DEFINITIONAL_REPRESENTATION('',(#6533),#6537);
#6533 = LINE('',#6534,#6535);
#6534 = CARTESIAN_POINT('',(0.,0.));
#6535 = VECTOR('',#6536,1.);
#6536 = DIRECTION('',(1.,0.));
#6537 = ( GEOMETRIC_REPRESENTATION_CONTEXT(2) 
PARAMETRIC_REPRESENTATION_CONTEXT() REPRESENTATION_CONTEXT('2D SPACE',''
  ) );
#6538 = ORIENTED_EDGE('',*,*,#6350,.F.);
#6539 = ORIENTED_EDGE('',*,*,#6517,.T.);
#6540 = ORIENTED_EDGE('',*,*,#3672,.T.);
#6541 = ADVANCED_FACE('',(#6542),#4273,.F.);
#6542 = FACE_BOUND('',#6543,.F.);
#6543 = EDGE_LOOP('',(#6544,#6545,#6546,#6547));
#6544 = ORIENTED_EDGE('',*,*,#6028,.F.);
#6545 = ORIENTED_EDGE('',*,*,#5978,.T.);
#6546 = ORIENTED_EDGE('',*,*,#4257,.T.);
#6547 = ORIENTED_EDGE('',*,*,#6076,.F.);
#6548 = ADVANCED_FACE('',(#6549),#4178,.T.);
#6549 = FACE_BOUND('',#6550,.T.);
#6550 = EDGE_LOOP('',(#6551,#6552,#6553,#6554));
#6551 = ORIENTED_EDGE('',*,*,#5090,.F.);
#6552 = ORIENTED_EDGE('',*,*,#5040,.T.);
#6553 = ORIENTED_EDGE('',*,*,#4162,.T.);
#6554 = ORIENTED_EDGE('',*,*,#5123,.F.);
#6555 = ADVANCED_FACE('',(#6556,#6560,#6563),#4724,.T.);
#6556 = FACE_BOUND('',#6557,.T.);
#6557 = VERTEX_LOOP('',#6558);
#6558 = VERTEX_POINT('',#6559);
#6559 = CARTESIAN_POINT('',(1.18E+03,-2.699567608791E-31,378.));
#6560 = FACE_BOUND('',#6561,.T.);
#6561 = EDGE_LOOP('',(#6562));
#6562 = ORIENTED_EDGE('',*,*,#4709,.T.);
#6563 = FACE_BOUND('',#6564,.T.);
#6564 = EDGE_LOOP('',(#6565));
#6565 = ORIENTED_EDGE('',*,*,#4880,.T.);
#6566 = ADVANCED_FACE('',(#6567),#5269,.T.);
#6567 = FACE_BOUND('',#6568,.T.);
#6568 = EDGE_LOOP('',(#6569,#6570,#6571));
#6569 = ORIENTED_EDGE('',*,*,#5252,.T.);
#6570 = ORIENTED_EDGE('',*,*,#5336,.T.);
#6571 = ORIENTED_EDGE('',*,*,#6572,.T.);
#6572 = EDGE_CURVE('',#5282,#5253,#6573,.T.);
#6573 = SURFACE_CURVE('',#6574,(#6578,#6584),.PCURVE_S1.);
#6574 = LINE('',#6575,#6576);
#6575 = CARTESIAN_POINT('',(1.62E+03,-467.5,393.));
#6576 = VECTOR('',#6577,1.);
#6577 = DIRECTION('',(-0.88617139521,0.,0.463357592267));
#6578 = PCURVE('',#5269,#6579);
#6579 = DEFINITIONAL_REPRESENTATION('',(#6580),#6583);
#6580 = B_SPLINE_CURVE_WITH_KNOTS('',1,(#6581,#6582),.UNSPECIFIED.,.F.,
  .F.,(2,2),(-12.5,12.5),.PIECEWISE_BEZIER_KNOTS.);
#6581 = CARTESIAN_POINT('',(5.791969903334,11.077142440127));
#6582 = CARTESIAN_POINT('',(-5.791969903334,-11.07714244012));
#6583 = ( GEOMETRIC_REPRESENTATION_CONTEXT(2) 
PARAMETRIC_REPRESENTATION_CONTEXT() REPRESENTATION_CONTEXT('2D SPACE',''
  ) );
#6584 = PCURVE('',#6585,#6590);
#6585 = PLANE('',#6586);
#6586 = AXIS2_PLACEMENT_3D('',#6587,#6588,#6589);
#6587 = CARTESIAN_POINT('',(1.62E+03,-467.5,393.));
#6588 = DIRECTION('',(0.463357592267,0.,0.88617139521));
#6589 = DIRECTION('',(0.88617139521,0.,-0.463357592267));
#6590 = DEFINITIONAL_REPRESENTATION('',(#6591),#6594);
#6591 = B_SPLINE_CURVE_WITH_KNOTS('',1,(#6592,#6593),.UNSPECIFIED.,.F.,
  .F.,(2,2),(-12.5,12.5),.PIECEWISE_BEZIER_KNOTS.);
#6592 = CARTESIAN_POINT('',(12.5,0.));
#6593 = CARTESIAN_POINT('',(-12.5,0.));
#6594 = ( GEOMETRIC_REPRESENTATION_CONTEXT(2) 
PARAMETRIC_REPRESENTATION_CONTEXT() REPRESENTATION_CONTEXT('2D SPACE',''
  ) );
#6595 = ADVANCED_FACE('',(#6596),#5311,.T.);
#6596 = FACE_BOUND('',#6597,.T.);
#6597 = EDGE_LOOP('',(#6598,#6620,#6643,#6684,#6713,#6747,#6748));
#6598 = ORIENTED_EDGE('',*,*,#6599,.T.);
#6599 = EDGE_CURVE('',#5253,#5282,#6600,.T.);
#6600 = SURFACE_CURVE('',#6601,(#6606,#6613),.PCURVE_S1.);
#6601 = CIRCLE('',#6602,12.5);
#6602 = AXIS2_PLACEMENT_3D('',#6603,#6604,#6605);
#6603 = CARTESIAN_POINT('',(1.62E+03,-467.5,393.));
#6604 = DIRECTION('',(0.463357592267,0.,0.88617139521));
#6605 = DIRECTION('',(0.88617139521,0.,-0.463357592267));
#6606 = PCURVE('',#5311,#6607);
#6607 = DEFINITIONAL_REPRESENTATION('',(#6608),#6612);
#6608 = LINE('',#6609,#6610);
#6609 = CARTESIAN_POINT('',(0.,0.));
#6610 = VECTOR('',#6611,1.);
#6611 = DIRECTION('',(1.,0.));
#6612 = ( GEOMETRIC_REPRESENTATION_CONTEXT(2) 
PARAMETRIC_REPRESENTATION_CONTEXT() REPRESENTATION_CONTEXT('2D SPACE',''
  ) );
#6613 = PCURVE('',#6585,#6614);
#6614 = DEFINITIONAL_REPRESENTATION('',(#6615),#6619);
#6615 = CIRCLE('',#6616,12.5);
#6616 = AXIS2_PLACEMENT_2D('',#6617,#6618);
#6617 = CARTESIAN_POINT('',(0.,0.));
#6618 = DIRECTION('',(1.,0.));
#6619 = ( GEOMETRIC_REPRESENTATION_CONTEXT(2) 
PARAMETRIC_REPRESENTATION_CONTEXT() REPRESENTATION_CONTEXT('2D SPACE',''
  ) );
#6620 = ORIENTED_EDGE('',*,*,#6621,.T.);
#6621 = EDGE_CURVE('',#5282,#6622,#6624,.T.);
#6622 = VERTEX_POINT('',#6623);
#6623 = CARTESIAN_POINT('',(1.707569675723E+03,-467.5,533.5));
#6624 = SEAM_CURVE('',#6625,(#6629,#6636),.PCURVE_S1.);
#6625 = LINE('',#6626,#6627);
#6626 = CARTESIAN_POINT('',(1.63107714244E+03,-467.5,387.20803009666));
#6627 = VECTOR('',#6628,1.);
#6628 = DIRECTION('',(0.463357592267,0.,0.88617139521));
#6629 = PCURVE('',#5311,#6630);
#6630 = DEFINITIONAL_REPRESENTATION('',(#6631),#6635);
#6631 = LINE('',#6632,#6633);
#6632 = CARTESIAN_POINT('',(0.,-0.));
#6633 = VECTOR('',#6634,1.);
#6634 = DIRECTION('',(0.,1.));
#6635 = ( GEOMETRIC_REPRESENTATION_CONTEXT(2) 
PARAMETRIC_REPRESENTATION_CONTEXT() REPRESENTATION_CONTEXT('2D SPACE',''
  ) );
#6636 = PCURVE('',#5311,#6637);
#6637 = DEFINITIONAL_REPRESENTATION('',(#6638),#6642);
#6638 = LINE('',#6639,#6640);
#6639 = CARTESIAN_POINT('',(6.28318530718,-0.));
#6640 = VECTOR('',#6641,1.);
#6641 = DIRECTION('',(0.,1.));
#6642 = ( GEOMETRIC_REPRESENTATION_CONTEXT(2) 
PARAMETRIC_REPRESENTATION_CONTEXT() REPRESENTATION_CONTEXT('2D SPACE',''
  ) );
#6643 = ORIENTED_EDGE('',*,*,#6644,.F.);
#6644 = EDGE_CURVE('',#6645,#6622,#6647,.T.);
#6645 = VERTEX_POINT('',#6646);
#6646 = CARTESIAN_POINT('',(1.7E+03,-480.,546.));
#6647 = SURFACE_CURVE('',#6648,(#6653,#6666),.PCURVE_S1.);
#6648 = ELLIPSE('',#6649,14.613349737487,12.5);
#6649 = AXIS2_PLACEMENT_3D('',#6650,#6651,#6652);
#6650 = CARTESIAN_POINT('',(1.7E+03,-467.5,546.));
#6651 = DIRECTION('',(0.855382251472,0.,0.517997301023));
#6652 = DIRECTION('',(-0.517997301023,0.,0.855382251472));
#6653 = PCURVE('',#5311,#6654);
#6654 = DEFINITIONAL_REPRESENTATION('',(#6655),#6665);
#6655 = B_SPLINE_CURVE_WITH_KNOTS('',8,(#6656,#6657,#6658,#6659,#6660,
    #6661,#6662,#6663,#6664),.UNSPECIFIED.,.F.,.F.,(9,9),(1.570796005439
    ,3.14159265359),.PIECEWISE_BEZIER_KNOTS.);
#6656 = CARTESIAN_POINT('',(4.712388659029,172.65283328105));
#6657 = CARTESIAN_POINT('',(4.908738240048,171.16653062441));
#6658 = CARTESIAN_POINT('',(5.105087821067,169.68022750751));
#6659 = CARTESIAN_POINT('',(5.301437402081,168.28124398848));
#6660 = CARTESIAN_POINT('',(5.497786983108,167.05688262684));
#6661 = CARTESIAN_POINT('',(5.69413656412,166.0837300613));
#6662 = CARTESIAN_POINT('',(5.890486145142,165.41668104814));
#6663 = CARTESIAN_POINT('',(6.086835726161,165.08315512558));
#6664 = CARTESIAN_POINT('',(6.28318530718,165.08315512558));
#6665 = ( GEOMETRIC_REPRESENTATION_CONTEXT(2) 
PARAMETRIC_REPRESENTATION_CONTEXT() REPRESENTATION_CONTEXT('2D SPACE',''
  ) );
#6666 = PCURVE('',#6667,#6672);
#6667 = CYLINDRICAL_SURFACE('',#6668,12.5);
#6668 = AXIS2_PLACEMENT_3D('',#6669,#6670,#6671);
#6669 = CARTESIAN_POINT('',(1.7E+03,-467.5,546.));
#6670 = DIRECTION('',(1.,0.,0.));
#6671 = DIRECTION('',(-0.,0.,1.));
#6672 = DEFINITIONAL_REPRESENTATION('',(#6673),#6683);
#6673 = B_SPLINE_CURVE_WITH_KNOTS('',8,(#6674,#6675,#6676,#6677,#6678,
    #6679,#6680,#6681,#6682),.UNSPECIFIED.,.F.,.F.,(9,9),(1.570796005439
    ,3.14159265359),.PIECEWISE_BEZIER_KNOTS.);
#6674 = CARTESIAN_POINT('',(1.570796005439,-2.432560677335E-06));
#6675 = CARTESIAN_POINT('',(1.767145586458,1.486300224083));
#6676 = CARTESIAN_POINT('',(1.963495167474,2.972603340791));
#6677 = CARTESIAN_POINT('',(2.159844748498,4.371586860656));
#6678 = CARTESIAN_POINT('',(2.356194329504,5.59594822082));
#6679 = CARTESIAN_POINT('',(2.552543910531,6.569100787889));
#6680 = CARTESIAN_POINT('',(2.748893491549,7.236149800123));
#6681 = CARTESIAN_POINT('',(2.945243072571,7.569675722917));
#6682 = CARTESIAN_POINT('',(3.14159265359,7.569675722917));
#6683 = ( GEOMETRIC_REPRESENTATION_CONTEXT(2) 
PARAMETRIC_REPRESENTATION_CONTEXT() REPRESENTATION_CONTEXT('2D SPACE',''
  ) );
#6684 = ORIENTED_EDGE('',*,*,#6685,.F.);
#6685 = EDGE_CURVE('',#6686,#6645,#6688,.T.);
#6686 = VERTEX_POINT('',#6687);
#6687 = CARTESIAN_POINT('',(1.7E+03,-455.,546.));
#6688 = SURFACE_CURVE('',#6689,(#6694,#6701),.PCURVE_S1.);
#6689 = CIRCLE('',#6690,12.5);
#6690 = AXIS2_PLACEMENT_3D('',#6691,#6692,#6693);
#6691 = CARTESIAN_POINT('',(1.7E+03,-467.5,546.));
#6692 = DIRECTION('',(0.463357592267,0.,0.88617139521));
#6693 = DIRECTION('',(0.88617139521,0.,-0.463357592267));
#6694 = PCURVE('',#5311,#6695);
#6695 = DEFINITIONAL_REPRESENTATION('',(#6696),#6700);
#6696 = LINE('',#6697,#6698);
#6697 = CARTESIAN_POINT('',(0.,172.65283084849));
#6698 = VECTOR('',#6699,1.);
#6699 = DIRECTION('',(1.,0.));
#6700 = ( GEOMETRIC_REPRESENTATION_CONTEXT(2) 
PARAMETRIC_REPRESENTATION_CONTEXT() REPRESENTATION_CONTEXT('2D SPACE',''
  ) );
#6701 = PCURVE('',#6702,#6707);
#6702 = PLANE('',#6703);
#6703 = AXIS2_PLACEMENT_3D('',#6704,#6705,#6706);
#6704 = CARTESIAN_POINT('',(1.7E+03,-467.5,546.));
#6705 = DIRECTION('',(0.463357592267,0.,0.88617139521));
#6706 = DIRECTION('',(0.88617139521,0.,-0.463357592267));
#6707 = DEFINITIONAL_REPRESENTATION('',(#6708),#6712);
#6708 = CIRCLE('',#6709,12.5);
#6709 = AXIS2_PLACEMENT_2D('',#6710,#6711);
#6710 = CARTESIAN_POINT('',(0.,0.));
#6711 = DIRECTION('',(1.,0.));
#6712 = ( GEOMETRIC_REPRESENTATION_CONTEXT(2) 
PARAMETRIC_REPRESENTATION_CONTEXT() REPRESENTATION_CONTEXT('2D SPACE',''
  ) );
#6713 = ORIENTED_EDGE('',*,*,#6714,.F.);
#6714 = EDGE_CURVE('',#6622,#6686,#6715,.T.);
#6715 = SURFACE_CURVE('',#6716,(#6721,#6734),.PCURVE_S1.);
#6716 = ELLIPSE('',#6717,14.613349737487,12.5);
#6717 = AXIS2_PLACEMENT_3D('',#6718,#6719,#6720);
#6718 = CARTESIAN_POINT('',(1.7E+03,-467.5,546.));
#6719 = DIRECTION('',(0.855382251472,0.,0.517997301023));
#6720 = DIRECTION('',(-0.517997301023,0.,0.855382251472));
#6721 = PCURVE('',#5311,#6722);
#6722 = DEFINITIONAL_REPRESENTATION('',(#6723),#6733);
#6723 = B_SPLINE_CURVE_WITH_KNOTS('',8,(#6724,#6725,#6726,#6727,#6728,
    #6729,#6730,#6731,#6732),.UNSPECIFIED.,.F.,.F.,(9,9),(3.14159265359,
    4.712389065457),.PIECEWISE_BEZIER_KNOTS.);
#6724 = CARTESIAN_POINT('',(0.,165.08315512558));
#6725 = CARTESIAN_POINT('',(0.196349551483,165.08315512558));
#6726 = CARTESIAN_POINT('',(0.392699102967,165.41668094789));
#6727 = CARTESIAN_POINT('',(0.589048654448,166.08372976037));
#6728 = CARTESIAN_POINT('',(0.785398205935,167.05688204057));
#6729 = CARTESIAN_POINT('',(0.981747757413,168.28124306735));
#6730 = CARTESIAN_POINT('',(1.178097308901,169.68022624476));
#6731 = CARTESIAN_POINT('',(1.374446860384,171.16652905939));
#6732 = CARTESIAN_POINT('',(1.570796411867,172.65283149246));
#6733 = ( GEOMETRIC_REPRESENTATION_CONTEXT(2) 
PARAMETRIC_REPRESENTATION_CONTEXT() REPRESENTATION_CONTEXT('2D SPACE',''
  ) );
#6734 = PCURVE('',#6667,#6735);
#6735 = DEFINITIONAL_REPRESENTATION('',(#6736),#6746);
#6736 = B_SPLINE_CURVE_WITH_KNOTS('',8,(#6737,#6738,#6739,#6740,#6741,
    #6742,#6743,#6744,#6745),.UNSPECIFIED.,.F.,.F.,(9,9),(3.14159265359,
    4.712389065457),.PIECEWISE_BEZIER_KNOTS.);
#6737 = CARTESIAN_POINT('',(3.14159265359,7.569675722917));
#6738 = CARTESIAN_POINT('',(3.337942205073,7.569675722917));
#6739 = CARTESIAN_POINT('',(3.534291756551,7.236149900468));
#6740 = CARTESIAN_POINT('',(3.730641308042,6.569101088915));
#6741 = CARTESIAN_POINT('',(3.926990859498,5.595948806356));
#6742 = CARTESIAN_POINT('',(4.123340411013,4.371587781512));
#6743 = CARTESIAN_POINT('',(4.319689962485,2.972604603431));
#6744 = CARTESIAN_POINT('',(4.516039513974,1.486301789099));
#6745 = CARTESIAN_POINT('',(4.712389065457,-6.439709068218E-07));
#6746 = ( GEOMETRIC_REPRESENTATION_CONTEXT(2) 
PARAMETRIC_REPRESENTATION_CONTEXT() REPRESENTATION_CONTEXT('2D SPACE',''
  ) );
#6747 = ORIENTED_EDGE('',*,*,#6621,.F.);
#6748 = ORIENTED_EDGE('',*,*,#5281,.T.);
#6749 = ADVANCED_FACE('',(#6750),#5434,.T.);
#6750 = FACE_BOUND('',#6751,.T.);
#6751 = EDGE_LOOP('',(#6752,#6776,#6777));
#6752 = ORIENTED_EDGE('',*,*,#6753,.F.);
#6753 = EDGE_CURVE('',#5416,#5447,#6754,.T.);
#6754 = SURFACE_CURVE('',#6755,(#6759,#6765),.PCURVE_S1.);
#6755 = LINE('',#6756,#6757);
#6756 = CARTESIAN_POINT('',(2.22E+03,-467.5,393.));
#6757 = VECTOR('',#6758,1.);
#6758 = DIRECTION('',(0.88617139521,0.,0.463357592267));
#6759 = PCURVE('',#5434,#6760);
#6760 = DEFINITIONAL_REPRESENTATION('',(#6761),#6764);
#6761 = B_SPLINE_CURVE_WITH_KNOTS('',1,(#6762,#6763),.UNSPECIFIED.,.F.,
  .F.,(2,2),(-12.5,12.5),.PIECEWISE_BEZIER_KNOTS.);
#6762 = CARTESIAN_POINT('',(5.791969903334,-11.07714244012));
#6763 = CARTESIAN_POINT('',(-5.791969903334,11.077142440127));
#6764 = ( GEOMETRIC_REPRESENTATION_CONTEXT(2) 
PARAMETRIC_REPRESENTATION_CONTEXT() REPRESENTATION_CONTEXT('2D SPACE',''
  ) );
#6765 = PCURVE('',#6766,#6771);
#6766 = PLANE('',#6767);
#6767 = AXIS2_PLACEMENT_3D('',#6768,#6769,#6770);
#6768 = CARTESIAN_POINT('',(2.22E+03,-467.5,393.));
#6769 = DIRECTION('',(0.463357592267,0.,-0.88617139521));
#6770 = DIRECTION('',(-0.88617139521,0.,-0.463357592267));
#6771 = DEFINITIONAL_REPRESENTATION('',(#6772),#6775);
#6772 = B_SPLINE_CURVE_WITH_KNOTS('',1,(#6773,#6774),.UNSPECIFIED.,.F.,
  .F.,(2,2),(-12.5,12.5),.PIECEWISE_BEZIER_KNOTS.);
#6773 = CARTESIAN_POINT('',(12.5,0.));
#6774 = CARTESIAN_POINT('',(-12.5,0.));
#6775 = ( GEOMETRIC_REPRESENTATION_CONTEXT(2) 
PARAMETRIC_REPRESENTATION_CONTEXT() REPRESENTATION_CONTEXT('2D SPACE',''
  ) );
#6776 = ORIENTED_EDGE('',*,*,#5415,.T.);
#6777 = ORIENTED_EDGE('',*,*,#5501,.T.);
#6778 = ADVANCED_FACE('',(#6779),#5476,.T.);
#6779 = FACE_BOUND('',#6780,.T.);
#6780 = EDGE_LOOP('',(#6781,#6804,#6826,#6827,#6828,#6864,#6893));
#6781 = ORIENTED_EDGE('',*,*,#6782,.T.);
#6782 = EDGE_CURVE('',#6783,#5416,#6785,.T.);
#6783 = VERTEX_POINT('',#6784);
#6784 = CARTESIAN_POINT('',(2.132430324277E+03,-467.5,533.49999999999));
#6785 = SEAM_CURVE('',#6786,(#6790,#6797),.PCURVE_S1.);
#6786 = LINE('',#6787,#6788);
#6787 = CARTESIAN_POINT('',(2.12892285756E+03,-467.5,540.20803009666));
#6788 = VECTOR('',#6789,1.);
#6789 = DIRECTION('',(0.463357592267,0.,-0.88617139521));
#6790 = PCURVE('',#5476,#6791);
#6791 = DEFINITIONAL_REPRESENTATION('',(#6792),#6796);
#6792 = LINE('',#6793,#6794);
#6793 = CARTESIAN_POINT('',(6.28318530718,-0.));
#6794 = VECTOR('',#6795,1.);
#6795 = DIRECTION('',(0.,1.));
#6796 = ( GEOMETRIC_REPRESENTATION_CONTEXT(2) 
PARAMETRIC_REPRESENTATION_CONTEXT() REPRESENTATION_CONTEXT('2D SPACE',''
  ) );
#6797 = PCURVE('',#5476,#6798);
#6798 = DEFINITIONAL_REPRESENTATION('',(#6799),#6803);
#6799 = LINE('',#6800,#6801);
#6800 = CARTESIAN_POINT('',(0.,-0.));
#6801 = VECTOR('',#6802,1.);
#6802 = DIRECTION('',(0.,1.));
#6803 = ( GEOMETRIC_REPRESENTATION_CONTEXT(2) 
PARAMETRIC_REPRESENTATION_CONTEXT() REPRESENTATION_CONTEXT('2D SPACE',''
  ) );
#6804 = ORIENTED_EDGE('',*,*,#6805,.F.);
#6805 = EDGE_CURVE('',#5447,#5416,#6806,.T.);
#6806 = SURFACE_CURVE('',#6807,(#6812,#6819),.PCURVE_S1.);
#6807 = CIRCLE('',#6808,12.5);
#6808 = AXIS2_PLACEMENT_3D('',#6809,#6810,#6811);
#6809 = CARTESIAN_POINT('',(2.22E+03,-467.5,393.));
#6810 = DIRECTION('',(0.463357592267,0.,-0.88617139521));
#6811 = DIRECTION('',(-0.88617139521,0.,-0.463357592267));
#6812 = PCURVE('',#5476,#6813);
#6813 = DEFINITIONAL_REPRESENTATION('',(#6814),#6818);
#6814 = LINE('',#6815,#6816);
#6815 = CARTESIAN_POINT('',(0.,172.65283084849));
#6816 = VECTOR('',#6817,1.);
#6817 = DIRECTION('',(1.,0.));
#6818 = ( GEOMETRIC_REPRESENTATION_CONTEXT(2) 
PARAMETRIC_REPRESENTATION_CONTEXT() REPRESENTATION_CONTEXT('2D SPACE',''
  ) );
#6819 = PCURVE('',#6766,#6820);
#6820 = DEFINITIONAL_REPRESENTATION('',(#6821),#6825);
#6821 = CIRCLE('',#6822,12.5);
#6822 = AXIS2_PLACEMENT_2D('',#6823,#6824);
#6823 = CARTESIAN_POINT('',(0.,0.));
#6824 = DIRECTION('',(1.,0.));
#6825 = ( GEOMETRIC_REPRESENTATION_CONTEXT(2) 
PARAMETRIC_REPRESENTATION_CONTEXT() REPRESENTATION_CONTEXT('2D SPACE',''
  ) );
#6826 = ORIENTED_EDGE('',*,*,#5446,.T.);
#6827 = ORIENTED_EDGE('',*,*,#6782,.F.);
#6828 = ORIENTED_EDGE('',*,*,#6829,.T.);
#6829 = EDGE_CURVE('',#6783,#6830,#6832,.T.);
#6830 = VERTEX_POINT('',#6831);
#6831 = CARTESIAN_POINT('',(2.14E+03,-455.,546.));
#6832 = SURFACE_CURVE('',#6833,(#6838,#6851),.PCURVE_S1.);
#6833 = ELLIPSE('',#6834,14.613349737487,12.5);
#6834 = AXIS2_PLACEMENT_3D('',#6835,#6836,#6837);
#6835 = CARTESIAN_POINT('',(2.14E+03,-467.5,546.));
#6836 = DIRECTION('',(0.855382251472,0.,-0.517997301023));
#6837 = DIRECTION('',(0.517997301023,0.,0.855382251472));
#6838 = PCURVE('',#5476,#6839);
#6839 = DEFINITIONAL_REPRESENTATION('',(#6840),#6850);
#6840 = B_SPLINE_CURVE_WITH_KNOTS('',8,(#6841,#6842,#6843,#6844,#6845,
    #6846,#6847,#6848,#6849),.UNSPECIFIED.,.F.,.F.,(9,9),(3.14159265359,
    4.712389065457),.PIECEWISE_BEZIER_KNOTS.);
#6841 = CARTESIAN_POINT('',(0.,7.569675722917));
#6842 = CARTESIAN_POINT('',(0.196349551483,7.569675722917));
#6843 = CARTESIAN_POINT('',(0.392699102966,7.23614990047));
#6844 = CARTESIAN_POINT('',(0.589048654451,6.569101088913));
#6845 = CARTESIAN_POINT('',(0.785398205931,5.595948806334));
#6846 = CARTESIAN_POINT('',(0.981747757419,4.371587781512));
#6847 = CARTESIAN_POINT('',(1.1780973089,2.972604603434));
#6848 = CARTESIAN_POINT('',(1.374446860384,1.486301789099));
#6849 = CARTESIAN_POINT('',(1.570796411867,-6.439707931349E-07));
#6850 = ( GEOMETRIC_REPRESENTATION_CONTEXT(2) 
PARAMETRIC_REPRESENTATION_CONTEXT() REPRESENTATION_CONTEXT('2D SPACE',''
  ) );
#6851 = PCURVE('',#6667,#6852);
#6852 = DEFINITIONAL_REPRESENTATION('',(#6853),#6863);
#6853 = B_SPLINE_CURVE_WITH_KNOTS('',8,(#6854,#6855,#6856,#6857,#6858,
    #6859,#6860,#6861,#6862),.UNSPECIFIED.,.F.,.F.,(9,9),(3.14159265359,
    4.712389065457),.PIECEWISE_BEZIER_KNOTS.);
#6854 = CARTESIAN_POINT('',(3.14159265359,432.43032427708));
#6855 = CARTESIAN_POINT('',(3.337942205073,432.43032427708));
#6856 = CARTESIAN_POINT('',(3.534291756551,432.76385009969));
#6857 = CARTESIAN_POINT('',(3.730641308042,433.43089890969));
#6858 = CARTESIAN_POINT('',(3.926990859498,434.40405119326));
#6859 = CARTESIAN_POINT('',(4.123340411013,435.62841221829));
#6860 = CARTESIAN_POINT('',(4.319689962485,437.02739539661));
#6861 = CARTESIAN_POINT('',(4.516039513974,438.5136982109));
#6862 = CARTESIAN_POINT('',(4.712389065457,440.00000064397));
#6863 = ( GEOMETRIC_REPRESENTATION_CONTEXT(2) 
PARAMETRIC_REPRESENTATION_CONTEXT() REPRESENTATION_CONTEXT('2D SPACE',''
  ) );
#6864 = ORIENTED_EDGE('',*,*,#6865,.T.);
#6865 = EDGE_CURVE('',#6830,#6866,#6868,.T.);
#6866 = VERTEX_POINT('',#6867);
#6867 = CARTESIAN_POINT('',(2.14E+03,-480.,546.));
#6868 = SURFACE_CURVE('',#6869,(#6874,#6881),.PCURVE_S1.);
#6869 = CIRCLE('',#6870,12.5);
#6870 = AXIS2_PLACEMENT_3D('',#6871,#6872,#6873);
#6871 = CARTESIAN_POINT('',(2.14E+03,-467.5,546.));
#6872 = DIRECTION('',(0.463357592267,0.,-0.88617139521));
#6873 = DIRECTION('',(-0.88617139521,0.,-0.463357592267));
#6874 = PCURVE('',#5476,#6875);
#6875 = DEFINITIONAL_REPRESENTATION('',(#6876),#6880);
#6876 = LINE('',#6877,#6878);
#6877 = CARTESIAN_POINT('',(0.,0.));
#6878 = VECTOR('',#6879,1.);
#6879 = DIRECTION('',(1.,0.));
#6880 = ( GEOMETRIC_REPRESENTATION_CONTEXT(2) 
PARAMETRIC_REPRESENTATION_CONTEXT() REPRESENTATION_CONTEXT('2D SPACE',''
  ) );
#6881 = PCURVE('',#6882,#6887);
#6882 = PLANE('',#6883);
#6883 = AXIS2_PLACEMENT_3D('',#6884,#6885,#6886);
#6884 = CARTESIAN_POINT('',(2.14E+03,-467.5,546.));
#6885 = DIRECTION('',(0.463357592267,0.,-0.88617139521));
#6886 = DIRECTION('',(-0.88617139521,0.,-0.463357592267));
#6887 = DEFINITIONAL_REPRESENTATION('',(#6888),#6892);
#6888 = CIRCLE('',#6889,12.5);
#6889 = AXIS2_PLACEMENT_2D('',#6890,#6891);
#6890 = CARTESIAN_POINT('',(0.,0.));
#6891 = DIRECTION('',(1.,0.));
#6892 = ( GEOMETRIC_REPRESENTATION_CONTEXT(2) 
PARAMETRIC_REPRESENTATION_CONTEXT() REPRESENTATION_CONTEXT('2D SPACE',''
  ) );
#6893 = ORIENTED_EDGE('',*,*,#6894,.T.);
#6894 = EDGE_CURVE('',#6866,#6783,#6895,.T.);
#6895 = SURFACE_CURVE('',#6896,(#6901,#6914),.PCURVE_S1.);
#6896 = ELLIPSE('',#6897,14.613349737487,12.5);
#6897 = AXIS2_PLACEMENT_3D('',#6898,#6899,#6900);
#6898 = CARTESIAN_POINT('',(2.14E+03,-467.5,546.));
#6899 = DIRECTION('',(0.855382251472,0.,-0.517997301023));
#6900 = DIRECTION('',(0.517997301023,0.,0.855382251472));
#6901 = PCURVE('',#5476,#6902);
#6902 = DEFINITIONAL_REPRESENTATION('',(#6903),#6913);
#6903 = B_SPLINE_CURVE_WITH_KNOTS('',8,(#6904,#6905,#6906,#6907,#6908,
    #6909,#6910,#6911,#6912),.UNSPECIFIED.,.F.,.F.,(9,9),(1.570796241722
    ,3.14159265359),.PIECEWISE_BEZIER_KNOTS.);
#6904 = CARTESIAN_POINT('',(4.712388895312,-6.439709068218E-07));
#6905 = CARTESIAN_POINT('',(4.908738446796,1.486301789099));
#6906 = CARTESIAN_POINT('',(5.10508799828,2.972604603437));
#6907 = CARTESIAN_POINT('',(5.301437549761,4.371587781512));
#6908 = CARTESIAN_POINT('',(5.497787101248,5.595948806345));
#6909 = CARTESIAN_POINT('',(5.694136652727,6.56910108891));
#6910 = CARTESIAN_POINT('',(5.890486204213,7.23614990047));
#6911 = CARTESIAN_POINT('',(6.086835755696,7.569675722917));
#6912 = CARTESIAN_POINT('',(6.28318530718,7.569675722917));
#6913 = ( GEOMETRIC_REPRESENTATION_CONTEXT(2) 
PARAMETRIC_REPRESENTATION_CONTEXT() REPRESENTATION_CONTEXT('2D SPACE',''
  ) );
#6914 = PCURVE('',#6667,#6915);
#6915 = DEFINITIONAL_REPRESENTATION('',(#6916),#6926);
#6916 = B_SPLINE_CURVE_WITH_KNOTS('',8,(#6917,#6918,#6919,#6920,#6921,
    #6922,#6923,#6924,#6925),.UNSPECIFIED.,.F.,.F.,(9,9),(1.570796241722
    ,3.14159265359),.PIECEWISE_BEZIER_KNOTS.);
#6917 = CARTESIAN_POINT('',(1.570796241722,440.00000064397));
#6918 = CARTESIAN_POINT('',(1.767145793206,438.5136982109));
#6919 = CARTESIAN_POINT('',(1.96349534469,437.02739539643));
#6920 = CARTESIAN_POINT('',(2.159844896162,435.62841221806));
#6921 = CARTESIAN_POINT('',(2.356194447664,434.40405119303));
#6922 = CARTESIAN_POINT('',(2.552543999129,433.43089891015));
#6923 = CARTESIAN_POINT('',(2.748893550624,432.76385009934));
#6924 = CARTESIAN_POINT('',(2.945243102106,432.43032427708));
#6925 = CARTESIAN_POINT('',(3.14159265359,432.43032427708));
#6926 = ( GEOMETRIC_REPRESENTATION_CONTEXT(2) 
PARAMETRIC_REPRESENTATION_CONTEXT() REPRESENTATION_CONTEXT('2D SPACE',''
  ) );
#6927 = ADVANCED_FACE('',(#6928),#6203,.T.);
#6928 = FACE_BOUND('',#6929,.T.);
#6929 = EDGE_LOOP('',(#6930,#6954));
#6930 = ORIENTED_EDGE('',*,*,#6931,.T.);
#6931 = EDGE_CURVE('',#6187,#6185,#6932,.T.);
#6932 = SURFACE_CURVE('',#6933,(#6937,#6943),.PCURVE_S1.);
#6933 = LINE('',#6934,#6935);
#6934 = CARTESIAN_POINT('',(1.62E+03,467.5,393.));
#6935 = VECTOR('',#6936,1.);
#6936 = DIRECTION('',(0.88617139521,0.,-0.463357592267));
#6937 = PCURVE('',#6203,#6938);
#6938 = DEFINITIONAL_REPRESENTATION('',(#6939),#6942);
#6939 = B_SPLINE_CURVE_WITH_KNOTS('',1,(#6940,#6941),.UNSPECIFIED.,.F.,
  .F.,(2,2),(-12.5,12.5),.PIECEWISE_BEZIER_KNOTS.);
#6940 = CARTESIAN_POINT('',(5.791969903334,-11.07714244012));
#6941 = CARTESIAN_POINT('',(-5.791969903334,11.077142440127));
#6942 = ( GEOMETRIC_REPRESENTATION_CONTEXT(2) 
PARAMETRIC_REPRESENTATION_CONTEXT() REPRESENTATION_CONTEXT('2D SPACE',''
  ) );
#6943 = PCURVE('',#6944,#6949);
#6944 = PLANE('',#6945);
#6945 = AXIS2_PLACEMENT_3D('',#6946,#6947,#6948);
#6946 = CARTESIAN_POINT('',(1.62E+03,467.5,393.));
#6947 = DIRECTION('',(0.463357592267,0.,0.88617139521));
#6948 = DIRECTION('',(0.88617139521,0.,-0.463357592267));
#6949 = DEFINITIONAL_REPRESENTATION('',(#6950),#6953);
#6950 = B_SPLINE_CURVE_WITH_KNOTS('',1,(#6951,#6952),.UNSPECIFIED.,.F.,
  .F.,(2,2),(-12.5,12.5),.PIECEWISE_BEZIER_KNOTS.);
#6951 = CARTESIAN_POINT('',(-12.5,0.));
#6952 = CARTESIAN_POINT('',(12.5,0.));
#6953 = ( GEOMETRIC_REPRESENTATION_CONTEXT(2) 
PARAMETRIC_REPRESENTATION_CONTEXT() REPRESENTATION_CONTEXT('2D SPACE',''
  ) );
#6954 = ORIENTED_EDGE('',*,*,#6184,.T.);
#6955 = ADVANCED_FACE('',(#6956),#6243,.T.);
#6956 = FACE_BOUND('',#6957,.T.);
#6957 = EDGE_LOOP('',(#6958,#6959,#6982,#7023,#7052,#7086,#7087,#7109));
#6958 = ORIENTED_EDGE('',*,*,#6215,.T.);
#6959 = ORIENTED_EDGE('',*,*,#6960,.T.);
#6960 = EDGE_CURVE('',#6185,#6961,#6963,.T.);
#6961 = VERTEX_POINT('',#6962);
#6962 = CARTESIAN_POINT('',(1.707569675723E+03,467.5,533.5));
#6963 = SEAM_CURVE('',#6964,(#6968,#6975),.PCURVE_S1.);
#6964 = LINE('',#6965,#6966);
#6965 = CARTESIAN_POINT('',(1.63107714244E+03,467.5,387.20803009666));
#6966 = VECTOR('',#6967,1.);
#6967 = DIRECTION('',(0.463357592267,0.,0.88617139521));
#6968 = PCURVE('',#6243,#6969);
#6969 = DEFINITIONAL_REPRESENTATION('',(#6970),#6974);
#6970 = LINE('',#6971,#6972);
#6971 = CARTESIAN_POINT('',(0.,-0.));
#6972 = VECTOR('',#6973,1.);
#6973 = DIRECTION('',(0.,1.));
#6974 = ( GEOMETRIC_REPRESENTATION_CONTEXT(2) 
PARAMETRIC_REPRESENTATION_CONTEXT() REPRESENTATION_CONTEXT('2D SPACE',''
  ) );
#6975 = PCURVE('',#6243,#6976);
#6976 = DEFINITIONAL_REPRESENTATION('',(#6977),#6981);
#6977 = LINE('',#6978,#6979);
#6978 = CARTESIAN_POINT('',(6.28318530718,-0.));
#6979 = VECTOR('',#6980,1.);
#6980 = DIRECTION('',(0.,1.));
#6981 = ( GEOMETRIC_REPRESENTATION_CONTEXT(2) 
PARAMETRIC_REPRESENTATION_CONTEXT() REPRESENTATION_CONTEXT('2D SPACE',''
  ) );
#6982 = ORIENTED_EDGE('',*,*,#6983,.F.);
#6983 = EDGE_CURVE('',#6984,#6961,#6986,.T.);
#6984 = VERTEX_POINT('',#6985);
#6985 = CARTESIAN_POINT('',(1.7E+03,455.,546.));
#6986 = SURFACE_CURVE('',#6987,(#6992,#7005),.PCURVE_S1.);
#6987 = ELLIPSE('',#6988,14.613349737487,12.5);
#6988 = AXIS2_PLACEMENT_3D('',#6989,#6990,#6991);
#6989 = CARTESIAN_POINT('',(1.7E+03,467.5,546.));
#6990 = DIRECTION('',(0.855382251472,0.,0.517997301023));
#6991 = DIRECTION('',(-0.517997301023,0.,0.855382251472));
#6992 = PCURVE('',#6243,#6993);
#6993 = DEFINITIONAL_REPRESENTATION('',(#6994),#7004);
#6994 = B_SPLINE_CURVE_WITH_KNOTS('',8,(#6995,#6996,#6997,#6998,#6999,
    #7000,#7001,#7002,#7003),.UNSPECIFIED.,.F.,.F.,(9,9),(1.570796005439
    ,3.14159265359),.PIECEWISE_BEZIER_KNOTS.);
#6995 = CARTESIAN_POINT('',(4.712388659029,172.65283328105));
#6996 = CARTESIAN_POINT('',(4.908738240048,171.16653062441));
#6997 = CARTESIAN_POINT('',(5.105087821067,169.68022750751));
#6998 = CARTESIAN_POINT('',(5.301437402081,168.28124398848));
#6999 = CARTESIAN_POINT('',(5.497786983108,167.05688262684));
#7000 = CARTESIAN_POINT('',(5.69413656412,166.0837300613));
#7001 = CARTESIAN_POINT('',(5.890486145142,165.41668104814));
#7002 = CARTESIAN_POINT('',(6.086835726161,165.08315512558));
#7003 = CARTESIAN_POINT('',(6.28318530718,165.08315512558));
#7004 = ( GEOMETRIC_REPRESENTATION_CONTEXT(2) 
PARAMETRIC_REPRESENTATION_CONTEXT() REPRESENTATION_CONTEXT('2D SPACE',''
  ) );
#7005 = PCURVE('',#7006,#7011);
#7006 = CYLINDRICAL_SURFACE('',#7007,12.5);
#7007 = AXIS2_PLACEMENT_3D('',#7008,#7009,#7010);
#7008 = CARTESIAN_POINT('',(1.7E+03,467.5,546.));
#7009 = DIRECTION('',(1.,0.,0.));
#7010 = DIRECTION('',(-0.,0.,1.));
#7011 = DEFINITIONAL_REPRESENTATION('',(#7012),#7022);
#7012 = B_SPLINE_CURVE_WITH_KNOTS('',8,(#7013,#7014,#7015,#7016,#7017,
    #7018,#7019,#7020,#7021),.UNSPECIFIED.,.F.,.F.,(9,9),(1.570796005439
    ,3.14159265359),.PIECEWISE_BEZIER_KNOTS.);
#7013 = CARTESIAN_POINT('',(1.570796005439,-2.432560677335E-06));
#7014 = CARTESIAN_POINT('',(1.767145586458,1.486300224083));
#7015 = CARTESIAN_POINT('',(1.963495167474,2.972603340791));
#7016 = CARTESIAN_POINT('',(2.159844748498,4.371586860656));
#7017 = CARTESIAN_POINT('',(2.356194329504,5.59594822082));
#7018 = CARTESIAN_POINT('',(2.552543910531,6.569100787889));
#7019 = CARTESIAN_POINT('',(2.748893491549,7.236149800123));
#7020 = CARTESIAN_POINT('',(2.945243072571,7.569675722917));
#7021 = CARTESIAN_POINT('',(3.14159265359,7.569675722917));
#7022 = ( GEOMETRIC_REPRESENTATION_CONTEXT(2) 
PARAMETRIC_REPRESENTATION_CONTEXT() REPRESENTATION_CONTEXT('2D SPACE',''
  ) );
#7023 = ORIENTED_EDGE('',*,*,#7024,.F.);
#7024 = EDGE_CURVE('',#7025,#6984,#7027,.T.);
#7025 = VERTEX_POINT('',#7026);
#7026 = CARTESIAN_POINT('',(1.7E+03,480.,546.));
#7027 = SURFACE_CURVE('',#7028,(#7033,#7040),.PCURVE_S1.);
#7028 = CIRCLE('',#7029,12.5);
#7029 = AXIS2_PLACEMENT_3D('',#7030,#7031,#7032);
#7030 = CARTESIAN_POINT('',(1.7E+03,467.5,546.));
#7031 = DIRECTION('',(0.463357592267,0.,0.88617139521));
#7032 = DIRECTION('',(0.88617139521,0.,-0.463357592267));
#7033 = PCURVE('',#6243,#7034);
#7034 = DEFINITIONAL_REPRESENTATION('',(#7035),#7039);
#7035 = LINE('',#7036,#7037);
#7036 = CARTESIAN_POINT('',(0.,172.65283084849));
#7037 = VECTOR('',#7038,1.);
#7038 = DIRECTION('',(1.,0.));
#7039 = ( GEOMETRIC_REPRESENTATION_CONTEXT(2) 
PARAMETRIC_REPRESENTATION_CONTEXT() REPRESENTATION_CONTEXT('2D SPACE',''
  ) );
#7040 = PCURVE('',#7041,#7046);
#7041 = PLANE('',#7042);
#7042 = AXIS2_PLACEMENT_3D('',#7043,#7044,#7045);
#7043 = CARTESIAN_POINT('',(1.7E+03,467.5,546.));
#7044 = DIRECTION('',(0.463357592267,0.,0.88617139521));
#7045 = DIRECTION('',(0.88617139521,0.,-0.463357592267));
#7046 = DEFINITIONAL_REPRESENTATION('',(#7047),#7051);
#7047 = CIRCLE('',#7048,12.5);
#7048 = AXIS2_PLACEMENT_2D('',#7049,#7050);
#7049 = CARTESIAN_POINT('',(0.,0.));
#7050 = DIRECTION('',(1.,0.));
#7051 = ( GEOMETRIC_REPRESENTATION_CONTEXT(2) 
PARAMETRIC_REPRESENTATION_CONTEXT() REPRESENTATION_CONTEXT('2D SPACE',''
  ) );
#7052 = ORIENTED_EDGE('',*,*,#7053,.F.);
#7053 = EDGE_CURVE('',#6961,#7025,#7054,.T.);
#7054 = SURFACE_CURVE('',#7055,(#7060,#7073),.PCURVE_S1.);
#7055 = ELLIPSE('',#7056,14.613349737487,12.5);
#7056 = AXIS2_PLACEMENT_3D('',#7057,#7058,#7059);
#7057 = CARTESIAN_POINT('',(1.7E+03,467.5,546.));
#7058 = DIRECTION('',(0.855382251472,0.,0.517997301023));
#7059 = DIRECTION('',(-0.517997301023,0.,0.855382251472));
#7060 = PCURVE('',#6243,#7061);
#7061 = DEFINITIONAL_REPRESENTATION('',(#7062),#7072);
#7062 = B_SPLINE_CURVE_WITH_KNOTS('',8,(#7063,#7064,#7065,#7066,#7067,
    #7068,#7069,#7070,#7071),.UNSPECIFIED.,.F.,.F.,(9,9),(3.14159265359,
    4.712389065457),.PIECEWISE_BEZIER_KNOTS.);
#7063 = CARTESIAN_POINT('',(0.,165.08315512558));
#7064 = CARTESIAN_POINT('',(0.196349551483,165.08315512558));
#7065 = CARTESIAN_POINT('',(0.392699102967,165.41668094789));
#7066 = CARTESIAN_POINT('',(0.589048654448,166.08372976037));
#7067 = CARTESIAN_POINT('',(0.785398205935,167.05688204057));
#7068 = CARTESIAN_POINT('',(0.981747757413,168.28124306735));
#7069 = CARTESIAN_POINT('',(1.178097308901,169.68022624476));
#7070 = CARTESIAN_POINT('',(1.374446860384,171.16652905939));
#7071 = CARTESIAN_POINT('',(1.570796411867,172.65283149246));
#7072 = ( GEOMETRIC_REPRESENTATION_CONTEXT(2) 
PARAMETRIC_REPRESENTATION_CONTEXT() REPRESENTATION_CONTEXT('2D SPACE',''
  ) );
#7073 = PCURVE('',#7006,#7074);
#7074 = DEFINITIONAL_REPRESENTATION('',(#7075),#7085);
#7075 = B_SPLINE_CURVE_WITH_KNOTS('',8,(#7076,#7077,#7078,#7079,#7080,
    #7081,#7082,#7083,#7084),.UNSPECIFIED.,.F.,.F.,(9,9),(3.14159265359,
    4.712389065457),.PIECEWISE_BEZIER_KNOTS.);
#7076 = CARTESIAN_POINT('',(3.14159265359,7.569675722917));
#7077 = CARTESIAN_POINT('',(3.337942205073,7.569675722917));
#7078 = CARTESIAN_POINT('',(3.534291756551,7.236149900468));
#7079 = CARTESIAN_POINT('',(3.730641308042,6.569101088915));
#7080 = CARTESIAN_POINT('',(3.926990859498,5.595948806356));
#7081 = CARTESIAN_POINT('',(4.123340411013,4.371587781512));
#7082 = CARTESIAN_POINT('',(4.319689962485,2.972604603431));
#7083 = CARTESIAN_POINT('',(4.516039513974,1.486301789099));
#7084 = CARTESIAN_POINT('',(4.712389065457,-6.439709068218E-07));
#7085 = ( GEOMETRIC_REPRESENTATION_CONTEXT(2) 
PARAMETRIC_REPRESENTATION_CONTEXT() REPRESENTATION_CONTEXT('2D SPACE',''
  ) );
#7086 = ORIENTED_EDGE('',*,*,#6960,.F.);
#7087 = ORIENTED_EDGE('',*,*,#7088,.T.);
#7088 = EDGE_CURVE('',#6185,#6187,#7089,.T.);
#7089 = SURFACE_CURVE('',#7090,(#7095,#7102),.PCURVE_S1.);
#7090 = CIRCLE('',#7091,12.5);
#7091 = AXIS2_PLACEMENT_3D('',#7092,#7093,#7094);
#7092 = CARTESIAN_POINT('',(1.62E+03,467.5,393.));
#7093 = DIRECTION('',(0.463357592267,0.,0.88617139521));
#7094 = DIRECTION('',(0.88617139521,0.,-0.463357592267));
#7095 = PCURVE('',#6243,#7096);
#7096 = DEFINITIONAL_REPRESENTATION('',(#7097),#7101);
#7097 = LINE('',#7098,#7099);
#7098 = CARTESIAN_POINT('',(0.,0.));
#7099 = VECTOR('',#7100,1.);
#7100 = DIRECTION('',(1.,0.));
#7101 = ( GEOMETRIC_REPRESENTATION_CONTEXT(2) 
PARAMETRIC_REPRESENTATION_CONTEXT() REPRESENTATION_CONTEXT('2D SPACE',''
  ) );
#7102 = PCURVE('',#6944,#7103);
#7103 = DEFINITIONAL_REPRESENTATION('',(#7104),#7108);
#7104 = CIRCLE('',#7105,12.5);
#7105 = AXIS2_PLACEMENT_2D('',#7106,#7107);
#7106 = CARTESIAN_POINT('',(0.,0.));
#7107 = DIRECTION('',(1.,0.));
#7108 = ( GEOMETRIC_REPRESENTATION_CONTEXT(2) 
PARAMETRIC_REPRESENTATION_CONTEXT() REPRESENTATION_CONTEXT('2D SPACE',''
  ) );
#7109 = ORIENTED_EDGE('',*,*,#6289,.T.);
#7110 = ADVANCED_FACE('',(#7111),#6406,.T.);
#7111 = FACE_BOUND('',#7112,.T.);
#7112 = EDGE_LOOP('',(#7113,#7140,#7163,#7199,#7228,#7262,#7263,#7264));
#7113 = ORIENTED_EDGE('',*,*,#7114,.F.);
#7114 = EDGE_CURVE('',#6377,#6430,#7115,.T.);
#7115 = SURFACE_CURVE('',#7116,(#7121,#7128),.PCURVE_S1.);
#7116 = CIRCLE('',#7117,12.5);
#7117 = AXIS2_PLACEMENT_3D('',#7118,#7119,#7120);
#7118 = CARTESIAN_POINT('',(2.22E+03,467.5,393.));
#7119 = DIRECTION('',(0.463357592267,0.,-0.88617139521));
#7120 = DIRECTION('',(-0.88617139521,0.,-0.463357592267));
#7121 = PCURVE('',#6406,#7122);
#7122 = DEFINITIONAL_REPRESENTATION('',(#7123),#7127);
#7123 = LINE('',#7124,#7125);
#7124 = CARTESIAN_POINT('',(0.,172.65283084849));
#7125 = VECTOR('',#7126,1.);
#7126 = DIRECTION('',(1.,0.));
#7127 = ( GEOMETRIC_REPRESENTATION_CONTEXT(2) 
PARAMETRIC_REPRESENTATION_CONTEXT() REPRESENTATION_CONTEXT('2D SPACE',''
  ) );
#7128 = PCURVE('',#7129,#7134);
#7129 = PLANE('',#7130);
#7130 = AXIS2_PLACEMENT_3D('',#7131,#7132,#7133);
#7131 = CARTESIAN_POINT('',(2.22E+03,467.5,393.));
#7132 = DIRECTION('',(0.463357592267,0.,-0.88617139521));
#7133 = DIRECTION('',(-0.88617139521,0.,-0.463357592267));
#7134 = DEFINITIONAL_REPRESENTATION('',(#7135),#7139);
#7135 = CIRCLE('',#7136,12.5);
#7136 = AXIS2_PLACEMENT_2D('',#7137,#7138);
#7137 = CARTESIAN_POINT('',(0.,0.));
#7138 = DIRECTION('',(1.,0.));
#7139 = ( GEOMETRIC_REPRESENTATION_CONTEXT(2) 
PARAMETRIC_REPRESENTATION_CONTEXT() REPRESENTATION_CONTEXT('2D SPACE',''
  ) );
#7140 = ORIENTED_EDGE('',*,*,#7141,.F.);
#7141 = EDGE_CURVE('',#7142,#6377,#7144,.T.);
#7142 = VERTEX_POINT('',#7143);
#7143 = CARTESIAN_POINT('',(2.132430324277E+03,467.5,533.49999999999));
#7144 = SEAM_CURVE('',#7145,(#7149,#7156),.PCURVE_S1.);
#7145 = LINE('',#7146,#7147);
#7146 = CARTESIAN_POINT('',(2.12892285756E+03,467.5,540.20803009666));
#7147 = VECTOR('',#7148,1.);
#7148 = DIRECTION('',(0.463357592267,0.,-0.88617139521));
#7149 = PCURVE('',#6406,#7150);
#7150 = DEFINITIONAL_REPRESENTATION('',(#7151),#7155);
#7151 = LINE('',#7152,#7153);
#7152 = CARTESIAN_POINT('',(6.28318530718,-0.));
#7153 = VECTOR('',#7154,1.);
#7154 = DIRECTION('',(0.,1.));
#7155 = ( GEOMETRIC_REPRESENTATION_CONTEXT(2) 
PARAMETRIC_REPRESENTATION_CONTEXT() REPRESENTATION_CONTEXT('2D SPACE',''
  ) );
#7156 = PCURVE('',#6406,#7157);
#7157 = DEFINITIONAL_REPRESENTATION('',(#7158),#7162);
#7158 = LINE('',#7159,#7160);
#7159 = CARTESIAN_POINT('',(0.,-0.));
#7160 = VECTOR('',#7161,1.);
#7161 = DIRECTION('',(0.,1.));
#7162 = ( GEOMETRIC_REPRESENTATION_CONTEXT(2) 
PARAMETRIC_REPRESENTATION_CONTEXT() REPRESENTATION_CONTEXT('2D SPACE',''
  ) );
#7163 = ORIENTED_EDGE('',*,*,#7164,.T.);
#7164 = EDGE_CURVE('',#7142,#7165,#7167,.T.);
#7165 = VERTEX_POINT('',#7166);
#7166 = CARTESIAN_POINT('',(2.14E+03,480.,546.));
#7167 = SURFACE_CURVE('',#7168,(#7173,#7186),.PCURVE_S1.);
#7168 = ELLIPSE('',#7169,14.613349737487,12.5);
#7169 = AXIS2_PLACEMENT_3D('',#7170,#7171,#7172);
#7170 = CARTESIAN_POINT('',(2.14E+03,467.5,546.));
#7171 = DIRECTION('',(0.855382251472,0.,-0.517997301023));
#7172 = DIRECTION('',(0.517997301023,0.,0.855382251472));
#7173 = PCURVE('',#6406,#7174);
#7174 = DEFINITIONAL_REPRESENTATION('',(#7175),#7185);
#7175 = B_SPLINE_CURVE_WITH_KNOTS('',8,(#7176,#7177,#7178,#7179,#7180,
    #7181,#7182,#7183,#7184),.UNSPECIFIED.,.F.,.F.,(9,9),(3.14159265359,
    4.712389065457),.PIECEWISE_BEZIER_KNOTS.);
#7176 = CARTESIAN_POINT('',(0.,7.569675722917));
#7177 = CARTESIAN_POINT('',(0.196349551483,7.569675722917));
#7178 = CARTESIAN_POINT('',(0.392699102966,7.23614990047));
#7179 = CARTESIAN_POINT('',(0.589048654451,6.569101088913));
#7180 = CARTESIAN_POINT('',(0.785398205931,5.595948806334));
#7181 = CARTESIAN_POINT('',(0.981747757419,4.371587781512));
#7182 = CARTESIAN_POINT('',(1.1780973089,2.972604603434));
#7183 = CARTESIAN_POINT('',(1.374446860384,1.486301789099));
#7184 = CARTESIAN_POINT('',(1.570796411867,-6.439707931349E-07));
#7185 = ( GEOMETRIC_REPRESENTATION_CONTEXT(2) 
PARAMETRIC_REPRESENTATION_CONTEXT() REPRESENTATION_CONTEXT('2D SPACE',''
  ) );
#7186 = PCURVE('',#7006,#7187);
#7187 = DEFINITIONAL_REPRESENTATION('',(#7188),#7198);
#7188 = B_SPLINE_CURVE_WITH_KNOTS('',8,(#7189,#7190,#7191,#7192,#7193,
    #7194,#7195,#7196,#7197),.UNSPECIFIED.,.F.,.F.,(9,9),(3.14159265359,
    4.712389065457),.PIECEWISE_BEZIER_KNOTS.);
#7189 = CARTESIAN_POINT('',(3.14159265359,432.43032427708));
#7190 = CARTESIAN_POINT('',(3.337942205073,432.43032427708));
#7191 = CARTESIAN_POINT('',(3.534291756551,432.76385009969));
#7192 = CARTESIAN_POINT('',(3.730641308042,433.43089890969));
#7193 = CARTESIAN_POINT('',(3.926990859498,434.40405119326));
#7194 = CARTESIAN_POINT('',(4.123340411013,435.62841221829));
#7195 = CARTESIAN_POINT('',(4.319689962485,437.02739539661));
#7196 = CARTESIAN_POINT('',(4.516039513974,438.5136982109));
#7197 = CARTESIAN_POINT('',(4.712389065457,440.00000064397));
#7198 = ( GEOMETRIC_REPRESENTATION_CONTEXT(2) 
PARAMETRIC_REPRESENTATION_CONTEXT() REPRESENTATION_CONTEXT('2D SPACE',''
  ) );
#7199 = ORIENTED_EDGE('',*,*,#7200,.T.);
#7200 = EDGE_CURVE('',#7165,#7201,#7203,.T.);
#7201 = VERTEX_POINT('',#7202);
#7202 = CARTESIAN_POINT('',(2.14E+03,455.,546.));
#7203 = SURFACE_CURVE('',#7204,(#7209,#7216),.PCURVE_S1.);
#7204 = CIRCLE('',#7205,12.5);
#7205 = AXIS2_PLACEMENT_3D('',#7206,#7207,#7208);
#7206 = CARTESIAN_POINT('',(2.14E+03,467.5,546.));
#7207 = DIRECTION('',(0.463357592267,0.,-0.88617139521));
#7208 = DIRECTION('',(-0.88617139521,0.,-0.463357592267));
#7209 = PCURVE('',#6406,#7210);
#7210 = DEFINITIONAL_REPRESENTATION('',(#7211),#7215);
#7211 = LINE('',#7212,#7213);
#7212 = CARTESIAN_POINT('',(0.,0.));
#7213 = VECTOR('',#7214,1.);
#7214 = DIRECTION('',(1.,0.));
#7215 = ( GEOMETRIC_REPRESENTATION_CONTEXT(2) 
PARAMETRIC_REPRESENTATION_CONTEXT() REPRESENTATION_CONTEXT('2D SPACE',''
  ) );
#7216 = PCURVE('',#7217,#7222);
#7217 = PLANE('',#7218);
#7218 = AXIS2_PLACEMENT_3D('',#7219,#7220,#7221);
#7219 = CARTESIAN_POINT('',(2.14E+03,467.5,546.));
#7220 = DIRECTION('',(0.463357592267,0.,-0.88617139521));
#7221 = DIRECTION('',(-0.88617139521,0.,-0.463357592267));
#7222 = DEFINITIONAL_REPRESENTATION('',(#7223),#7227);
#7223 = CIRCLE('',#7224,12.5);
#7224 = AXIS2_PLACEMENT_2D('',#7225,#7226);
#7225 = CARTESIAN_POINT('',(0.,0.));
#7226 = DIRECTION('',(1.,0.));
#7227 = ( GEOMETRIC_REPRESENTATION_CONTEXT(2) 
PARAMETRIC_REPRESENTATION_CONTEXT() REPRESENTATION_CONTEXT('2D SPACE',''
  ) );
#7228 = ORIENTED_EDGE('',*,*,#7229,.T.);
#7229 = EDGE_CURVE('',#7201,#7142,#7230,.T.);
#7230 = SURFACE_CURVE('',#7231,(#7236,#7249),.PCURVE_S1.);
#7231 = ELLIPSE('',#7232,14.613349737487,12.5);
#7232 = AXIS2_PLACEMENT_3D('',#7233,#7234,#7235);
#7233 = CARTESIAN_POINT('',(2.14E+03,467.5,546.));
#7234 = DIRECTION('',(0.855382251472,0.,-0.517997301023));
#7235 = DIRECTION('',(0.517997301023,0.,0.855382251472));
#7236 = PCURVE('',#6406,#7237);
#7237 = DEFINITIONAL_REPRESENTATION('',(#7238),#7248);
#7238 = B_SPLINE_CURVE_WITH_KNOTS('',8,(#7239,#7240,#7241,#7242,#7243,
    #7244,#7245,#7246,#7247),.UNSPECIFIED.,.F.,.F.,(9,9),(1.570796241722
    ,3.14159265359),.PIECEWISE_BEZIER_KNOTS.);
#7239 = CARTESIAN_POINT('',(4.712388895312,-6.439709068218E-07));
#7240 = CARTESIAN_POINT('',(4.908738446796,1.486301789099));
#7241 = CARTESIAN_POINT('',(5.10508799828,2.972604603437));
#7242 = CARTESIAN_POINT('',(5.301437549761,4.371587781512));
#7243 = CARTESIAN_POINT('',(5.497787101248,5.595948806345));
#7244 = CARTESIAN_POINT('',(5.694136652727,6.56910108891));
#7245 = CARTESIAN_POINT('',(5.890486204213,7.23614990047));
#7246 = CARTESIAN_POINT('',(6.086835755696,7.569675722917));
#7247 = CARTESIAN_POINT('',(6.28318530718,7.569675722917));
#7248 = ( GEOMETRIC_REPRESENTATION_CONTEXT(2) 
PARAMETRIC_REPRESENTATION_CONTEXT() REPRESENTATION_CONTEXT('2D SPACE',''
  ) );
#7249 = PCURVE('',#7006,#7250);
#7250 = DEFINITIONAL_REPRESENTATION('',(#7251),#7261);
#7251 = B_SPLINE_CURVE_WITH_KNOTS('',8,(#7252,#7253,#7254,#7255,#7256,
    #7257,#7258,#7259,#7260),.UNSPECIFIED.,.F.,.F.,(9,9),(1.570796241722
    ,3.14159265359),.PIECEWISE_BEZIER_KNOTS.);
#7252 = CARTESIAN_POINT('',(1.570796241722,440.00000064397));
#7253 = CARTESIAN_POINT('',(1.767145793206,438.5136982109));
#7254 = CARTESIAN_POINT('',(1.96349534469,437.02739539643));
#7255 = CARTESIAN_POINT('',(2.159844896162,435.62841221806));
#7256 = CARTESIAN_POINT('',(2.356194447664,434.40405119303));
#7257 = CARTESIAN_POINT('',(2.552543999129,433.43089891015));
#7258 = CARTESIAN_POINT('',(2.748893550624,432.76385009934));
#7259 = CARTESIAN_POINT('',(2.945243102106,432.43032427708));
#7260 = CARTESIAN_POINT('',(3.14159265359,432.43032427708));
#7261 = ( GEOMETRIC_REPRESENTATION_CONTEXT(2) 
PARAMETRIC_REPRESENTATION_CONTEXT() REPRESENTATION_CONTEXT('2D SPACE',''
  ) );
#7262 = ORIENTED_EDGE('',*,*,#7141,.T.);
#7263 = ORIENTED_EDGE('',*,*,#6376,.T.);
#7264 = ORIENTED_EDGE('',*,*,#6458,.T.);
#7265 = ADVANCED_FACE('',(#7266),#6446,.T.);
#7266 = FACE_BOUND('',#7267,.T.);
#7267 = EDGE_LOOP('',(#7268,#7269));
#7268 = ORIENTED_EDGE('',*,*,#6429,.T.);
#7269 = ORIENTED_EDGE('',*,*,#7270,.F.);
#7270 = EDGE_CURVE('',#6430,#6377,#7271,.T.);
#7271 = SURFACE_CURVE('',#7272,(#7276,#7282),.PCURVE_S1.);
#7272 = LINE('',#7273,#7274);
#7273 = CARTESIAN_POINT('',(2.22E+03,467.5,393.));
#7274 = VECTOR('',#7275,1.);
#7275 = DIRECTION('',(-0.88617139521,0.,-0.463357592267));
#7276 = PCURVE('',#6446,#7277);
#7277 = DEFINITIONAL_REPRESENTATION('',(#7278),#7281);
#7278 = B_SPLINE_CURVE_WITH_KNOTS('',1,(#7279,#7280),.UNSPECIFIED.,.F.,
  .F.,(2,2),(-12.5,12.5),.PIECEWISE_BEZIER_KNOTS.);
#7279 = CARTESIAN_POINT('',(5.791969903334,11.077142440127));
#7280 = CARTESIAN_POINT('',(-5.791969903334,-11.07714244012));
#7281 = ( GEOMETRIC_REPRESENTATION_CONTEXT(2) 
PARAMETRIC_REPRESENTATION_CONTEXT() REPRESENTATION_CONTEXT('2D SPACE',''
  ) );
#7282 = PCURVE('',#7129,#7283);
#7283 = DEFINITIONAL_REPRESENTATION('',(#7284),#7287);
#7284 = B_SPLINE_CURVE_WITH_KNOTS('',1,(#7285,#7286),.UNSPECIFIED.,.F.,
  .F.,(2,2),(-12.5,12.5),.PIECEWISE_BEZIER_KNOTS.);
#7285 = CARTESIAN_POINT('',(-12.5,0.));
#7286 = CARTESIAN_POINT('',(12.5,0.));
#7287 = ( GEOMETRIC_REPRESENTATION_CONTEXT(2) 
PARAMETRIC_REPRESENTATION_CONTEXT() REPRESENTATION_CONTEXT('2D SPACE',''
  ) );
#7288 = ADVANCED_FACE('',(#7289),#6585,.F.);
#7289 = FACE_BOUND('',#7290,.F.);
#7290 = EDGE_LOOP('',(#7291,#7292));
#7291 = ORIENTED_EDGE('',*,*,#6599,.T.);
#7292 = ORIENTED_EDGE('',*,*,#6572,.T.);
#7293 = ADVANCED_FACE('',(#7294,#7424),#6667,.T.);
#7294 = FACE_BOUND('',#7295,.T.);
#7295 = EDGE_LOOP('',(#7296,#7321,#7348,#7349,#7350,#7372,#7373,#7400,
    #7401,#7402));
#7296 = ORIENTED_EDGE('',*,*,#7297,.T.);
#7297 = EDGE_CURVE('',#7298,#7300,#7302,.T.);
#7298 = VERTEX_POINT('',#7299);
#7299 = CARTESIAN_POINT('',(1.7E+03,-467.5,558.5));
#7300 = VERTEX_POINT('',#7301);
#7301 = CARTESIAN_POINT('',(2.14E+03,-467.5,558.5));
#7302 = SEAM_CURVE('',#7303,(#7307,#7314),.PCURVE_S1.);
#7303 = LINE('',#7304,#7305);
#7304 = CARTESIAN_POINT('',(1.7E+03,-467.5,558.5));
#7305 = VECTOR('',#7306,1.);
#7306 = DIRECTION('',(1.,0.,0.));
#7307 = PCURVE('',#6667,#7308);
#7308 = DEFINITIONAL_REPRESENTATION('',(#7309),#7313);
#7309 = LINE('',#7310,#7311);
#7310 = CARTESIAN_POINT('',(6.28318530718,-0.));
#7311 = VECTOR('',#7312,1.);
#7312 = DIRECTION('',(0.,1.));
#7313 = ( GEOMETRIC_REPRESENTATION_CONTEXT(2) 
PARAMETRIC_REPRESENTATION_CONTEXT() REPRESENTATION_CONTEXT('2D SPACE',''
  ) );
#7314 = PCURVE('',#6667,#7315);
#7315 = DEFINITIONAL_REPRESENTATION('',(#7316),#7320);
#7316 = LINE('',#7317,#7318);
#7317 = CARTESIAN_POINT('',(0.,-0.));
#7318 = VECTOR('',#7319,1.);
#7319 = DIRECTION('',(0.,1.));
#7320 = ( GEOMETRIC_REPRESENTATION_CONTEXT(2) 
PARAMETRIC_REPRESENTATION_CONTEXT() REPRESENTATION_CONTEXT('2D SPACE',''
  ) );
#7321 = ORIENTED_EDGE('',*,*,#7322,.F.);
#7322 = EDGE_CURVE('',#6830,#7300,#7323,.T.);
#7323 = SURFACE_CURVE('',#7324,(#7329,#7336),.PCURVE_S1.);
#7324 = CIRCLE('',#7325,12.5);
#7325 = AXIS2_PLACEMENT_3D('',#7326,#7327,#7328);
#7326 = CARTESIAN_POINT('',(2.14E+03,-467.5,546.));
#7327 = DIRECTION('',(1.,0.,0.));
#7328 = DIRECTION('',(-0.,0.,1.));
#7329 = PCURVE('',#6667,#7330);
#7330 = DEFINITIONAL_REPRESENTATION('',(#7331),#7335);
#7331 = LINE('',#7332,#7333);
#7332 = CARTESIAN_POINT('',(0.,440.));
#7333 = VECTOR('',#7334,1.);
#7334 = DIRECTION('',(1.,0.));
#7335 = ( GEOMETRIC_REPRESENTATION_CONTEXT(2) 
PARAMETRIC_REPRESENTATION_CONTEXT() REPRESENTATION_CONTEXT('2D SPACE',''
  ) );
#7336 = PCURVE('',#7337,#7342);
#7337 = PLANE('',#7338);
#7338 = AXIS2_PLACEMENT_3D('',#7339,#7340,#7341);
#7339 = CARTESIAN_POINT('',(2.14E+03,-467.5,546.));
#7340 = DIRECTION('',(1.,0.,0.));
#7341 = DIRECTION('',(-0.,0.,1.));
#7342 = DEFINITIONAL_REPRESENTATION('',(#7343),#7347);
#7343 = CIRCLE('',#7344,12.5);
#7344 = AXIS2_PLACEMENT_2D('',#7345,#7346);
#7345 = CARTESIAN_POINT('',(0.,0.));
#7346 = DIRECTION('',(1.,0.));
#7347 = ( GEOMETRIC_REPRESENTATION_CONTEXT(2) 
PARAMETRIC_REPRESENTATION_CONTEXT() REPRESENTATION_CONTEXT('2D SPACE',''
  ) );
#7348 = ORIENTED_EDGE('',*,*,#6829,.F.);
#7349 = ORIENTED_EDGE('',*,*,#6894,.F.);
#7350 = ORIENTED_EDGE('',*,*,#7351,.F.);
#7351 = EDGE_CURVE('',#7300,#6866,#7352,.T.);
#7352 = SURFACE_CURVE('',#7353,(#7358,#7365),.PCURVE_S1.);
#7353 = CIRCLE('',#7354,12.5);
#7354 = AXIS2_PLACEMENT_3D('',#7355,#7356,#7357);
#7355 = CARTESIAN_POINT('',(2.14E+03,-467.5,546.));
#7356 = DIRECTION('',(1.,0.,0.));
#7357 = DIRECTION('',(-0.,0.,1.));
#7358 = PCURVE('',#6667,#7359);
#7359 = DEFINITIONAL_REPRESENTATION('',(#7360),#7364);
#7360 = LINE('',#7361,#7362);
#7361 = CARTESIAN_POINT('',(0.,440.));
#7362 = VECTOR('',#7363,1.);
#7363 = DIRECTION('',(1.,0.));
#7364 = ( GEOMETRIC_REPRESENTATION_CONTEXT(2) 
PARAMETRIC_REPRESENTATION_CONTEXT() REPRESENTATION_CONTEXT('2D SPACE',''
  ) );
#7365 = PCURVE('',#7337,#7366);
#7366 = DEFINITIONAL_REPRESENTATION('',(#7367),#7371);
#7367 = CIRCLE('',#7368,12.5);
#7368 = AXIS2_PLACEMENT_2D('',#7369,#7370);
#7369 = CARTESIAN_POINT('',(0.,0.));
#7370 = DIRECTION('',(1.,0.));
#7371 = ( GEOMETRIC_REPRESENTATION_CONTEXT(2) 
PARAMETRIC_REPRESENTATION_CONTEXT() REPRESENTATION_CONTEXT('2D SPACE',''
  ) );
#7372 = ORIENTED_EDGE('',*,*,#7297,.F.);
#7373 = ORIENTED_EDGE('',*,*,#7374,.T.);
#7374 = EDGE_CURVE('',#7298,#6645,#7375,.T.);
#7375 = SURFACE_CURVE('',#7376,(#7381,#7388),.PCURVE_S1.);
#7376 = CIRCLE('',#7377,12.5);
#7377 = AXIS2_PLACEMENT_3D('',#7378,#7379,#7380);
#7378 = CARTESIAN_POINT('',(1.7E+03,-467.5,546.));
#7379 = DIRECTION('',(1.,0.,0.));
#7380 = DIRECTION('',(-0.,0.,1.));
#7381 = PCURVE('',#6667,#7382);
#7382 = DEFINITIONAL_REPRESENTATION('',(#7383),#7387);
#7383 = LINE('',#7384,#7385);
#7384 = CARTESIAN_POINT('',(0.,0.));
#7385 = VECTOR('',#7386,1.);
#7386 = DIRECTION('',(1.,0.));
#7387 = ( GEOMETRIC_REPRESENTATION_CONTEXT(2) 
PARAMETRIC_REPRESENTATION_CONTEXT() REPRESENTATION_CONTEXT('2D SPACE',''
  ) );
#7388 = PCURVE('',#7389,#7394);
#7389 = PLANE('',#7390);
#7390 = AXIS2_PLACEMENT_3D('',#7391,#7392,#7393);
#7391 = CARTESIAN_POINT('',(1.7E+03,-467.5,546.));
#7392 = DIRECTION('',(1.,0.,0.));
#7393 = DIRECTION('',(-0.,0.,1.));
#7394 = DEFINITIONAL_REPRESENTATION('',(#7395),#7399);
#7395 = CIRCLE('',#7396,12.5);
#7396 = AXIS2_PLACEMENT_2D('',#7397,#7398);
#7397 = CARTESIAN_POINT('',(0.,0.));
#7398 = DIRECTION('',(1.,0.));
#7399 = ( GEOMETRIC_REPRESENTATION_CONTEXT(2) 
PARAMETRIC_REPRESENTATION_CONTEXT() REPRESENTATION_CONTEXT('2D SPACE',''
  ) );
#7400 = ORIENTED_EDGE('',*,*,#6644,.T.);
#7401 = ORIENTED_EDGE('',*,*,#6714,.T.);
#7402 = ORIENTED_EDGE('',*,*,#7403,.T.);
#7403 = EDGE_CURVE('',#6686,#7298,#7404,.T.);
#7404 = SURFACE_CURVE('',#7405,(#7410,#7417),.PCURVE_S1.);
#7405 = CIRCLE('',#7406,12.5);
#7406 = AXIS2_PLACEMENT_3D('',#7407,#7408,#7409);
#7407 = CARTESIAN_POINT('',(1.7E+03,-467.5,546.));
#7408 = DIRECTION('',(1.,0.,0.));
#7409 = DIRECTION('',(-0.,0.,1.));
#7410 = PCURVE('',#6667,#7411);
#7411 = DEFINITIONAL_REPRESENTATION('',(#7412),#7416);
#7412 = LINE('',#7413,#7414);
#7413 = CARTESIAN_POINT('',(0.,0.));
#7414 = VECTOR('',#7415,1.);
#7415 = DIRECTION('',(1.,0.));
#7416 = ( GEOMETRIC_REPRESENTATION_CONTEXT(2) 
PARAMETRIC_REPRESENTATION_CONTEXT() REPRESENTATION_CONTEXT('2D SPACE',''
  ) );
#7417 = PCURVE('',#7389,#7418);
#7418 = DEFINITIONAL_REPRESENTATION('',(#7419),#7423);
#7419 = CIRCLE('',#7420,12.5);
#7420 = AXIS2_PLACEMENT_2D('',#7421,#7422);
#7421 = CARTESIAN_POINT('',(0.,0.));
#7422 = DIRECTION('',(1.,0.));
#7423 = ( GEOMETRIC_REPRESENTATION_CONTEXT(2) 
PARAMETRIC_REPRESENTATION_CONTEXT() REPRESENTATION_CONTEXT('2D SPACE',''
  ) );
#7424 = FACE_BOUND('',#7425,.T.);
#7425 = EDGE_LOOP('',(#7426,#7469,#7505,#7541));
#7426 = ORIENTED_EDGE('',*,*,#7427,.F.);
#7427 = EDGE_CURVE('',#7428,#7430,#7432,.T.);
#7428 = VERTEX_POINT('',#7429);
#7429 = CARTESIAN_POINT('',(1.92E+03,-480.,546.));
#7430 = VERTEX_POINT('',#7431);
#7431 = CARTESIAN_POINT('',(1.9075E+03,-467.5,533.5));
#7432 = SURFACE_CURVE('',#7433,(#7438,#7451),.PCURVE_S1.);
#7433 = ELLIPSE('',#7434,17.677669529664,12.5);
#7434 = AXIS2_PLACEMENT_3D('',#7435,#7436,#7437);
#7435 = CARTESIAN_POINT('',(1.92E+03,-467.5,546.));
#7436 = DIRECTION('',(0.707106781187,0.,-0.707106781187));
#7437 = DIRECTION('',(0.707106781187,0.,0.707106781187));
#7438 = PCURVE('',#6667,#7439);
#7439 = DEFINITIONAL_REPRESENTATION('',(#7440),#7450);
#7440 = B_SPLINE_CURVE_WITH_KNOTS('',8,(#7441,#7442,#7443,#7444,#7445,
    #7446,#7447,#7448,#7449),.UNSPECIFIED.,.F.,.F.,(9,9),(1.570796230795
    ,3.14159265359),.PIECEWISE_BEZIER_KNOTS.);
#7441 = CARTESIAN_POINT('',(1.570796230795,220.0000012));
#7442 = CARTESIAN_POINT('',(1.767145783644,217.54563178938));
#7443 = CARTESIAN_POINT('',(1.963495336491,215.09126174342));
#7444 = CARTESIAN_POINT('',(2.15984488935,212.78108485101));
#7445 = CARTESIAN_POINT('',(2.356194442178,210.75926601211));
#7446 = CARTESIAN_POINT('',(2.552543995047,209.15227462106));
#7447 = CARTESIAN_POINT('',(2.748893547889,208.05075976724));
#7448 = CARTESIAN_POINT('',(2.94524310074,207.5));
#7449 = CARTESIAN_POINT('',(3.14159265359,207.5));
#7450 = ( GEOMETRIC_REPRESENTATION_CONTEXT(2) 
PARAMETRIC_REPRESENTATION_CONTEXT() REPRESENTATION_CONTEXT('2D SPACE',''
  ) );
#7451 = PCURVE('',#7452,#7457);
#7452 = CYLINDRICAL_SURFACE('',#7453,12.5);
#7453 = AXIS2_PLACEMENT_3D('',#7454,#7455,#7456);
#7454 = CARTESIAN_POINT('',(1.92E+03,-467.5,546.));
#7455 = DIRECTION('',(0.,0.,-1.));
#7456 = DIRECTION('',(-1.,0.,-0.));
#7457 = DEFINITIONAL_REPRESENTATION('',(#7458),#7468);
#7458 = B_SPLINE_CURVE_WITH_KNOTS('',8,(#7459,#7460,#7461,#7462,#7463,
    #7464,#7465,#7466,#7467),.UNSPECIFIED.,.F.,.F.,(9,9),(1.570796230795
    ,3.14159265359),.PIECEWISE_BEZIER_KNOTS.);
#7459 = CARTESIAN_POINT('',(4.712388884385,-1.200000042445E-06));
#7460 = CARTESIAN_POINT('',(4.908738437234,2.454368210617));
#7461 = CARTESIAN_POINT('',(5.105087990083,4.908738256846));
#7462 = CARTESIAN_POINT('',(5.301437542935,7.21891514731));
#7463 = CARTESIAN_POINT('',(5.497787095781,9.240733989318));
#7464 = CARTESIAN_POINT('',(5.694136648632,10.84772537728));
#7465 = CARTESIAN_POINT('',(5.890486201481,11.949240232849));
#7466 = CARTESIAN_POINT('',(6.08683575433,12.5));
#7467 = CARTESIAN_POINT('',(6.28318530718,12.5));
#7468 = ( GEOMETRIC_REPRESENTATION_CONTEXT(2) 
PARAMETRIC_REPRESENTATION_CONTEXT() REPRESENTATION_CONTEXT('2D SPACE',''
  ) );
#7469 = ORIENTED_EDGE('',*,*,#7470,.T.);
#7470 = EDGE_CURVE('',#7428,#7471,#7473,.T.);
#7471 = VERTEX_POINT('',#7472);
#7472 = CARTESIAN_POINT('',(1.9325E+03,-467.5,533.5));
#7473 = SURFACE_CURVE('',#7474,(#7479,#7492),.PCURVE_S1.);
#7474 = ELLIPSE('',#7475,17.677669529664,12.5);
#7475 = AXIS2_PLACEMENT_3D('',#7476,#7477,#7478);
#7476 = CARTESIAN_POINT('',(1.92E+03,-467.5,546.));
#7477 = DIRECTION('',(0.707106781187,0.,0.707106781187));
#7478 = DIRECTION('',(0.707106781187,0.,-0.707106781187));
#7479 = PCURVE('',#6667,#7480);
#7480 = DEFINITIONAL_REPRESENTATION('',(#7481),#7491);
#7481 = B_SPLINE_CURVE_WITH_KNOTS('',8,(#7482,#7483,#7484,#7485,#7486,
    #7487,#7488,#7489,#7490),.UNSPECIFIED.,.F.,.F.,(9,9),(4.712388884385
    ,6.28318530718),.PIECEWISE_BEZIER_KNOTS.);
#7482 = CARTESIAN_POINT('',(1.570796230795,219.9999988));
#7483 = CARTESIAN_POINT('',(1.767145783644,222.45436821061));
#7484 = CARTESIAN_POINT('',(1.963495336492,224.90873825663));
#7485 = CARTESIAN_POINT('',(2.159844889346,227.21891514747));
#7486 = CARTESIAN_POINT('',(2.356194442185,229.24073398858));
#7487 = CARTESIAN_POINT('',(2.552543995047,230.84772537718));
#7488 = CARTESIAN_POINT('',(2.748893547889,231.94924023252));
#7489 = CARTESIAN_POINT('',(2.94524310074,232.5));
#7490 = CARTESIAN_POINT('',(3.14159265359,232.5));
#7491 = ( GEOMETRIC_REPRESENTATION_CONTEXT(2) 
PARAMETRIC_REPRESENTATION_CONTEXT() REPRESENTATION_CONTEXT('2D SPACE',''
  ) );
#7492 = PCURVE('',#7452,#7493);
#7493 = DEFINITIONAL_REPRESENTATION('',(#7494),#7504);
#7494 = B_SPLINE_CURVE_WITH_KNOTS('',8,(#7495,#7496,#7497,#7498,#7499,
    #7500,#7501,#7502,#7503),.UNSPECIFIED.,.F.,.F.,(9,9),(4.712388884385
    ,6.28318530718),.PIECEWISE_BEZIER_KNOTS.);
#7495 = CARTESIAN_POINT('',(4.712389076385,-1.200000042445E-06));
#7496 = CARTESIAN_POINT('',(4.516039523535,2.454368210617));
#7497 = CARTESIAN_POINT('',(4.319689970687,4.90873825685));
#7498 = CARTESIAN_POINT('',(4.123340417826,7.218915147296));
#7499 = CARTESIAN_POINT('',(3.926990865009,9.240733989347));
#7500 = CARTESIAN_POINT('',(3.730641312119,10.847725377265));
#7501 = CARTESIAN_POINT('',(3.534291759288,11.949240232856));
#7502 = CARTESIAN_POINT('',(3.337942206439,12.5));
#7503 = CARTESIAN_POINT('',(3.14159265359,12.5));
#7504 = ( GEOMETRIC_REPRESENTATION_CONTEXT(2) 
PARAMETRIC_REPRESENTATION_CONTEXT() REPRESENTATION_CONTEXT('2D SPACE',''
  ) );
#7505 = ORIENTED_EDGE('',*,*,#7506,.T.);
#7506 = EDGE_CURVE('',#7471,#7507,#7509,.T.);
#7507 = VERTEX_POINT('',#7508);
#7508 = CARTESIAN_POINT('',(1.92E+03,-455.,546.));
#7509 = SURFACE_CURVE('',#7510,(#7515,#7528),.PCURVE_S1.);
#7510 = ELLIPSE('',#7511,17.677669529664,12.5);
#7511 = AXIS2_PLACEMENT_3D('',#7512,#7513,#7514);
#7512 = CARTESIAN_POINT('',(1.92E+03,-467.5,546.));
#7513 = DIRECTION('',(0.707106781187,0.,0.707106781187));
#7514 = DIRECTION('',(0.707106781187,0.,-0.707106781187));
#7515 = PCURVE('',#6667,#7516);
#7516 = DEFINITIONAL_REPRESENTATION('',(#7517),#7527);
#7517 = B_SPLINE_CURVE_WITH_KNOTS('',8,(#7518,#7519,#7520,#7521,#7522,
    #7523,#7524,#7525,#7526),.UNSPECIFIED.,.F.,.F.,(9,9),(0.,
    1.570796422795),.PIECEWISE_BEZIER_KNOTS.);
#7518 = CARTESIAN_POINT('',(3.14159265359,232.5));
#7519 = CARTESIAN_POINT('',(3.337942206439,232.5));
#7520 = CARTESIAN_POINT('',(3.534291759284,231.94924023267));
#7521 = CARTESIAN_POINT('',(3.730641312142,230.84772537788));
#7522 = CARTESIAN_POINT('',(3.926990864966,229.24073398741));
#7523 = CARTESIAN_POINT('',(4.123340417842,227.21891514782));
#7524 = CARTESIAN_POINT('',(4.319689970682,224.90873825669));
#7525 = CARTESIAN_POINT('',(4.516039523535,222.45436821061));
#7526 = CARTESIAN_POINT('',(4.712389076385,219.9999988));
#7527 = ( GEOMETRIC_REPRESENTATION_CONTEXT(2) 
PARAMETRIC_REPRESENTATION_CONTEXT() REPRESENTATION_CONTEXT('2D SPACE',''
  ) );
#7528 = PCURVE('',#7452,#7529);
#7529 = DEFINITIONAL_REPRESENTATION('',(#7530),#7540);
#7530 = B_SPLINE_CURVE_WITH_KNOTS('',8,(#7531,#7532,#7533,#7534,#7535,
    #7536,#7537,#7538,#7539),.UNSPECIFIED.,.F.,.F.,(9,9),(0.,
    1.570796422795),.PIECEWISE_BEZIER_KNOTS.);
#7531 = CARTESIAN_POINT('',(3.14159265359,12.5));
#7532 = CARTESIAN_POINT('',(2.94524310074,12.5));
#7533 = CARTESIAN_POINT('',(2.748893547889,11.949240232855));
#7534 = CARTESIAN_POINT('',(2.552543995046,10.847725377258));
#7535 = CARTESIAN_POINT('',(2.356194442173,9.24073398934));
#7536 = CARTESIAN_POINT('',(2.159844889348,7.218915147303));
#7537 = CARTESIAN_POINT('',(1.96349533649,4.908738256848));
#7538 = CARTESIAN_POINT('',(1.767145783644,2.454368210617));
#7539 = CARTESIAN_POINT('',(1.570796230795,-1.199999928758E-06));
#7540 = ( GEOMETRIC_REPRESENTATION_CONTEXT(2) 
PARAMETRIC_REPRESENTATION_CONTEXT() REPRESENTATION_CONTEXT('2D SPACE',''
  ) );
#7541 = ORIENTED_EDGE('',*,*,#7542,.F.);
#7542 = EDGE_CURVE('',#7430,#7507,#7543,.T.);
#7543 = SURFACE_CURVE('',#7544,(#7549,#7562),.PCURVE_S1.);
#7544 = ELLIPSE('',#7545,17.677669529664,12.5);
#7545 = AXIS2_PLACEMENT_3D('',#7546,#7547,#7548);
#7546 = CARTESIAN_POINT('',(1.92E+03,-467.5,546.));
#7547 = DIRECTION('',(0.707106781187,0.,-0.707106781187));
#7548 = DIRECTION('',(0.707106781187,0.,0.707106781187));
#7549 = PCURVE('',#6667,#7550);
#7550 = DEFINITIONAL_REPRESENTATION('',(#7551),#7561);
#7551 = B_SPLINE_CURVE_WITH_KNOTS('',8,(#7552,#7553,#7554,#7555,#7556,
    #7557,#7558,#7559,#7560),.UNSPECIFIED.,.F.,.F.,(9,9),(3.14159265359,
    4.712389076385),.PIECEWISE_BEZIER_KNOTS.);
#7552 = CARTESIAN_POINT('',(3.14159265359,207.5));
#7553 = CARTESIAN_POINT('',(3.337942206439,207.5));
#7554 = CARTESIAN_POINT('',(3.534291759286,208.05075976694));
#7555 = CARTESIAN_POINT('',(3.730641312135,209.15227462293));
#7556 = CARTESIAN_POINT('',(3.926990864988,210.75926601048));
#7557 = CARTESIAN_POINT('',(4.123340417824,212.78108485252));
#7558 = CARTESIAN_POINT('',(4.319689970685,215.09126174298));
#7559 = CARTESIAN_POINT('',(4.516039523535,217.54563178938));
#7560 = CARTESIAN_POINT('',(4.712389076385,220.0000012));
#7561 = ( GEOMETRIC_REPRESENTATION_CONTEXT(2) 
PARAMETRIC_REPRESENTATION_CONTEXT() REPRESENTATION_CONTEXT('2D SPACE',''
  ) );
#7562 = PCURVE('',#7452,#7563);
#7563 = DEFINITIONAL_REPRESENTATION('',(#7564),#7574);
#7564 = B_SPLINE_CURVE_WITH_KNOTS('',8,(#7565,#7566,#7567,#7568,#7569,
    #7570,#7571,#7572,#7573),.UNSPECIFIED.,.F.,.F.,(9,9),(3.14159265359,
    4.712389076385),.PIECEWISE_BEZIER_KNOTS.);
#7565 = CARTESIAN_POINT('',(0.,12.5));
#7566 = CARTESIAN_POINT('',(0.196349552849,12.5));
#7567 = CARTESIAN_POINT('',(0.3926991057,11.949240232837));
#7568 = CARTESIAN_POINT('',(0.589048658545,10.847725377302));
#7569 = CARTESIAN_POINT('',(0.785398211397,9.240733989347));
#7570 = CARTESIAN_POINT('',(0.981747764243,7.218915147339));
#7571 = CARTESIAN_POINT('',(1.178097317097,4.908738256839));
#7572 = CARTESIAN_POINT('',(1.374446869946,2.454368210617));
#7573 = CARTESIAN_POINT('',(1.570796422795,-1.200000042445E-06));
#7574 = ( GEOMETRIC_REPRESENTATION_CONTEXT(2) 
PARAMETRIC_REPRESENTATION_CONTEXT() REPRESENTATION_CONTEXT('2D SPACE',''
  ) );
#7575 = ADVANCED_FACE('',(#7576),#6702,.T.);
#7576 = FACE_BOUND('',#7577,.T.);
#7577 = EDGE_LOOP('',(#7578,#7597));
#7578 = ORIENTED_EDGE('',*,*,#7579,.T.);
#7579 = EDGE_CURVE('',#6645,#6686,#7580,.T.);
#7580 = SURFACE_CURVE('',#7581,(#7585,#7591),.PCURVE_S1.);
#7581 = LINE('',#7582,#7583);
#7582 = CARTESIAN_POINT('',(1.7E+03,-467.5,546.));
#7583 = VECTOR('',#7584,1.);
#7584 = DIRECTION('',(0.,1.,0.));
#7585 = PCURVE('',#6702,#7586);
#7586 = DEFINITIONAL_REPRESENTATION('',(#7587),#7590);
#7587 = B_SPLINE_CURVE_WITH_KNOTS('',1,(#7588,#7589),.UNSPECIFIED.,.F.,
  .F.,(2,2),(-12.5,12.5),.PIECEWISE_BEZIER_KNOTS.);
#7588 = CARTESIAN_POINT('',(0.,-12.5));
#7589 = CARTESIAN_POINT('',(0.,12.5));
#7590 = ( GEOMETRIC_REPRESENTATION_CONTEXT(2) 
PARAMETRIC_REPRESENTATION_CONTEXT() REPRESENTATION_CONTEXT('2D SPACE',''
  ) );
#7591 = PCURVE('',#7389,#7592);
#7592 = DEFINITIONAL_REPRESENTATION('',(#7593),#7596);
#7593 = B_SPLINE_CURVE_WITH_KNOTS('',1,(#7594,#7595),.UNSPECIFIED.,.F.,
  .F.,(2,2),(-12.5,12.5),.PIECEWISE_BEZIER_KNOTS.);
#7594 = CARTESIAN_POINT('',(0.,12.5));
#7595 = CARTESIAN_POINT('',(0.,-12.5));
#7596 = ( GEOMETRIC_REPRESENTATION_CONTEXT(2) 
PARAMETRIC_REPRESENTATION_CONTEXT() REPRESENTATION_CONTEXT('2D SPACE',''
  ) );
#7597 = ORIENTED_EDGE('',*,*,#6685,.T.);
#7598 = ADVANCED_FACE('',(#7599),#6766,.T.);
#7599 = FACE_BOUND('',#7600,.T.);
#7600 = EDGE_LOOP('',(#7601,#7602));
#7601 = ORIENTED_EDGE('',*,*,#6805,.T.);
#7602 = ORIENTED_EDGE('',*,*,#6753,.T.);
#7603 = ADVANCED_FACE('',(#7604),#6882,.F.);
#7604 = FACE_BOUND('',#7605,.F.);
#7605 = EDGE_LOOP('',(#7606,#7625));
#7606 = ORIENTED_EDGE('',*,*,#7607,.T.);
#7607 = EDGE_CURVE('',#6866,#6830,#7608,.T.);
#7608 = SURFACE_CURVE('',#7609,(#7613,#7619),.PCURVE_S1.);
#7609 = LINE('',#7610,#7611);
#7610 = CARTESIAN_POINT('',(2.14E+03,-467.5,546.));
#7611 = VECTOR('',#7612,1.);
#7612 = DIRECTION('',(-0.,1.,0.));
#7613 = PCURVE('',#6882,#7614);
#7614 = DEFINITIONAL_REPRESENTATION('',(#7615),#7618);
#7615 = B_SPLINE_CURVE_WITH_KNOTS('',1,(#7616,#7617),.UNSPECIFIED.,.F.,
  .F.,(2,2),(-12.5,12.5),.PIECEWISE_BEZIER_KNOTS.);
#7616 = CARTESIAN_POINT('',(0.,-12.5));
#7617 = CARTESIAN_POINT('',(0.,12.5));
#7618 = ( GEOMETRIC_REPRESENTATION_CONTEXT(2) 
PARAMETRIC_REPRESENTATION_CONTEXT() REPRESENTATION_CONTEXT('2D SPACE',''
  ) );
#7619 = PCURVE('',#7337,#7620);
#7620 = DEFINITIONAL_REPRESENTATION('',(#7621),#7624);
#7621 = B_SPLINE_CURVE_WITH_KNOTS('',1,(#7622,#7623),.UNSPECIFIED.,.F.,
  .F.,(2,2),(-12.5,12.5),.PIECEWISE_BEZIER_KNOTS.);
#7622 = CARTESIAN_POINT('',(0.,12.5));
#7623 = CARTESIAN_POINT('',(0.,-12.5));
#7624 = ( GEOMETRIC_REPRESENTATION_CONTEXT(2) 
PARAMETRIC_REPRESENTATION_CONTEXT() REPRESENTATION_CONTEXT('2D SPACE',''
  ) );
#7625 = ORIENTED_EDGE('',*,*,#6865,.T.);
#7626 = ADVANCED_FACE('',(#7627),#6944,.F.);
#7627 = FACE_BOUND('',#7628,.F.);
#7628 = EDGE_LOOP('',(#7629,#7630));
#7629 = ORIENTED_EDGE('',*,*,#6931,.T.);
#7630 = ORIENTED_EDGE('',*,*,#7088,.T.);
#7631 = ADVANCED_FACE('',(#7632,#7762),#7006,.T.);
#7632 = FACE_BOUND('',#7633,.T.);
#7633 = EDGE_LOOP('',(#7634,#7659,#7686,#7687,#7688,#7710,#7711,#7738,
    #7739,#7740));
#7634 = ORIENTED_EDGE('',*,*,#7635,.T.);
#7635 = EDGE_CURVE('',#7636,#7638,#7640,.T.);
#7636 = VERTEX_POINT('',#7637);
#7637 = CARTESIAN_POINT('',(1.7E+03,467.5,558.5));
#7638 = VERTEX_POINT('',#7639);
#7639 = CARTESIAN_POINT('',(2.14E+03,467.5,558.5));
#7640 = SEAM_CURVE('',#7641,(#7645,#7652),.PCURVE_S1.);
#7641 = LINE('',#7642,#7643);
#7642 = CARTESIAN_POINT('',(1.7E+03,467.5,558.5));
#7643 = VECTOR('',#7644,1.);
#7644 = DIRECTION('',(1.,0.,0.));
#7645 = PCURVE('',#7006,#7646);
#7646 = DEFINITIONAL_REPRESENTATION('',(#7647),#7651);
#7647 = LINE('',#7648,#7649);
#7648 = CARTESIAN_POINT('',(6.28318530718,-0.));
#7649 = VECTOR('',#7650,1.);
#7650 = DIRECTION('',(0.,1.));
#7651 = ( GEOMETRIC_REPRESENTATION_CONTEXT(2) 
PARAMETRIC_REPRESENTATION_CONTEXT() REPRESENTATION_CONTEXT('2D SPACE',''
  ) );
#7652 = PCURVE('',#7006,#7653);
#7653 = DEFINITIONAL_REPRESENTATION('',(#7654),#7658);
#7654 = LINE('',#7655,#7656);
#7655 = CARTESIAN_POINT('',(0.,-0.));
#7656 = VECTOR('',#7657,1.);
#7657 = DIRECTION('',(0.,1.));
#7658 = ( GEOMETRIC_REPRESENTATION_CONTEXT(2) 
PARAMETRIC_REPRESENTATION_CONTEXT() REPRESENTATION_CONTEXT('2D SPACE',''
  ) );
#7659 = ORIENTED_EDGE('',*,*,#7660,.F.);
#7660 = EDGE_CURVE('',#7165,#7638,#7661,.T.);
#7661 = SURFACE_CURVE('',#7662,(#7667,#7674),.PCURVE_S1.);
#7662 = CIRCLE('',#7663,12.5);
#7663 = AXIS2_PLACEMENT_3D('',#7664,#7665,#7666);
#7664 = CARTESIAN_POINT('',(2.14E+03,467.5,546.));
#7665 = DIRECTION('',(1.,0.,0.));
#7666 = DIRECTION('',(-0.,0.,1.));
#7667 = PCURVE('',#7006,#7668);
#7668 = DEFINITIONAL_REPRESENTATION('',(#7669),#7673);
#7669 = LINE('',#7670,#7671);
#7670 = CARTESIAN_POINT('',(0.,440.));
#7671 = VECTOR('',#7672,1.);
#7672 = DIRECTION('',(1.,0.));
#7673 = ( GEOMETRIC_REPRESENTATION_CONTEXT(2) 
PARAMETRIC_REPRESENTATION_CONTEXT() REPRESENTATION_CONTEXT('2D SPACE',''
  ) );
#7674 = PCURVE('',#7675,#7680);
#7675 = PLANE('',#7676);
#7676 = AXIS2_PLACEMENT_3D('',#7677,#7678,#7679);
#7677 = CARTESIAN_POINT('',(2.14E+03,467.5,546.));
#7678 = DIRECTION('',(1.,0.,0.));
#7679 = DIRECTION('',(-0.,0.,1.));
#7680 = DEFINITIONAL_REPRESENTATION('',(#7681),#7685);
#7681 = CIRCLE('',#7682,12.5);
#7682 = AXIS2_PLACEMENT_2D('',#7683,#7684);
#7683 = CARTESIAN_POINT('',(0.,0.));
#7684 = DIRECTION('',(1.,0.));
#7685 = ( GEOMETRIC_REPRESENTATION_CONTEXT(2) 
PARAMETRIC_REPRESENTATION_CONTEXT() REPRESENTATION_CONTEXT('2D SPACE',''
  ) );
#7686 = ORIENTED_EDGE('',*,*,#7164,.F.);
#7687 = ORIENTED_EDGE('',*,*,#7229,.F.);
#7688 = ORIENTED_EDGE('',*,*,#7689,.F.);
#7689 = EDGE_CURVE('',#7638,#7201,#7690,.T.);
#7690 = SURFACE_CURVE('',#7691,(#7696,#7703),.PCURVE_S1.);
#7691 = CIRCLE('',#7692,12.5);
#7692 = AXIS2_PLACEMENT_3D('',#7693,#7694,#7695);
#7693 = CARTESIAN_POINT('',(2.14E+03,467.5,546.));
#7694 = DIRECTION('',(1.,0.,0.));
#7695 = DIRECTION('',(-0.,0.,1.));
#7696 = PCURVE('',#7006,#7697);
#7697 = DEFINITIONAL_REPRESENTATION('',(#7698),#7702);
#7698 = LINE('',#7699,#7700);
#7699 = CARTESIAN_POINT('',(0.,440.));
#7700 = VECTOR('',#7701,1.);
#7701 = DIRECTION('',(1.,0.));
#7702 = ( GEOMETRIC_REPRESENTATION_CONTEXT(2) 
PARAMETRIC_REPRESENTATION_CONTEXT() REPRESENTATION_CONTEXT('2D SPACE',''
  ) );
#7703 = PCURVE('',#7675,#7704);
#7704 = DEFINITIONAL_REPRESENTATION('',(#7705),#7709);
#7705 = CIRCLE('',#7706,12.5);
#7706 = AXIS2_PLACEMENT_2D('',#7707,#7708);
#7707 = CARTESIAN_POINT('',(0.,0.));
#7708 = DIRECTION('',(1.,0.));
#7709 = ( GEOMETRIC_REPRESENTATION_CONTEXT(2) 
PARAMETRIC_REPRESENTATION_CONTEXT() REPRESENTATION_CONTEXT('2D SPACE',''
  ) );
#7710 = ORIENTED_EDGE('',*,*,#7635,.F.);
#7711 = ORIENTED_EDGE('',*,*,#7712,.T.);
#7712 = EDGE_CURVE('',#7636,#6984,#7713,.T.);
#7713 = SURFACE_CURVE('',#7714,(#7719,#7726),.PCURVE_S1.);
#7714 = CIRCLE('',#7715,12.5);
#7715 = AXIS2_PLACEMENT_3D('',#7716,#7717,#7718);
#7716 = CARTESIAN_POINT('',(1.7E+03,467.5,546.));
#7717 = DIRECTION('',(1.,0.,0.));
#7718 = DIRECTION('',(-0.,0.,1.));
#7719 = PCURVE('',#7006,#7720);
#7720 = DEFINITIONAL_REPRESENTATION('',(#7721),#7725);
#7721 = LINE('',#7722,#7723);
#7722 = CARTESIAN_POINT('',(0.,0.));
#7723 = VECTOR('',#7724,1.);
#7724 = DIRECTION('',(1.,0.));
#7725 = ( GEOMETRIC_REPRESENTATION_CONTEXT(2) 
PARAMETRIC_REPRESENTATION_CONTEXT() REPRESENTATION_CONTEXT('2D SPACE',''
  ) );
#7726 = PCURVE('',#7727,#7732);
#7727 = PLANE('',#7728);
#7728 = AXIS2_PLACEMENT_3D('',#7729,#7730,#7731);
#7729 = CARTESIAN_POINT('',(1.7E+03,467.5,546.));
#7730 = DIRECTION('',(1.,0.,0.));
#7731 = DIRECTION('',(-0.,0.,1.));
#7732 = DEFINITIONAL_REPRESENTATION('',(#7733),#7737);
#7733 = CIRCLE('',#7734,12.5);
#7734 = AXIS2_PLACEMENT_2D('',#7735,#7736);
#7735 = CARTESIAN_POINT('',(0.,0.));
#7736 = DIRECTION('',(1.,0.));
#7737 = ( GEOMETRIC_REPRESENTATION_CONTEXT(2) 
PARAMETRIC_REPRESENTATION_CONTEXT() REPRESENTATION_CONTEXT('2D SPACE',''
  ) );
#7738 = ORIENTED_EDGE('',*,*,#6983,.T.);
#7739 = ORIENTED_EDGE('',*,*,#7053,.T.);
#7740 = ORIENTED_EDGE('',*,*,#7741,.T.);
#7741 = EDGE_CURVE('',#7025,#7636,#7742,.T.);
#7742 = SURFACE_CURVE('',#7743,(#7748,#7755),.PCURVE_S1.);
#7743 = CIRCLE('',#7744,12.5);
#7744 = AXIS2_PLACEMENT_3D('',#7745,#7746,#7747);
#7745 = CARTESIAN_POINT('',(1.7E+03,467.5,546.));
#7746 = DIRECTION('',(1.,0.,0.));
#7747 = DIRECTION('',(-0.,0.,1.));
#7748 = PCURVE('',#7006,#7749);
#7749 = DEFINITIONAL_REPRESENTATION('',(#7750),#7754);
#7750 = LINE('',#7751,#7752);
#7751 = CARTESIAN_POINT('',(0.,0.));
#7752 = VECTOR('',#7753,1.);
#7753 = DIRECTION('',(1.,0.));
#7754 = ( GEOMETRIC_REPRESENTATION_CONTEXT(2) 
PARAMETRIC_REPRESENTATION_CONTEXT() REPRESENTATION_CONTEXT('2D SPACE',''
  ) );
#7755 = PCURVE('',#7727,#7756);
#7756 = DEFINITIONAL_REPRESENTATION('',(#7757),#7761);
#7757 = CIRCLE('',#7758,12.5);
#7758 = AXIS2_PLACEMENT_2D('',#7759,#7760);
#7759 = CARTESIAN_POINT('',(0.,0.));
#7760 = DIRECTION('',(1.,0.));
#7761 = ( GEOMETRIC_REPRESENTATION_CONTEXT(2) 
PARAMETRIC_REPRESENTATION_CONTEXT() REPRESENTATION_CONTEXT('2D SPACE',''
  ) );
#7762 = FACE_BOUND('',#7763,.T.);
#7763 = EDGE_LOOP('',(#7764,#7807,#7843,#7879));
#7764 = ORIENTED_EDGE('',*,*,#7765,.F.);
#7765 = EDGE_CURVE('',#7766,#7768,#7770,.T.);
#7766 = VERTEX_POINT('',#7767);
#7767 = CARTESIAN_POINT('',(1.92E+03,455.,546.));
#7768 = VERTEX_POINT('',#7769);
#7769 = CARTESIAN_POINT('',(1.9075E+03,467.5,533.5));
#7770 = SURFACE_CURVE('',#7771,(#7776,#7789),.PCURVE_S1.);
#7771 = ELLIPSE('',#7772,17.677669529664,12.5);
#7772 = AXIS2_PLACEMENT_3D('',#7773,#7774,#7775);
#7773 = CARTESIAN_POINT('',(1.92E+03,467.5,546.));
#7774 = DIRECTION('',(0.707106781187,0.,-0.707106781187));
#7775 = DIRECTION('',(0.707106781187,0.,0.707106781187));
#7776 = PCURVE('',#7006,#7777);
#7777 = DEFINITIONAL_REPRESENTATION('',(#7778),#7788);
#7778 = B_SPLINE_CURVE_WITH_KNOTS('',8,(#7779,#7780,#7781,#7782,#7783,
    #7784,#7785,#7786,#7787),.UNSPECIFIED.,.F.,.F.,(9,9),(1.570796230795
    ,3.14159265359),.PIECEWISE_BEZIER_KNOTS.);
#7779 = CARTESIAN_POINT('',(1.570796230795,220.0000012));
#7780 = CARTESIAN_POINT('',(1.767145783644,217.54563178938));
#7781 = CARTESIAN_POINT('',(1.963495336491,215.09126174342));
#7782 = CARTESIAN_POINT('',(2.15984488935,212.78108485101));
#7783 = CARTESIAN_POINT('',(2.356194442178,210.75926601211));
#7784 = CARTESIAN_POINT('',(2.552543995047,209.15227462106));
#7785 = CARTESIAN_POINT('',(2.748893547889,208.05075976724));
#7786 = CARTESIAN_POINT('',(2.94524310074,207.5));
#7787 = CARTESIAN_POINT('',(3.14159265359,207.5));
#7788 = ( GEOMETRIC_REPRESENTATION_CONTEXT(2) 
PARAMETRIC_REPRESENTATION_CONTEXT() REPRESENTATION_CONTEXT('2D SPACE',''
  ) );
#7789 = PCURVE('',#7790,#7795);
#7790 = CYLINDRICAL_SURFACE('',#7791,12.5);
#7791 = AXIS2_PLACEMENT_3D('',#7792,#7793,#7794);
#7792 = CARTESIAN_POINT('',(1.92E+03,467.5,546.));
#7793 = DIRECTION('',(0.,0.,-1.));
#7794 = DIRECTION('',(-1.,0.,-0.));
#7795 = DEFINITIONAL_REPRESENTATION('',(#7796),#7806);
#7796 = B_SPLINE_CURVE_WITH_KNOTS('',8,(#7797,#7798,#7799,#7800,#7801,
    #7802,#7803,#7804,#7805),.UNSPECIFIED.,.F.,.F.,(9,9),(1.570796230795
    ,3.14159265359),.PIECEWISE_BEZIER_KNOTS.);
#7797 = CARTESIAN_POINT('',(4.712388884385,-1.200000042445E-06));
#7798 = CARTESIAN_POINT('',(4.908738437234,2.454368210617));
#7799 = CARTESIAN_POINT('',(5.105087990083,4.908738256846));
#7800 = CARTESIAN_POINT('',(5.301437542935,7.21891514731));
#7801 = CARTESIAN_POINT('',(5.497787095781,9.240733989318));
#7802 = CARTESIAN_POINT('',(5.694136648632,10.84772537728));
#7803 = CARTESIAN_POINT('',(5.890486201481,11.949240232849));
#7804 = CARTESIAN_POINT('',(6.08683575433,12.5));
#7805 = CARTESIAN_POINT('',(6.28318530718,12.5));
#7806 = ( GEOMETRIC_REPRESENTATION_CONTEXT(2) 
PARAMETRIC_REPRESENTATION_CONTEXT() REPRESENTATION_CONTEXT('2D SPACE',''
  ) );
#7807 = ORIENTED_EDGE('',*,*,#7808,.T.);
#7808 = EDGE_CURVE('',#7766,#7809,#7811,.T.);
#7809 = VERTEX_POINT('',#7810);
#7810 = CARTESIAN_POINT('',(1.9325E+03,467.5,533.5));
#7811 = SURFACE_CURVE('',#7812,(#7817,#7830),.PCURVE_S1.);
#7812 = ELLIPSE('',#7813,17.677669529664,12.5);
#7813 = AXIS2_PLACEMENT_3D('',#7814,#7815,#7816);
#7814 = CARTESIAN_POINT('',(1.92E+03,467.5,546.));
#7815 = DIRECTION('',(0.707106781187,0.,0.707106781187));
#7816 = DIRECTION('',(0.707106781187,0.,-0.707106781187));
#7817 = PCURVE('',#7006,#7818);
#7818 = DEFINITIONAL_REPRESENTATION('',(#7819),#7829);
#7819 = B_SPLINE_CURVE_WITH_KNOTS('',8,(#7820,#7821,#7822,#7823,#7824,
    #7825,#7826,#7827,#7828),.UNSPECIFIED.,.F.,.F.,(9,9),(4.712388884385
    ,6.28318530718),.PIECEWISE_BEZIER_KNOTS.);
#7820 = CARTESIAN_POINT('',(1.570796230795,219.9999988));
#7821 = CARTESIAN_POINT('',(1.767145783644,222.45436821061));
#7822 = CARTESIAN_POINT('',(1.963495336492,224.90873825663));
#7823 = CARTESIAN_POINT('',(2.159844889346,227.21891514747));
#7824 = CARTESIAN_POINT('',(2.356194442185,229.24073398858));
#7825 = CARTESIAN_POINT('',(2.552543995047,230.84772537718));
#7826 = CARTESIAN_POINT('',(2.748893547889,231.94924023252));
#7827 = CARTESIAN_POINT('',(2.94524310074,232.5));
#7828 = CARTESIAN_POINT('',(3.14159265359,232.5));
#7829 = ( GEOMETRIC_REPRESENTATION_CONTEXT(2) 
PARAMETRIC_REPRESENTATION_CONTEXT() REPRESENTATION_CONTEXT('2D SPACE',''
  ) );
#7830 = PCURVE('',#7790,#7831);
#7831 = DEFINITIONAL_REPRESENTATION('',(#7832),#7842);
#7832 = B_SPLINE_CURVE_WITH_KNOTS('',8,(#7833,#7834,#7835,#7836,#7837,
    #7838,#7839,#7840,#7841),.UNSPECIFIED.,.F.,.F.,(9,9),(4.712388884385
    ,6.28318530718),.PIECEWISE_BEZIER_KNOTS.);
#7833 = CARTESIAN_POINT('',(4.712389076385,-1.200000042445E-06));
#7834 = CARTESIAN_POINT('',(4.516039523535,2.454368210617));
#7835 = CARTESIAN_POINT('',(4.319689970687,4.90873825685));
#7836 = CARTESIAN_POINT('',(4.123340417826,7.218915147296));
#7837 = CARTESIAN_POINT('',(3.926990865009,9.240733989347));
#7838 = CARTESIAN_POINT('',(3.730641312119,10.847725377265));
#7839 = CARTESIAN_POINT('',(3.534291759288,11.949240232856));
#7840 = CARTESIAN_POINT('',(3.337942206439,12.5));
#7841 = CARTESIAN_POINT('',(3.14159265359,12.5));
#7842 = ( GEOMETRIC_REPRESENTATION_CONTEXT(2) 
PARAMETRIC_REPRESENTATION_CONTEXT() REPRESENTATION_CONTEXT('2D SPACE',''
  ) );
#7843 = ORIENTED_EDGE('',*,*,#7844,.T.);
#7844 = EDGE_CURVE('',#7809,#7845,#7847,.T.);
#7845 = VERTEX_POINT('',#7846);
#7846 = CARTESIAN_POINT('',(1.92E+03,480.,546.));
#7847 = SURFACE_CURVE('',#7848,(#7853,#7866),.PCURVE_S1.);
#7848 = ELLIPSE('',#7849,17.677669529664,12.5);
#7849 = AXIS2_PLACEMENT_3D('',#7850,#7851,#7852);
#7850 = CARTESIAN_POINT('',(1.92E+03,467.5,546.));
#7851 = DIRECTION('',(0.707106781187,0.,0.707106781187));
#7852 = DIRECTION('',(0.707106781187,0.,-0.707106781187));
#7853 = PCURVE('',#7006,#7854);
#7854 = DEFINITIONAL_REPRESENTATION('',(#7855),#7865);
#7855 = B_SPLINE_CURVE_WITH_KNOTS('',8,(#7856,#7857,#7858,#7859,#7860,
    #7861,#7862,#7863,#7864),.UNSPECIFIED.,.F.,.F.,(9,9),(0.,
    1.570796422795),.PIECEWISE_BEZIER_KNOTS.);
#7856 = CARTESIAN_POINT('',(3.14159265359,232.5));
#7857 = CARTESIAN_POINT('',(3.337942206439,232.5));
#7858 = CARTESIAN_POINT('',(3.534291759284,231.94924023267));
#7859 = CARTESIAN_POINT('',(3.730641312142,230.84772537788));
#7860 = CARTESIAN_POINT('',(3.926990864966,229.24073398741));
#7861 = CARTESIAN_POINT('',(4.123340417842,227.21891514782));
#7862 = CARTESIAN_POINT('',(4.319689970682,224.90873825669));
#7863 = CARTESIAN_POINT('',(4.516039523535,222.45436821061));
#7864 = CARTESIAN_POINT('',(4.712389076385,219.9999988));
#7865 = ( GEOMETRIC_REPRESENTATION_CONTEXT(2) 
PARAMETRIC_REPRESENTATION_CONTEXT() REPRESENTATION_CONTEXT('2D SPACE',''
  ) );
#7866 = PCURVE('',#7790,#7867);
#7867 = DEFINITIONAL_REPRESENTATION('',(#7868),#7878);
#7868 = B_SPLINE_CURVE_WITH_KNOTS('',8,(#7869,#7870,#7871,#7872,#7873,
    #7874,#7875,#7876,#7877),.UNSPECIFIED.,.F.,.F.,(9,9),(0.,
    1.570796422795),.PIECEWISE_BEZIER_KNOTS.);
#7869 = CARTESIAN_POINT('',(3.14159265359,12.5));
#7870 = CARTESIAN_POINT('',(2.94524310074,12.5));
#7871 = CARTESIAN_POINT('',(2.748893547889,11.949240232855));
#7872 = CARTESIAN_POINT('',(2.552543995046,10.847725377258));
#7873 = CARTESIAN_POINT('',(2.356194442173,9.24073398934));
#7874 = CARTESIAN_POINT('',(2.159844889348,7.218915147303));
#7875 = CARTESIAN_POINT('',(1.96349533649,4.908738256848));
#7876 = CARTESIAN_POINT('',(1.767145783644,2.454368210617));
#7877 = CARTESIAN_POINT('',(1.570796230795,-1.199999928758E-06));
#7878 = ( GEOMETRIC_REPRESENTATION_CONTEXT(2) 
PARAMETRIC_REPRESENTATION_CONTEXT() REPRESENTATION_CONTEXT('2D SPACE',''
  ) );
#7879 = ORIENTED_EDGE('',*,*,#7880,.F.);
#7880 = EDGE_CURVE('',#7768,#7845,#7881,.T.);
#7881 = SURFACE_CURVE('',#7882,(#7887,#7900),.PCURVE_S1.);
#7882 = ELLIPSE('',#7883,17.677669529664,12.5);
#7883 = AXIS2_PLACEMENT_3D('',#7884,#7885,#7886);
#7884 = CARTESIAN_POINT('',(1.92E+03,467.5,546.));
#7885 = DIRECTION('',(0.707106781187,0.,-0.707106781187));
#7886 = DIRECTION('',(0.707106781187,0.,0.707106781187));
#7887 = PCURVE('',#7006,#7888);
#7888 = DEFINITIONAL_REPRESENTATION('',(#7889),#7899);
#7889 = B_SPLINE_CURVE_WITH_KNOTS('',8,(#7890,#7891,#7892,#7893,#7894,
    #7895,#7896,#7897,#7898),.UNSPECIFIED.,.F.,.F.,(9,9),(3.14159265359,
    4.712389076385),.PIECEWISE_BEZIER_KNOTS.);
#7890 = CARTESIAN_POINT('',(3.14159265359,207.5));
#7891 = CARTESIAN_POINT('',(3.337942206439,207.5));
#7892 = CARTESIAN_POINT('',(3.534291759286,208.05075976694));
#7893 = CARTESIAN_POINT('',(3.730641312135,209.15227462293));
#7894 = CARTESIAN_POINT('',(3.926990864988,210.75926601048));
#7895 = CARTESIAN_POINT('',(4.123340417824,212.78108485252));
#7896 = CARTESIAN_POINT('',(4.319689970685,215.09126174298));
#7897 = CARTESIAN_POINT('',(4.516039523535,217.54563178938));
#7898 = CARTESIAN_POINT('',(4.712389076385,220.0000012));
#7899 = ( GEOMETRIC_REPRESENTATION_CONTEXT(2) 
PARAMETRIC_REPRESENTATION_CONTEXT() REPRESENTATION_CONTEXT('2D SPACE',''
  ) );
#7900 = PCURVE('',#7790,#7901);
#7901 = DEFINITIONAL_REPRESENTATION('',(#7902),#7912);
#7902 = B_SPLINE_CURVE_WITH_KNOTS('',8,(#7903,#7904,#7905,#7906,#7907,
    #7908,#7909,#7910,#7911),.UNSPECIFIED.,.F.,.F.,(9,9),(3.14159265359,
    4.712389076385),.PIECEWISE_BEZIER_KNOTS.);
#7903 = CARTESIAN_POINT('',(0.,12.5));
#7904 = CARTESIAN_POINT('',(0.196349552849,12.5));
#7905 = CARTESIAN_POINT('',(0.3926991057,11.949240232837));
#7906 = CARTESIAN_POINT('',(0.589048658545,10.847725377302));
#7907 = CARTESIAN_POINT('',(0.785398211397,9.240733989347));
#7908 = CARTESIAN_POINT('',(0.981747764243,7.218915147339));
#7909 = CARTESIAN_POINT('',(1.178097317097,4.908738256839));
#7910 = CARTESIAN_POINT('',(1.374446869946,2.454368210617));
#7911 = CARTESIAN_POINT('',(1.570796422795,-1.200000042445E-06));
#7912 = ( GEOMETRIC_REPRESENTATION_CONTEXT(2) 
PARAMETRIC_REPRESENTATION_CONTEXT() REPRESENTATION_CONTEXT('2D SPACE',''
  ) );
#7913 = ADVANCED_FACE('',(#7914),#7041,.T.);
#7914 = FACE_BOUND('',#7915,.T.);
#7915 = EDGE_LOOP('',(#7916,#7935));
#7916 = ORIENTED_EDGE('',*,*,#7917,.T.);
#7917 = EDGE_CURVE('',#6984,#7025,#7918,.T.);
#7918 = SURFACE_CURVE('',#7919,(#7923,#7929),.PCURVE_S1.);
#7919 = LINE('',#7920,#7921);
#7920 = CARTESIAN_POINT('',(1.7E+03,467.5,546.));
#7921 = VECTOR('',#7922,1.);
#7922 = DIRECTION('',(0.,1.,0.));
#7923 = PCURVE('',#7041,#7924);
#7924 = DEFINITIONAL_REPRESENTATION('',(#7925),#7928);
#7925 = B_SPLINE_CURVE_WITH_KNOTS('',1,(#7926,#7927),.UNSPECIFIED.,.F.,
  .F.,(2,2),(-12.5,12.5),.PIECEWISE_BEZIER_KNOTS.);
#7926 = CARTESIAN_POINT('',(0.,-12.5));
#7927 = CARTESIAN_POINT('',(0.,12.5));
#7928 = ( GEOMETRIC_REPRESENTATION_CONTEXT(2) 
PARAMETRIC_REPRESENTATION_CONTEXT() REPRESENTATION_CONTEXT('2D SPACE',''
  ) );
#7929 = PCURVE('',#7727,#7930);
#7930 = DEFINITIONAL_REPRESENTATION('',(#7931),#7934);
#7931 = B_SPLINE_CURVE_WITH_KNOTS('',1,(#7932,#7933),.UNSPECIFIED.,.F.,
  .F.,(2,2),(-12.5,12.5),.PIECEWISE_BEZIER_KNOTS.);
#7932 = CARTESIAN_POINT('',(0.,12.5));
#7933 = CARTESIAN_POINT('',(0.,-12.5));
#7934 = ( GEOMETRIC_REPRESENTATION_CONTEXT(2) 
PARAMETRIC_REPRESENTATION_CONTEXT() REPRESENTATION_CONTEXT('2D SPACE',''
  ) );
#7935 = ORIENTED_EDGE('',*,*,#7024,.T.);
#7936 = ADVANCED_FACE('',(#7937),#7129,.T.);
#7937 = FACE_BOUND('',#7938,.T.);
#7938 = EDGE_LOOP('',(#7939,#7940));
#7939 = ORIENTED_EDGE('',*,*,#7270,.T.);
#7940 = ORIENTED_EDGE('',*,*,#7114,.T.);
#7941 = ADVANCED_FACE('',(#7942),#7217,.F.);
#7942 = FACE_BOUND('',#7943,.F.);
#7943 = EDGE_LOOP('',(#7944,#7963));
#7944 = ORIENTED_EDGE('',*,*,#7945,.T.);
#7945 = EDGE_CURVE('',#7201,#7165,#7946,.T.);
#7946 = SURFACE_CURVE('',#7947,(#7951,#7957),.PCURVE_S1.);
#7947 = LINE('',#7948,#7949);
#7948 = CARTESIAN_POINT('',(2.14E+03,467.5,546.));
#7949 = VECTOR('',#7950,1.);
#7950 = DIRECTION('',(-0.,1.,0.));
#7951 = PCURVE('',#7217,#7952);
#7952 = DEFINITIONAL_REPRESENTATION('',(#7953),#7956);
#7953 = B_SPLINE_CURVE_WITH_KNOTS('',1,(#7954,#7955),.UNSPECIFIED.,.F.,
  .F.,(2,2),(-12.5,12.5),.PIECEWISE_BEZIER_KNOTS.);
#7954 = CARTESIAN_POINT('',(0.,-12.5));
#7955 = CARTESIAN_POINT('',(0.,12.5));
#7956 = ( GEOMETRIC_REPRESENTATION_CONTEXT(2) 
PARAMETRIC_REPRESENTATION_CONTEXT() REPRESENTATION_CONTEXT('2D SPACE',''
  ) );
#7957 = PCURVE('',#7675,#7958);
#7958 = DEFINITIONAL_REPRESENTATION('',(#7959),#7962);
#7959 = B_SPLINE_CURVE_WITH_KNOTS('',1,(#7960,#7961),.UNSPECIFIED.,.F.,
  .F.,(2,2),(-12.5,12.5),.PIECEWISE_BEZIER_KNOTS.);
#7960 = CARTESIAN_POINT('',(0.,12.5));
#7961 = CARTESIAN_POINT('',(0.,-12.5));
#7962 = ( GEOMETRIC_REPRESENTATION_CONTEXT(2) 
PARAMETRIC_REPRESENTATION_CONTEXT() REPRESENTATION_CONTEXT('2D SPACE',''
  ) );
#7963 = ORIENTED_EDGE('',*,*,#7200,.T.);
#7964 = ADVANCED_FACE('',(#7965),#7389,.F.);
#7965 = FACE_BOUND('',#7966,.F.);
#7966 = EDGE_LOOP('',(#7967,#7968,#7969));
#7967 = ORIENTED_EDGE('',*,*,#7403,.T.);
#7968 = ORIENTED_EDGE('',*,*,#7374,.T.);
#7969 = ORIENTED_EDGE('',*,*,#7579,.T.);
#7970 = ADVANCED_FACE('',(#7971),#7337,.T.);
#7971 = FACE_BOUND('',#7972,.T.);
#7972 = EDGE_LOOP('',(#7973,#7974,#7975));
#7973 = ORIENTED_EDGE('',*,*,#7322,.T.);
#7974 = ORIENTED_EDGE('',*,*,#7351,.T.);
#7975 = ORIENTED_EDGE('',*,*,#7607,.T.);
#7976 = ADVANCED_FACE('',(#7977),#7452,.T.);
#7977 = FACE_BOUND('',#7978,.T.);
#7978 = EDGE_LOOP('',(#7979,#7980,#8003,#8032,#8054,#8055,#8056,#8057));
#7979 = ORIENTED_EDGE('',*,*,#7427,.T.);
#7980 = ORIENTED_EDGE('',*,*,#7981,.T.);
#7981 = EDGE_CURVE('',#7430,#7982,#7984,.T.);
#7982 = VERTEX_POINT('',#7983);
#7983 = CARTESIAN_POINT('',(1.9075E+03,-467.5,278.));
#7984 = SEAM_CURVE('',#7985,(#7989,#7996),.PCURVE_S1.);
#7985 = LINE('',#7986,#7987);
#7986 = CARTESIAN_POINT('',(1.9075E+03,-467.5,546.));
#7987 = VECTOR('',#7988,1.);
#7988 = DIRECTION('',(0.,0.,-1.));
#7989 = PCURVE('',#7452,#7990);
#7990 = DEFINITIONAL_REPRESENTATION('',(#7991),#7995);
#7991 = LINE('',#7992,#7993);
#7992 = CARTESIAN_POINT('',(0.,-0.));
#7993 = VECTOR('',#7994,1.);
#7994 = DIRECTION('',(0.,1.));
#7995 = ( GEOMETRIC_REPRESENTATION_CONTEXT(2) 
PARAMETRIC_REPRESENTATION_CONTEXT() REPRESENTATION_CONTEXT('2D SPACE',''
  ) );
#7996 = PCURVE('',#7452,#7997);
#7997 = DEFINITIONAL_REPRESENTATION('',(#7998),#8002);
#7998 = LINE('',#7999,#8000);
#7999 = CARTESIAN_POINT('',(6.28318530718,-0.));
#8000 = VECTOR('',#8001,1.);
#8001 = DIRECTION('',(0.,1.));
#8002 = ( GEOMETRIC_REPRESENTATION_CONTEXT(2) 
PARAMETRIC_REPRESENTATION_CONTEXT() REPRESENTATION_CONTEXT('2D SPACE',''
  ) );
#8003 = ORIENTED_EDGE('',*,*,#8004,.F.);
#8004 = EDGE_CURVE('',#8005,#7982,#8007,.T.);
#8005 = VERTEX_POINT('',#8006);
#8006 = CARTESIAN_POINT('',(1.92E+03,-455.,278.));
#8007 = SURFACE_CURVE('',#8008,(#8013,#8020),.PCURVE_S1.);
#8008 = CIRCLE('',#8009,12.5);
#8009 = AXIS2_PLACEMENT_3D('',#8010,#8011,#8012);
#8010 = CARTESIAN_POINT('',(1.92E+03,-467.5,278.));
#8011 = DIRECTION('',(0.,0.,-1.));
#8012 = DIRECTION('',(-1.,0.,-0.));
#8013 = PCURVE('',#7452,#8014);
#8014 = DEFINITIONAL_REPRESENTATION('',(#8015),#8019);
#8015 = LINE('',#8016,#8017);
#8016 = CARTESIAN_POINT('',(0.,268.));
#8017 = VECTOR('',#8018,1.);
#8018 = DIRECTION('',(1.,0.));
#8019 = ( GEOMETRIC_REPRESENTATION_CONTEXT(2) 
PARAMETRIC_REPRESENTATION_CONTEXT() REPRESENTATION_CONTEXT('2D SPACE',''
  ) );
#8020 = PCURVE('',#8021,#8026);
#8021 = PLANE('',#8022);
#8022 = AXIS2_PLACEMENT_3D('',#8023,#8024,#8025);
#8023 = CARTESIAN_POINT('',(1.92E+03,-467.5,278.));
#8024 = DIRECTION('',(0.,0.,-1.));
#8025 = DIRECTION('',(-1.,0.,-0.));
#8026 = DEFINITIONAL_REPRESENTATION('',(#8027),#8031);
#8027 = CIRCLE('',#8028,12.5);
#8028 = AXIS2_PLACEMENT_2D('',#8029,#8030);
#8029 = CARTESIAN_POINT('',(0.,0.));
#8030 = DIRECTION('',(1.,0.));
#8031 = ( GEOMETRIC_REPRESENTATION_CONTEXT(2) 
PARAMETRIC_REPRESENTATION_CONTEXT() REPRESENTATION_CONTEXT('2D SPACE',''
  ) );
#8032 = ORIENTED_EDGE('',*,*,#8033,.F.);
#8033 = EDGE_CURVE('',#7982,#8005,#8034,.T.);
#8034 = SURFACE_CURVE('',#8035,(#8040,#8047),.PCURVE_S1.);
#8035 = CIRCLE('',#8036,12.5);
#8036 = AXIS2_PLACEMENT_3D('',#8037,#8038,#8039);
#8037 = CARTESIAN_POINT('',(1.92E+03,-467.5,278.));
#8038 = DIRECTION('',(0.,0.,-1.));
#8039 = DIRECTION('',(-1.,0.,-0.));
#8040 = PCURVE('',#7452,#8041);
#8041 = DEFINITIONAL_REPRESENTATION('',(#8042),#8046);
#8042 = LINE('',#8043,#8044);
#8043 = CARTESIAN_POINT('',(0.,268.));
#8044 = VECTOR('',#8045,1.);
#8045 = DIRECTION('',(1.,0.));
#8046 = ( GEOMETRIC_REPRESENTATION_CONTEXT(2) 
PARAMETRIC_REPRESENTATION_CONTEXT() REPRESENTATION_CONTEXT('2D SPACE',''
  ) );
#8047 = PCURVE('',#8021,#8048);
#8048 = DEFINITIONAL_REPRESENTATION('',(#8049),#8053);
#8049 = CIRCLE('',#8050,12.5);
#8050 = AXIS2_PLACEMENT_2D('',#8051,#8052);
#8051 = CARTESIAN_POINT('',(0.,0.));
#8052 = DIRECTION('',(1.,0.));
#8053 = ( GEOMETRIC_REPRESENTATION_CONTEXT(2) 
PARAMETRIC_REPRESENTATION_CONTEXT() REPRESENTATION_CONTEXT('2D SPACE',''
  ) );
#8054 = ORIENTED_EDGE('',*,*,#7981,.F.);
#8055 = ORIENTED_EDGE('',*,*,#7542,.T.);
#8056 = ORIENTED_EDGE('',*,*,#7506,.F.);
#8057 = ORIENTED_EDGE('',*,*,#7470,.F.);
#8058 = ADVANCED_FACE('',(#8059),#7727,.F.);
#8059 = FACE_BOUND('',#8060,.F.);
#8060 = EDGE_LOOP('',(#8061,#8062,#8063));
#8061 = ORIENTED_EDGE('',*,*,#7741,.T.);
#8062 = ORIENTED_EDGE('',*,*,#7712,.T.);
#8063 = ORIENTED_EDGE('',*,*,#7917,.T.);
#8064 = ADVANCED_FACE('',(#8065),#7675,.T.);
#8065 = FACE_BOUND('',#8066,.T.);
#8066 = EDGE_LOOP('',(#8067,#8068,#8069));
#8067 = ORIENTED_EDGE('',*,*,#7660,.T.);
#8068 = ORIENTED_EDGE('',*,*,#7689,.T.);
#8069 = ORIENTED_EDGE('',*,*,#7945,.T.);
#8070 = ADVANCED_FACE('',(#8071),#7790,.T.);
#8071 = FACE_BOUND('',#8072,.T.);
#8072 = EDGE_LOOP('',(#8073,#8074,#8097,#8126,#8148,#8149,#8150,#8151));
#8073 = ORIENTED_EDGE('',*,*,#7765,.T.);
#8074 = ORIENTED_EDGE('',*,*,#8075,.T.);
#8075 = EDGE_CURVE('',#7768,#8076,#8078,.T.);
#8076 = VERTEX_POINT('',#8077);
#8077 = CARTESIAN_POINT('',(1.9075E+03,467.5,278.));
#8078 = SEAM_CURVE('',#8079,(#8083,#8090),.PCURVE_S1.);
#8079 = LINE('',#8080,#8081);
#8080 = CARTESIAN_POINT('',(1.9075E+03,467.5,546.));
#8081 = VECTOR('',#8082,1.);
#8082 = DIRECTION('',(0.,0.,-1.));
#8083 = PCURVE('',#7790,#8084);
#8084 = DEFINITIONAL_REPRESENTATION('',(#8085),#8089);
#8085 = LINE('',#8086,#8087);
#8086 = CARTESIAN_POINT('',(0.,-0.));
#8087 = VECTOR('',#8088,1.);
#8088 = DIRECTION('',(0.,1.));
#8089 = ( GEOMETRIC_REPRESENTATION_CONTEXT(2) 
PARAMETRIC_REPRESENTATION_CONTEXT() REPRESENTATION_CONTEXT('2D SPACE',''
  ) );
#8090 = PCURVE('',#7790,#8091);
#8091 = DEFINITIONAL_REPRESENTATION('',(#8092),#8096);
#8092 = LINE('',#8093,#8094);
#8093 = CARTESIAN_POINT('',(6.28318530718,-0.));
#8094 = VECTOR('',#8095,1.);
#8095 = DIRECTION('',(0.,1.));
#8096 = ( GEOMETRIC_REPRESENTATION_CONTEXT(2) 
PARAMETRIC_REPRESENTATION_CONTEXT() REPRESENTATION_CONTEXT('2D SPACE',''
  ) );
#8097 = ORIENTED_EDGE('',*,*,#8098,.F.);
#8098 = EDGE_CURVE('',#8099,#8076,#8101,.T.);
#8099 = VERTEX_POINT('',#8100);
#8100 = CARTESIAN_POINT('',(1.92E+03,455.,278.));
#8101 = SURFACE_CURVE('',#8102,(#8107,#8114),.PCURVE_S1.);
#8102 = CIRCLE('',#8103,12.5);
#8103 = AXIS2_PLACEMENT_3D('',#8104,#8105,#8106);
#8104 = CARTESIAN_POINT('',(1.92E+03,467.5,278.));
#8105 = DIRECTION('',(0.,0.,-1.));
#8106 = DIRECTION('',(-1.,0.,-0.));
#8107 = PCURVE('',#7790,#8108);
#8108 = DEFINITIONAL_REPRESENTATION('',(#8109),#8113);
#8109 = LINE('',#8110,#8111);
#8110 = CARTESIAN_POINT('',(0.,268.));
#8111 = VECTOR('',#8112,1.);
#8112 = DIRECTION('',(1.,0.));
#8113 = ( GEOMETRIC_REPRESENTATION_CONTEXT(2) 
PARAMETRIC_REPRESENTATION_CONTEXT() REPRESENTATION_CONTEXT('2D SPACE',''
  ) );
#8114 = PCURVE('',#8115,#8120);
#8115 = PLANE('',#8116);
#8116 = AXIS2_PLACEMENT_3D('',#8117,#8118,#8119);
#8117 = CARTESIAN_POINT('',(1.92E+03,467.5,278.));
#8118 = DIRECTION('',(0.,0.,-1.));
#8119 = DIRECTION('',(-1.,0.,-0.));
#8120 = DEFINITIONAL_REPRESENTATION('',(#8121),#8125);
#8121 = CIRCLE('',#8122,12.5);
#8122 = AXIS2_PLACEMENT_2D('',#8123,#8124);
#8123 = CARTESIAN_POINT('',(0.,0.));
#8124 = DIRECTION('',(1.,0.));
#8125 = ( GEOMETRIC_REPRESENTATION_CONTEXT(2) 
PARAMETRIC_REPRESENTATION_CONTEXT() REPRESENTATION_CONTEXT('2D SPACE',''
  ) );
#8126 = ORIENTED_EDGE('',*,*,#8127,.F.);
#8127 = EDGE_CURVE('',#8076,#8099,#8128,.T.);
#8128 = SURFACE_CURVE('',#8129,(#8134,#8141),.PCURVE_S1.);
#8129 = CIRCLE('',#8130,12.5);
#8130 = AXIS2_PLACEMENT_3D('',#8131,#8132,#8133);
#8131 = CARTESIAN_POINT('',(1.92E+03,467.5,278.));
#8132 = DIRECTION('',(0.,0.,-1.));
#8133 = DIRECTION('',(-1.,0.,-0.));
#8134 = PCURVE('',#7790,#8135);
#8135 = DEFINITIONAL_REPRESENTATION('',(#8136),#8140);
#8136 = LINE('',#8137,#8138);
#8137 = CARTESIAN_POINT('',(0.,268.));
#8138 = VECTOR('',#8139,1.);
#8139 = DIRECTION('',(1.,0.));
#8140 = ( GEOMETRIC_REPRESENTATION_CONTEXT(2) 
PARAMETRIC_REPRESENTATION_CONTEXT() REPRESENTATION_CONTEXT('2D SPACE',''
  ) );
#8141 = PCURVE('',#8115,#8142);
#8142 = DEFINITIONAL_REPRESENTATION('',(#8143),#8147);
#8143 = CIRCLE('',#8144,12.5);
#8144 = AXIS2_PLACEMENT_2D('',#8145,#8146);
#8145 = CARTESIAN_POINT('',(0.,0.));
#8146 = DIRECTION('',(1.,0.));
#8147 = ( GEOMETRIC_REPRESENTATION_CONTEXT(2) 
PARAMETRIC_REPRESENTATION_CONTEXT() REPRESENTATION_CONTEXT('2D SPACE',''
  ) );
#8148 = ORIENTED_EDGE('',*,*,#8075,.F.);
#8149 = ORIENTED_EDGE('',*,*,#7880,.T.);
#8150 = ORIENTED_EDGE('',*,*,#7844,.F.);
#8151 = ORIENTED_EDGE('',*,*,#7808,.F.);
#8152 = ADVANCED_FACE('',(#8153),#8021,.T.);
#8153 = FACE_BOUND('',#8154,.T.);
#8154 = EDGE_LOOP('',(#8155,#8156));
#8155 = ORIENTED_EDGE('',*,*,#8033,.T.);
#8156 = ORIENTED_EDGE('',*,*,#8004,.T.);
#8157 = ADVANCED_FACE('',(#8158),#8115,.T.);
#8158 = FACE_BOUND('',#8159,.T.);
#8159 = EDGE_LOOP('',(#8160,#8161));
#8160 = ORIENTED_EDGE('',*,*,#8127,.T.);
#8161 = ORIENTED_EDGE('',*,*,#8098,.T.);
#8162 = MANIFOLD_SOLID_BREP('',#8163);
#8163 = CLOSED_SHELL('',(#8164,#8307,#8383,#8432,#8481,#8509));
#8164 = ADVANCED_FACE('',(#8165),#8179,.T.);
#8165 = FACE_BOUND('',#8166,.T.);
#8166 = EDGE_LOOP('',(#8167,#8202,#8230,#8258,#8281));
#8167 = ORIENTED_EDGE('',*,*,#8168,.F.);
#8168 = EDGE_CURVE('',#8169,#8171,#8173,.T.);
#8169 = VERTEX_POINT('',#8170);
#8170 = CARTESIAN_POINT('',(1.89E+03,455.,218.));
#8171 = VERTEX_POINT('',#8172);
#8172 = CARTESIAN_POINT('',(1.95E+03,455.,218.));
#8173 = SURFACE_CURVE('',#8174,(#8178,#8190),.PCURVE_S1.);
#8174 = LINE('',#8175,#8176);
#8175 = CARTESIAN_POINT('',(1.89E+03,455.,218.));
#8176 = VECTOR('',#8177,1.);
#8177 = DIRECTION('',(1.,0.,-0.));
#8178 = PCURVE('',#8179,#8184);
#8179 = PLANE('',#8180);
#8180 = AXIS2_PLACEMENT_3D('',#8181,#8182,#8183);
#8181 = CARTESIAN_POINT('',(1.89E+03,455.,218.));
#8182 = DIRECTION('',(-0.,1.,0.));
#8183 = DIRECTION('',(0.,0.,1.));
#8184 = DEFINITIONAL_REPRESENTATION('',(#8185),#8189);
#8185 = LINE('',#8186,#8187);
#8186 = CARTESIAN_POINT('',(0.,0.));
#8187 = VECTOR('',#8188,1.);
#8188 = DIRECTION('',(0.,1.));
#8189 = ( GEOMETRIC_REPRESENTATION_CONTEXT(2) 
PARAMETRIC_REPRESENTATION_CONTEXT() REPRESENTATION_CONTEXT('2D SPACE',''
  ) );
#8190 = PCURVE('',#8191,#8196);
#8191 = PLANE('',#8192);
#8192 = AXIS2_PLACEMENT_3D('',#8193,#8194,#8195);
#8193 = CARTESIAN_POINT('',(1.89E+03,450.,218.));
#8194 = DIRECTION('',(0.,0.,1.));
#8195 = DIRECTION('',(1.,0.,-0.));
#8196 = DEFINITIONAL_REPRESENTATION('',(#8197),#8201);
#8197 = LINE('',#8198,#8199);
#8198 = CARTESIAN_POINT('',(0.,5.));
#8199 = VECTOR('',#8200,1.);
#8200 = DIRECTION('',(1.,0.));
#8201 = ( GEOMETRIC_REPRESENTATION_CONTEXT(2) 
PARAMETRIC_REPRESENTATION_CONTEXT() REPRESENTATION_CONTEXT('2D SPACE',''
  ) );
#8202 = ORIENTED_EDGE('',*,*,#8203,.T.);
#8203 = EDGE_CURVE('',#8169,#8204,#8206,.T.);
#8204 = VERTEX_POINT('',#8205);
#8205 = CARTESIAN_POINT('',(1.89E+03,455.,298.));
#8206 = SURFACE_CURVE('',#8207,(#8211,#8218),.PCURVE_S1.);
#8207 = LINE('',#8208,#8209);
#8208 = CARTESIAN_POINT('',(1.89E+03,455.,218.));
#8209 = VECTOR('',#8210,1.);
#8210 = DIRECTION('',(0.,0.,1.));
#8211 = PCURVE('',#8179,#8212);
#8212 = DEFINITIONAL_REPRESENTATION('',(#8213),#8217);
#8213 = LINE('',#8214,#8215);
#8214 = CARTESIAN_POINT('',(0.,0.));
#8215 = VECTOR('',#8216,1.);
#8216 = DIRECTION('',(1.,0.));
#8217 = ( GEOMETRIC_REPRESENTATION_CONTEXT(2) 
PARAMETRIC_REPRESENTATION_CONTEXT() REPRESENTATION_CONTEXT('2D SPACE',''
  ) );
#8218 = PCURVE('',#8219,#8224);
#8219 = PLANE('',#8220);
#8220 = AXIS2_PLACEMENT_3D('',#8221,#8222,#8223);
#8221 = CARTESIAN_POINT('',(1.89E+03,450.,218.));
#8222 = DIRECTION('',(1.,0.,-0.));
#8223 = DIRECTION('',(0.,0.,1.));
#8224 = DEFINITIONAL_REPRESENTATION('',(#8225),#8229);
#8225 = LINE('',#8226,#8227);
#8226 = CARTESIAN_POINT('',(0.,-5.));
#8227 = VECTOR('',#8228,1.);
#8228 = DIRECTION('',(1.,0.));
#8229 = ( GEOMETRIC_REPRESENTATION_CONTEXT(2) 
PARAMETRIC_REPRESENTATION_CONTEXT() REPRESENTATION_CONTEXT('2D SPACE',''
  ) );
#8230 = ORIENTED_EDGE('',*,*,#8231,.T.);
#8231 = EDGE_CURVE('',#8204,#8232,#8234,.T.);
#8232 = VERTEX_POINT('',#8233);
#8233 = CARTESIAN_POINT('',(1.92E+03,455.,298.));
#8234 = SURFACE_CURVE('',#8235,(#8239,#8246),.PCURVE_S1.);
#8235 = LINE('',#8236,#8237);
#8236 = CARTESIAN_POINT('',(1.89E+03,455.,298.));
#8237 = VECTOR('',#8238,1.);
#8238 = DIRECTION('',(1.,0.,-0.));
#8239 = PCURVE('',#8179,#8240);
#8240 = DEFINITIONAL_REPRESENTATION('',(#8241),#8245);
#8241 = LINE('',#8242,#8243);
#8242 = CARTESIAN_POINT('',(80.,0.));
#8243 = VECTOR('',#8244,1.);
#8244 = DIRECTION('',(0.,1.));
#8245 = ( GEOMETRIC_REPRESENTATION_CONTEXT(2) 
PARAMETRIC_REPRESENTATION_CONTEXT() REPRESENTATION_CONTEXT('2D SPACE',''
  ) );
#8246 = PCURVE('',#8247,#8252);
#8247 = PLANE('',#8248);
#8248 = AXIS2_PLACEMENT_3D('',#8249,#8250,#8251);
#8249 = CARTESIAN_POINT('',(1.89E+03,450.,298.));
#8250 = DIRECTION('',(0.,0.,1.));
#8251 = DIRECTION('',(1.,0.,-0.));
#8252 = DEFINITIONAL_REPRESENTATION('',(#8253),#8257);
#8253 = LINE('',#8254,#8255);
#8254 = CARTESIAN_POINT('',(0.,5.));
#8255 = VECTOR('',#8256,1.);
#8256 = DIRECTION('',(1.,0.));
#8257 = ( GEOMETRIC_REPRESENTATION_CONTEXT(2) 
PARAMETRIC_REPRESENTATION_CONTEXT() REPRESENTATION_CONTEXT('2D SPACE',''
  ) );
#8258 = ORIENTED_EDGE('',*,*,#8259,.T.);
#8259 = EDGE_CURVE('',#8232,#8260,#8262,.T.);
#8260 = VERTEX_POINT('',#8261);
#8261 = CARTESIAN_POINT('',(1.95E+03,455.,298.));
#8262 = SURFACE_CURVE('',#8263,(#8267,#8274),.PCURVE_S1.);
#8263 = LINE('',#8264,#8265);
#8264 = CARTESIAN_POINT('',(1.89E+03,455.,298.));
#8265 = VECTOR('',#8266,1.);
#8266 = DIRECTION('',(1.,0.,-0.));
#8267 = PCURVE('',#8179,#8268);
#8268 = DEFINITIONAL_REPRESENTATION('',(#8269),#8273);
#8269 = LINE('',#8270,#8271);
#8270 = CARTESIAN_POINT('',(80.,0.));
#8271 = VECTOR('',#8272,1.);
#8272 = DIRECTION('',(0.,1.));
#8273 = ( GEOMETRIC_REPRESENTATION_CONTEXT(2) 
PARAMETRIC_REPRESENTATION_CONTEXT() REPRESENTATION_CONTEXT('2D SPACE',''
  ) );
#8274 = PCURVE('',#8247,#8275);
#8275 = DEFINITIONAL_REPRESENTATION('',(#8276),#8280);
#8276 = LINE('',#8277,#8278);
#8277 = CARTESIAN_POINT('',(0.,5.));
#8278 = VECTOR('',#8279,1.);
#8279 = DIRECTION('',(1.,0.));
#8280 = ( GEOMETRIC_REPRESENTATION_CONTEXT(2) 
PARAMETRIC_REPRESENTATION_CONTEXT() REPRESENTATION_CONTEXT('2D SPACE',''
  ) );
#8281 = ORIENTED_EDGE('',*,*,#8282,.F.);
#8282 = EDGE_CURVE('',#8171,#8260,#8283,.T.);
#8283 = SURFACE_CURVE('',#8284,(#8288,#8295),.PCURVE_S1.);
#8284 = LINE('',#8285,#8286);
#8285 = CARTESIAN_POINT('',(1.95E+03,455.,218.));
#8286 = VECTOR('',#8287,1.);
#8287 = DIRECTION('',(0.,0.,1.));
#8288 = PCURVE('',#8179,#8289);
#8289 = DEFINITIONAL_REPRESENTATION('',(#8290),#8294);
#8290 = LINE('',#8291,#8292);
#8291 = CARTESIAN_POINT('',(0.,60.));
#8292 = VECTOR('',#8293,1.);
#8293 = DIRECTION('',(1.,0.));
#8294 = ( GEOMETRIC_REPRESENTATION_CONTEXT(2) 
PARAMETRIC_REPRESENTATION_CONTEXT() REPRESENTATION_CONTEXT('2D SPACE',''
  ) );
#8295 = PCURVE('',#8296,#8301);
#8296 = PLANE('',#8297);
#8297 = AXIS2_PLACEMENT_3D('',#8298,#8299,#8300);
#8298 = CARTESIAN_POINT('',(1.95E+03,450.,218.));
#8299 = DIRECTION('',(1.,0.,-0.));
#8300 = DIRECTION('',(0.,0.,1.));
#8301 = DEFINITIONAL_REPRESENTATION('',(#8302),#8306);
#8302 = LINE('',#8303,#8304);
#8303 = CARTESIAN_POINT('',(0.,-5.));
#8304 = VECTOR('',#8305,1.);
#8305 = DIRECTION('',(1.,0.));
#8306 = ( GEOMETRIC_REPRESENTATION_CONTEXT(2) 
PARAMETRIC_REPRESENTATION_CONTEXT() REPRESENTATION_CONTEXT('2D SPACE',''
  ) );
#8307 = ADVANCED_FACE('',(#8308),#8191,.F.);
#8308 = FACE_BOUND('',#8309,.F.);
#8309 = EDGE_LOOP('',(#8310,#8333,#8361,#8382));
#8310 = ORIENTED_EDGE('',*,*,#8311,.F.);
#8311 = EDGE_CURVE('',#8312,#8169,#8314,.T.);
#8312 = VERTEX_POINT('',#8313);
#8313 = CARTESIAN_POINT('',(1.89E+03,450.,218.));
#8314 = SURFACE_CURVE('',#8315,(#8319,#8326),.PCURVE_S1.);
#8315 = LINE('',#8316,#8317);
#8316 = CARTESIAN_POINT('',(1.89E+03,450.,218.));
#8317 = VECTOR('',#8318,1.);
#8318 = DIRECTION('',(-0.,1.,0.));
#8319 = PCURVE('',#8191,#8320);
#8320 = DEFINITIONAL_REPRESENTATION('',(#8321),#8325);
#8321 = LINE('',#8322,#8323);
#8322 = CARTESIAN_POINT('',(0.,0.));
#8323 = VECTOR('',#8324,1.);
#8324 = DIRECTION('',(0.,1.));
#8325 = ( GEOMETRIC_REPRESENTATION_CONTEXT(2) 
PARAMETRIC_REPRESENTATION_CONTEXT() REPRESENTATION_CONTEXT('2D SPACE',''
  ) );
#8326 = PCURVE('',#8219,#8327);
#8327 = DEFINITIONAL_REPRESENTATION('',(#8328),#8332);
#8328 = LINE('',#8329,#8330);
#8329 = CARTESIAN_POINT('',(0.,0.));
#8330 = VECTOR('',#8331,1.);
#8331 = DIRECTION('',(0.,-1.));
#8332 = ( GEOMETRIC_REPRESENTATION_CONTEXT(2) 
PARAMETRIC_REPRESENTATION_CONTEXT() REPRESENTATION_CONTEXT('2D SPACE',''
  ) );
#8333 = ORIENTED_EDGE('',*,*,#8334,.T.);
#8334 = EDGE_CURVE('',#8312,#8335,#8337,.T.);
#8335 = VERTEX_POINT('',#8336);
#8336 = CARTESIAN_POINT('',(1.95E+03,450.,218.));
#8337 = SURFACE_CURVE('',#8338,(#8342,#8349),.PCURVE_S1.);
#8338 = LINE('',#8339,#8340);
#8339 = CARTESIAN_POINT('',(1.89E+03,450.,218.));
#8340 = VECTOR('',#8341,1.);
#8341 = DIRECTION('',(1.,0.,-0.));
#8342 = PCURVE('',#8191,#8343);
#8343 = DEFINITIONAL_REPRESENTATION('',(#8344),#8348);
#8344 = LINE('',#8345,#8346);
#8345 = CARTESIAN_POINT('',(0.,0.));
#8346 = VECTOR('',#8347,1.);
#8347 = DIRECTION('',(1.,0.));
#8348 = ( GEOMETRIC_REPRESENTATION_CONTEXT(2) 
PARAMETRIC_REPRESENTATION_CONTEXT() REPRESENTATION_CONTEXT('2D SPACE',''
  ) );
#8349 = PCURVE('',#8350,#8355);
#8350 = PLANE('',#8351);
#8351 = AXIS2_PLACEMENT_3D('',#8352,#8353,#8354);
#8352 = CARTESIAN_POINT('',(1.89E+03,450.,218.));
#8353 = DIRECTION('',(-0.,1.,0.));
#8354 = DIRECTION('',(0.,0.,1.));
#8355 = DEFINITIONAL_REPRESENTATION('',(#8356),#8360);
#8356 = LINE('',#8357,#8358);
#8357 = CARTESIAN_POINT('',(0.,0.));
#8358 = VECTOR('',#8359,1.);
#8359 = DIRECTION('',(0.,1.));
#8360 = ( GEOMETRIC_REPRESENTATION_CONTEXT(2) 
PARAMETRIC_REPRESENTATION_CONTEXT() REPRESENTATION_CONTEXT('2D SPACE',''
  ) );
#8361 = ORIENTED_EDGE('',*,*,#8362,.T.);
#8362 = EDGE_CURVE('',#8335,#8171,#8363,.T.);
#8363 = SURFACE_CURVE('',#8364,(#8368,#8375),.PCURVE_S1.);
#8364 = LINE('',#8365,#8366);
#8365 = CARTESIAN_POINT('',(1.95E+03,450.,218.));
#8366 = VECTOR('',#8367,1.);
#8367 = DIRECTION('',(-0.,1.,0.));
#8368 = PCURVE('',#8191,#8369);
#8369 = DEFINITIONAL_REPRESENTATION('',(#8370),#8374);
#8370 = LINE('',#8371,#8372);
#8371 = CARTESIAN_POINT('',(60.,0.));
#8372 = VECTOR('',#8373,1.);
#8373 = DIRECTION('',(0.,1.));
#8374 = ( GEOMETRIC_REPRESENTATION_CONTEXT(2) 
PARAMETRIC_REPRESENTATION_CONTEXT() REPRESENTATION_CONTEXT('2D SPACE',''
  ) );
#8375 = PCURVE('',#8296,#8376);
#8376 = DEFINITIONAL_REPRESENTATION('',(#8377),#8381);
#8377 = LINE('',#8378,#8379);
#8378 = CARTESIAN_POINT('',(0.,0.));
#8379 = VECTOR('',#8380,1.);
#8380 = DIRECTION('',(0.,-1.));
#8381 = ( GEOMETRIC_REPRESENTATION_CONTEXT(2) 
PARAMETRIC_REPRESENTATION_CONTEXT() REPRESENTATION_CONTEXT('2D SPACE',''
  ) );
#8382 = ORIENTED_EDGE('',*,*,#8168,.F.);
#8383 = ADVANCED_FACE('',(#8384),#8296,.T.);
#8384 = FACE_BOUND('',#8385,.T.);
#8385 = EDGE_LOOP('',(#8386,#8409,#8410,#8411));
#8386 = ORIENTED_EDGE('',*,*,#8387,.F.);
#8387 = EDGE_CURVE('',#8335,#8388,#8390,.T.);
#8388 = VERTEX_POINT('',#8389);
#8389 = CARTESIAN_POINT('',(1.95E+03,450.,298.));
#8390 = SURFACE_CURVE('',#8391,(#8395,#8402),.PCURVE_S1.);
#8391 = LINE('',#8392,#8393);
#8392 = CARTESIAN_POINT('',(1.95E+03,450.,218.));
#8393 = VECTOR('',#8394,1.);
#8394 = DIRECTION('',(0.,0.,1.));
#8395 = PCURVE('',#8296,#8396);
#8396 = DEFINITIONAL_REPRESENTATION('',(#8397),#8401);
#8397 = LINE('',#8398,#8399);
#8398 = CARTESIAN_POINT('',(0.,0.));
#8399 = VECTOR('',#8400,1.);
#8400 = DIRECTION('',(1.,0.));
#8401 = ( GEOMETRIC_REPRESENTATION_CONTEXT(2) 
PARAMETRIC_REPRESENTATION_CONTEXT() REPRESENTATION_CONTEXT('2D SPACE',''
  ) );
#8402 = PCURVE('',#8350,#8403);
#8403 = DEFINITIONAL_REPRESENTATION('',(#8404),#8408);
#8404 = LINE('',#8405,#8406);
#8405 = CARTESIAN_POINT('',(0.,60.));
#8406 = VECTOR('',#8407,1.);
#8407 = DIRECTION('',(1.,0.));
#8408 = ( GEOMETRIC_REPRESENTATION_CONTEXT(2) 
PARAMETRIC_REPRESENTATION_CONTEXT() REPRESENTATION_CONTEXT('2D SPACE',''
  ) );
#8409 = ORIENTED_EDGE('',*,*,#8362,.T.);
#8410 = ORIENTED_EDGE('',*,*,#8282,.T.);
#8411 = ORIENTED_EDGE('',*,*,#8412,.F.);
#8412 = EDGE_CURVE('',#8388,#8260,#8413,.T.);
#8413 = SURFACE_CURVE('',#8414,(#8418,#8425),.PCURVE_S1.);
#8414 = LINE('',#8415,#8416);
#8415 = CARTESIAN_POINT('',(1.95E+03,450.,298.));
#8416 = VECTOR('',#8417,1.);
#8417 = DIRECTION('',(-0.,1.,0.));
#8418 = PCURVE('',#8296,#8419);
#8419 = DEFINITIONAL_REPRESENTATION('',(#8420),#8424);
#8420 = LINE('',#8421,#8422);
#8421 = CARTESIAN_POINT('',(80.,0.));
#8422 = VECTOR('',#8423,1.);
#8423 = DIRECTION('',(0.,-1.));
#8424 = ( GEOMETRIC_REPRESENTATION_CONTEXT(2) 
PARAMETRIC_REPRESENTATION_CONTEXT() REPRESENTATION_CONTEXT('2D SPACE',''
  ) );
#8425 = PCURVE('',#8247,#8426);
#8426 = DEFINITIONAL_REPRESENTATION('',(#8427),#8431);
#8427 = LINE('',#8428,#8429);
#8428 = CARTESIAN_POINT('',(60.,0.));
#8429 = VECTOR('',#8430,1.);
#8430 = DIRECTION('',(0.,1.));
#8431 = ( GEOMETRIC_REPRESENTATION_CONTEXT(2) 
PARAMETRIC_REPRESENTATION_CONTEXT() REPRESENTATION_CONTEXT('2D SPACE',''
  ) );
#8432 = ADVANCED_FACE('',(#8433),#8219,.F.);
#8433 = FACE_BOUND('',#8434,.F.);
#8434 = EDGE_LOOP('',(#8435,#8458,#8459,#8460));
#8435 = ORIENTED_EDGE('',*,*,#8436,.F.);
#8436 = EDGE_CURVE('',#8312,#8437,#8439,.T.);
#8437 = VERTEX_POINT('',#8438);
#8438 = CARTESIAN_POINT('',(1.89E+03,450.,298.));
#8439 = SURFACE_CURVE('',#8440,(#8444,#8451),.PCURVE_S1.);
#8440 = LINE('',#8441,#8442);
#8441 = CARTESIAN_POINT('',(1.89E+03,450.,218.));
#8442 = VECTOR('',#8443,1.);
#8443 = DIRECTION('',(0.,0.,1.));
#8444 = PCURVE('',#8219,#8445);
#8445 = DEFINITIONAL_REPRESENTATION('',(#8446),#8450);
#8446 = LINE('',#8447,#8448);
#8447 = CARTESIAN_POINT('',(0.,0.));
#8448 = VECTOR('',#8449,1.);
#8449 = DIRECTION('',(1.,0.));
#8450 = ( GEOMETRIC_REPRESENTATION_CONTEXT(2) 
PARAMETRIC_REPRESENTATION_CONTEXT() REPRESENTATION_CONTEXT('2D SPACE',''
  ) );
#8451 = PCURVE('',#8350,#8452);
#8452 = DEFINITIONAL_REPRESENTATION('',(#8453),#8457);
#8453 = LINE('',#8454,#8455);
#8454 = CARTESIAN_POINT('',(0.,0.));
#8455 = VECTOR('',#8456,1.);
#8456 = DIRECTION('',(1.,0.));
#8457 = ( GEOMETRIC_REPRESENTATION_CONTEXT(2) 
PARAMETRIC_REPRESENTATION_CONTEXT() REPRESENTATION_CONTEXT('2D SPACE',''
  ) );
#8458 = ORIENTED_EDGE('',*,*,#8311,.T.);
#8459 = ORIENTED_EDGE('',*,*,#8203,.T.);
#8460 = ORIENTED_EDGE('',*,*,#8461,.F.);
#8461 = EDGE_CURVE('',#8437,#8204,#8462,.T.);
#8462 = SURFACE_CURVE('',#8463,(#8467,#8474),.PCURVE_S1.);
#8463 = LINE('',#8464,#8465);
#8464 = CARTESIAN_POINT('',(1.89E+03,450.,298.));
#8465 = VECTOR('',#8466,1.);
#8466 = DIRECTION('',(-0.,1.,0.));
#8467 = PCURVE('',#8219,#8468);
#8468 = DEFINITIONAL_REPRESENTATION('',(#8469),#8473);
#8469 = LINE('',#8470,#8471);
#8470 = CARTESIAN_POINT('',(80.,0.));
#8471 = VECTOR('',#8472,1.);
#8472 = DIRECTION('',(0.,-1.));
#8473 = ( GEOMETRIC_REPRESENTATION_CONTEXT(2) 
PARAMETRIC_REPRESENTATION_CONTEXT() REPRESENTATION_CONTEXT('2D SPACE',''
  ) );
#8474 = PCURVE('',#8247,#8475);
#8475 = DEFINITIONAL_REPRESENTATION('',(#8476),#8480);
#8476 = LINE('',#8477,#8478);
#8477 = CARTESIAN_POINT('',(0.,0.));
#8478 = VECTOR('',#8479,1.);
#8479 = DIRECTION('',(0.,1.));
#8480 = ( GEOMETRIC_REPRESENTATION_CONTEXT(2) 
PARAMETRIC_REPRESENTATION_CONTEXT() REPRESENTATION_CONTEXT('2D SPACE',''
  ) );
#8481 = ADVANCED_FACE('',(#8482),#8247,.T.);
#8482 = FACE_BOUND('',#8483,.T.);
#8483 = EDGE_LOOP('',(#8484,#8485,#8506,#8507,#8508));
#8484 = ORIENTED_EDGE('',*,*,#8461,.F.);
#8485 = ORIENTED_EDGE('',*,*,#8486,.T.);
#8486 = EDGE_CURVE('',#8437,#8388,#8487,.T.);
#8487 = SURFACE_CURVE('',#8488,(#8492,#8499),.PCURVE_S1.);
#8488 = LINE('',#8489,#8490);
#8489 = CARTESIAN_POINT('',(1.89E+03,450.,298.));
#8490 = VECTOR('',#8491,1.);
#8491 = DIRECTION('',(1.,0.,-0.));
#8492 = PCURVE('',#8247,#8493);
#8493 = DEFINITIONAL_REPRESENTATION('',(#8494),#8498);
#8494 = LINE('',#8495,#8496);
#8495 = CARTESIAN_POINT('',(0.,0.));
#8496 = VECTOR('',#8497,1.);
#8497 = DIRECTION('',(1.,0.));
#8498 = ( GEOMETRIC_REPRESENTATION_CONTEXT(2) 
PARAMETRIC_REPRESENTATION_CONTEXT() REPRESENTATION_CONTEXT('2D SPACE',''
  ) );
#8499 = PCURVE('',#8350,#8500);
#8500 = DEFINITIONAL_REPRESENTATION('',(#8501),#8505);
#8501 = LINE('',#8502,#8503);
#8502 = CARTESIAN_POINT('',(80.,0.));
#8503 = VECTOR('',#8504,1.);
#8504 = DIRECTION('',(0.,1.));
#8505 = ( GEOMETRIC_REPRESENTATION_CONTEXT(2) 
PARAMETRIC_REPRESENTATION_CONTEXT() REPRESENTATION_CONTEXT('2D SPACE',''
  ) );
#8506 = ORIENTED_EDGE('',*,*,#8412,.T.);
#8507 = ORIENTED_EDGE('',*,*,#8259,.F.);
#8508 = ORIENTED_EDGE('',*,*,#8231,.F.);
#8509 = ADVANCED_FACE('',(#8510),#8350,.F.);
#8510 = FACE_BOUND('',#8511,.F.);
#8511 = EDGE_LOOP('',(#8512,#8513,#8514,#8515));
#8512 = ORIENTED_EDGE('',*,*,#8334,.F.);
#8513 = ORIENTED_EDGE('',*,*,#8436,.T.);
#8514 = ORIENTED_EDGE('',*,*,#8486,.T.);
#8515 = ORIENTED_EDGE('',*,*,#8387,.F.);
#8516 = MANIFOLD_SOLID_BREP('',#8517);
#8517 = CLOSED_SHELL('',(#8518,#8661,#8737,#8786,#8835,#8863));
#8518 = ADVANCED_FACE('',(#8519),#8533,.F.);
#8519 = FACE_BOUND('',#8520,.F.);
#8520 = EDGE_LOOP('',(#8521,#8556,#8584,#8612,#8635));
#8521 = ORIENTED_EDGE('',*,*,#8522,.F.);
#8522 = EDGE_CURVE('',#8523,#8525,#8527,.T.);
#8523 = VERTEX_POINT('',#8524);
#8524 = CARTESIAN_POINT('',(1.89E+03,-455.,218.));
#8525 = VERTEX_POINT('',#8526);
#8526 = CARTESIAN_POINT('',(1.95E+03,-455.,218.));
#8527 = SURFACE_CURVE('',#8528,(#8532,#8544),.PCURVE_S1.);
#8528 = LINE('',#8529,#8530);
#8529 = CARTESIAN_POINT('',(1.89E+03,-455.,218.));
#8530 = VECTOR('',#8531,1.);
#8531 = DIRECTION('',(1.,0.,-0.));
#8532 = PCURVE('',#8533,#8538);
#8533 = PLANE('',#8534);
#8534 = AXIS2_PLACEMENT_3D('',#8535,#8536,#8537);
#8535 = CARTESIAN_POINT('',(1.89E+03,-455.,218.));
#8536 = DIRECTION('',(-0.,1.,0.));
#8537 = DIRECTION('',(0.,0.,1.));
#8538 = DEFINITIONAL_REPRESENTATION('',(#8539),#8543);
#8539 = LINE('',#8540,#8541);
#8540 = CARTESIAN_POINT('',(0.,0.));
#8541 = VECTOR('',#8542,1.);
#8542 = DIRECTION('',(0.,1.));
#8543 = ( GEOMETRIC_REPRESENTATION_CONTEXT(2) 
PARAMETRIC_REPRESENTATION_CONTEXT() REPRESENTATION_CONTEXT('2D SPACE',''
  ) );
#8544 = PCURVE('',#8545,#8550);
#8545 = PLANE('',#8546);
#8546 = AXIS2_PLACEMENT_3D('',#8547,#8548,#8549);
#8547 = CARTESIAN_POINT('',(1.89E+03,-455.,218.));
#8548 = DIRECTION('',(0.,0.,1.));
#8549 = DIRECTION('',(1.,0.,-0.));
#8550 = DEFINITIONAL_REPRESENTATION('',(#8551),#8555);
#8551 = LINE('',#8552,#8553);
#8552 = CARTESIAN_POINT('',(0.,0.));
#8553 = VECTOR('',#8554,1.);
#8554 = DIRECTION('',(1.,0.));
#8555 = ( GEOMETRIC_REPRESENTATION_CONTEXT(2) 
PARAMETRIC_REPRESENTATION_CONTEXT() REPRESENTATION_CONTEXT('2D SPACE',''
  ) );
#8556 = ORIENTED_EDGE('',*,*,#8557,.T.);
#8557 = EDGE_CURVE('',#8523,#8558,#8560,.T.);
#8558 = VERTEX_POINT('',#8559);
#8559 = CARTESIAN_POINT('',(1.89E+03,-455.,298.));
#8560 = SURFACE_CURVE('',#8561,(#8565,#8572),.PCURVE_S1.);
#8561 = LINE('',#8562,#8563);
#8562 = CARTESIAN_POINT('',(1.89E+03,-455.,218.));
#8563 = VECTOR('',#8564,1.);
#8564 = DIRECTION('',(0.,0.,1.));
#8565 = PCURVE('',#8533,#8566);
#8566 = DEFINITIONAL_REPRESENTATION('',(#8567),#8571);
#8567 = LINE('',#8568,#8569);
#8568 = CARTESIAN_POINT('',(0.,0.));
#8569 = VECTOR('',#8570,1.);
#8570 = DIRECTION('',(1.,0.));
#8571 = ( GEOMETRIC_REPRESENTATION_CONTEXT(2) 
PARAMETRIC_REPRESENTATION_CONTEXT() REPRESENTATION_CONTEXT('2D SPACE',''
  ) );
#8572 = PCURVE('',#8573,#8578);
#8573 = PLANE('',#8574);
#8574 = AXIS2_PLACEMENT_3D('',#8575,#8576,#8577);
#8575 = CARTESIAN_POINT('',(1.89E+03,-455.,218.));
#8576 = DIRECTION('',(1.,0.,-0.));
#8577 = DIRECTION('',(0.,0.,1.));
#8578 = DEFINITIONAL_REPRESENTATION('',(#8579),#8583);
#8579 = LINE('',#8580,#8581);
#8580 = CARTESIAN_POINT('',(0.,0.));
#8581 = VECTOR('',#8582,1.);
#8582 = DIRECTION('',(1.,0.));
#8583 = ( GEOMETRIC_REPRESENTATION_CONTEXT(2) 
PARAMETRIC_REPRESENTATION_CONTEXT() REPRESENTATION_CONTEXT('2D SPACE',''
  ) );
#8584 = ORIENTED_EDGE('',*,*,#8585,.T.);
#8585 = EDGE_CURVE('',#8558,#8586,#8588,.T.);
#8586 = VERTEX_POINT('',#8587);
#8587 = CARTESIAN_POINT('',(1.92E+03,-455.,298.));
#8588 = SURFACE_CURVE('',#8589,(#8593,#8600),.PCURVE_S1.);
#8589 = LINE('',#8590,#8591);
#8590 = CARTESIAN_POINT('',(1.89E+03,-455.,298.));
#8591 = VECTOR('',#8592,1.);
#8592 = DIRECTION('',(1.,0.,-0.));
#8593 = PCURVE('',#8533,#8594);
#8594 = DEFINITIONAL_REPRESENTATION('',(#8595),#8599);
#8595 = LINE('',#8596,#8597);
#8596 = CARTESIAN_POINT('',(80.,0.));
#8597 = VECTOR('',#8598,1.);
#8598 = DIRECTION('',(0.,1.));
#8599 = ( GEOMETRIC_REPRESENTATION_CONTEXT(2) 
PARAMETRIC_REPRESENTATION_CONTEXT() REPRESENTATION_CONTEXT('2D SPACE',''
  ) );
#8600 = PCURVE('',#8601,#8606);
#8601 = PLANE('',#8602);
#8602 = AXIS2_PLACEMENT_3D('',#8603,#8604,#8605);
#8603 = CARTESIAN_POINT('',(1.89E+03,-455.,298.));
#8604 = DIRECTION('',(0.,0.,1.));
#8605 = DIRECTION('',(1.,0.,-0.));
#8606 = DEFINITIONAL_REPRESENTATION('',(#8607),#8611);
#8607 = LINE('',#8608,#8609);
#8608 = CARTESIAN_POINT('',(0.,0.));
#8609 = VECTOR('',#8610,1.);
#8610 = DIRECTION('',(1.,0.));
#8611 = ( GEOMETRIC_REPRESENTATION_CONTEXT(2) 
PARAMETRIC_REPRESENTATION_CONTEXT() REPRESENTATION_CONTEXT('2D SPACE',''
  ) );
#8612 = ORIENTED_EDGE('',*,*,#8613,.T.);
#8613 = EDGE_CURVE('',#8586,#8614,#8616,.T.);
#8614 = VERTEX_POINT('',#8615);
#8615 = CARTESIAN_POINT('',(1.95E+03,-455.,298.));
#8616 = SURFACE_CURVE('',#8617,(#8621,#8628),.PCURVE_S1.);
#8617 = LINE('',#8618,#8619);
#8618 = CARTESIAN_POINT('',(1.89E+03,-455.,298.));
#8619 = VECTOR('',#8620,1.);
#8620 = DIRECTION('',(1.,0.,-0.));
#8621 = PCURVE('',#8533,#8622);
#8622 = DEFINITIONAL_REPRESENTATION('',(#8623),#8627);
#8623 = LINE('',#8624,#8625);
#8624 = CARTESIAN_POINT('',(80.,0.));
#8625 = VECTOR('',#8626,1.);
#8626 = DIRECTION('',(0.,1.));
#8627 = ( GEOMETRIC_REPRESENTATION_CONTEXT(2) 
PARAMETRIC_REPRESENTATION_CONTEXT() REPRESENTATION_CONTEXT('2D SPACE',''
  ) );
#8628 = PCURVE('',#8601,#8629);
#8629 = DEFINITIONAL_REPRESENTATION('',(#8630),#8634);
#8630 = LINE('',#8631,#8632);
#8631 = CARTESIAN_POINT('',(0.,0.));
#8632 = VECTOR('',#8633,1.);
#8633 = DIRECTION('',(1.,0.));
#8634 = ( GEOMETRIC_REPRESENTATION_CONTEXT(2) 
PARAMETRIC_REPRESENTATION_CONTEXT() REPRESENTATION_CONTEXT('2D SPACE',''
  ) );
#8635 = ORIENTED_EDGE('',*,*,#8636,.F.);
#8636 = EDGE_CURVE('',#8525,#8614,#8637,.T.);
#8637 = SURFACE_CURVE('',#8638,(#8642,#8649),.PCURVE_S1.);
#8638 = LINE('',#8639,#8640);
#8639 = CARTESIAN_POINT('',(1.95E+03,-455.,218.));
#8640 = VECTOR('',#8641,1.);
#8641 = DIRECTION('',(0.,0.,1.));
#8642 = PCURVE('',#8533,#8643);
#8643 = DEFINITIONAL_REPRESENTATION('',(#8644),#8648);
#8644 = LINE('',#8645,#8646);
#8645 = CARTESIAN_POINT('',(0.,60.));
#8646 = VECTOR('',#8647,1.);
#8647 = DIRECTION('',(1.,0.));
#8648 = ( GEOMETRIC_REPRESENTATION_CONTEXT(2) 
PARAMETRIC_REPRESENTATION_CONTEXT() REPRESENTATION_CONTEXT('2D SPACE',''
  ) );
#8649 = PCURVE('',#8650,#8655);
#8650 = PLANE('',#8651);
#8651 = AXIS2_PLACEMENT_3D('',#8652,#8653,#8654);
#8652 = CARTESIAN_POINT('',(1.95E+03,-455.,218.));
#8653 = DIRECTION('',(1.,0.,-0.));
#8654 = DIRECTION('',(0.,0.,1.));
#8655 = DEFINITIONAL_REPRESENTATION('',(#8656),#8660);
#8656 = LINE('',#8657,#8658);
#8657 = CARTESIAN_POINT('',(0.,0.));
#8658 = VECTOR('',#8659,1.);
#8659 = DIRECTION('',(1.,0.));
#8660 = ( GEOMETRIC_REPRESENTATION_CONTEXT(2) 
PARAMETRIC_REPRESENTATION_CONTEXT() REPRESENTATION_CONTEXT('2D SPACE',''
  ) );
#8661 = ADVANCED_FACE('',(#8662),#8545,.F.);
#8662 = FACE_BOUND('',#8663,.F.);
#8663 = EDGE_LOOP('',(#8664,#8687,#8688,#8711));
#8664 = ORIENTED_EDGE('',*,*,#8665,.F.);
#8665 = EDGE_CURVE('',#8523,#8666,#8668,.T.);
#8666 = VERTEX_POINT('',#8667);
#8667 = CARTESIAN_POINT('',(1.89E+03,-450.,218.));
#8668 = SURFACE_CURVE('',#8669,(#8673,#8680),.PCURVE_S1.);
#8669 = LINE('',#8670,#8671);
#8670 = CARTESIAN_POINT('',(1.89E+03,-455.,218.));
#8671 = VECTOR('',#8672,1.);
#8672 = DIRECTION('',(-0.,1.,0.));
#8673 = PCURVE('',#8545,#8674);
#8674 = DEFINITIONAL_REPRESENTATION('',(#8675),#8679);
#8675 = LINE('',#8676,#8677);
#8676 = CARTESIAN_POINT('',(0.,0.));
#8677 = VECTOR('',#8678,1.);
#8678 = DIRECTION('',(0.,1.));
#8679 = ( GEOMETRIC_REPRESENTATION_CONTEXT(2) 
PARAMETRIC_REPRESENTATION_CONTEXT() REPRESENTATION_CONTEXT('2D SPACE',''
  ) );
#8680 = PCURVE('',#8573,#8681);
#8681 = DEFINITIONAL_REPRESENTATION('',(#8682),#8686);
#8682 = LINE('',#8683,#8684);
#8683 = CARTESIAN_POINT('',(0.,0.));
#8684 = VECTOR('',#8685,1.);
#8685 = DIRECTION('',(0.,-1.));
#8686 = ( GEOMETRIC_REPRESENTATION_CONTEXT(2) 
PARAMETRIC_REPRESENTATION_CONTEXT() REPRESENTATION_CONTEXT('2D SPACE',''
  ) );
#8687 = ORIENTED_EDGE('',*,*,#8522,.T.);
#8688 = ORIENTED_EDGE('',*,*,#8689,.T.);
#8689 = EDGE_CURVE('',#8525,#8690,#8692,.T.);
#8690 = VERTEX_POINT('',#8691);
#8691 = CARTESIAN_POINT('',(1.95E+03,-450.,218.));
#8692 = SURFACE_CURVE('',#8693,(#8697,#8704),.PCURVE_S1.);
#8693 = LINE('',#8694,#8695);
#8694 = CARTESIAN_POINT('',(1.95E+03,-455.,218.));
#8695 = VECTOR('',#8696,1.);
#8696 = DIRECTION('',(-0.,1.,0.));
#8697 = PCURVE('',#8545,#8698);
#8698 = DEFINITIONAL_REPRESENTATION('',(#8699),#8703);
#8699 = LINE('',#8700,#8701);
#8700 = CARTESIAN_POINT('',(60.,0.));
#8701 = VECTOR('',#8702,1.);
#8702 = DIRECTION('',(0.,1.));
#8703 = ( GEOMETRIC_REPRESENTATION_CONTEXT(2) 
PARAMETRIC_REPRESENTATION_CONTEXT() REPRESENTATION_CONTEXT('2D SPACE',''
  ) );
#8704 = PCURVE('',#8650,#8705);
#8705 = DEFINITIONAL_REPRESENTATION('',(#8706),#8710);
#8706 = LINE('',#8707,#8708);
#8707 = CARTESIAN_POINT('',(0.,0.));
#8708 = VECTOR('',#8709,1.);
#8709 = DIRECTION('',(0.,-1.));
#8710 = ( GEOMETRIC_REPRESENTATION_CONTEXT(2) 
PARAMETRIC_REPRESENTATION_CONTEXT() REPRESENTATION_CONTEXT('2D SPACE',''
  ) );
#8711 = ORIENTED_EDGE('',*,*,#8712,.F.);
#8712 = EDGE_CURVE('',#8666,#8690,#8713,.T.);
#8713 = SURFACE_CURVE('',#8714,(#8718,#8725),.PCURVE_S1.);
#8714 = LINE('',#8715,#8716);
#8715 = CARTESIAN_POINT('',(1.89E+03,-450.,218.));
#8716 = VECTOR('',#8717,1.);
#8717 = DIRECTION('',(1.,0.,-0.));
#8718 = PCURVE('',#8545,#8719);
#8719 = DEFINITIONAL_REPRESENTATION('',(#8720),#8724);
#8720 = LINE('',#8721,#8722);
#8721 = CARTESIAN_POINT('',(0.,5.));
#8722 = VECTOR('',#8723,1.);
#8723 = DIRECTION('',(1.,0.));
#8724 = ( GEOMETRIC_REPRESENTATION_CONTEXT(2) 
PARAMETRIC_REPRESENTATION_CONTEXT() REPRESENTATION_CONTEXT('2D SPACE',''
  ) );
#8725 = PCURVE('',#8726,#8731);
#8726 = PLANE('',#8727);
#8727 = AXIS2_PLACEMENT_3D('',#8728,#8729,#8730);
#8728 = CARTESIAN_POINT('',(1.89E+03,-450.,218.));
#8729 = DIRECTION('',(-0.,1.,0.));
#8730 = DIRECTION('',(0.,0.,1.));
#8731 = DEFINITIONAL_REPRESENTATION('',(#8732),#8736);
#8732 = LINE('',#8733,#8734);
#8733 = CARTESIAN_POINT('',(0.,0.));
#8734 = VECTOR('',#8735,1.);
#8735 = DIRECTION('',(0.,1.));
#8736 = ( GEOMETRIC_REPRESENTATION_CONTEXT(2) 
PARAMETRIC_REPRESENTATION_CONTEXT() REPRESENTATION_CONTEXT('2D SPACE',''
  ) );
#8737 = ADVANCED_FACE('',(#8738),#8650,.T.);
#8738 = FACE_BOUND('',#8739,.T.);
#8739 = EDGE_LOOP('',(#8740,#8741,#8742,#8765));
#8740 = ORIENTED_EDGE('',*,*,#8636,.F.);
#8741 = ORIENTED_EDGE('',*,*,#8689,.T.);
#8742 = ORIENTED_EDGE('',*,*,#8743,.T.);
#8743 = EDGE_CURVE('',#8690,#8744,#8746,.T.);
#8744 = VERTEX_POINT('',#8745);
#8745 = CARTESIAN_POINT('',(1.95E+03,-450.,298.));
#8746 = SURFACE_CURVE('',#8747,(#8751,#8758),.PCURVE_S1.);
#8747 = LINE('',#8748,#8749);
#8748 = CARTESIAN_POINT('',(1.95E+03,-450.,218.));
#8749 = VECTOR('',#8750,1.);
#8750 = DIRECTION('',(0.,0.,1.));
#8751 = PCURVE('',#8650,#8752);
#8752 = DEFINITIONAL_REPRESENTATION('',(#8753),#8757);
#8753 = LINE('',#8754,#8755);
#8754 = CARTESIAN_POINT('',(0.,-5.));
#8755 = VECTOR('',#8756,1.);
#8756 = DIRECTION('',(1.,0.));
#8757 = ( GEOMETRIC_REPRESENTATION_CONTEXT(2) 
PARAMETRIC_REPRESENTATION_CONTEXT() REPRESENTATION_CONTEXT('2D SPACE',''
  ) );
#8758 = PCURVE('',#8726,#8759);
#8759 = DEFINITIONAL_REPRESENTATION('',(#8760),#8764);
#8760 = LINE('',#8761,#8762);
#8761 = CARTESIAN_POINT('',(0.,60.));
#8762 = VECTOR('',#8763,1.);
#8763 = DIRECTION('',(1.,0.));
#8764 = ( GEOMETRIC_REPRESENTATION_CONTEXT(2) 
PARAMETRIC_REPRESENTATION_CONTEXT() REPRESENTATION_CONTEXT('2D SPACE',''
  ) );
#8765 = ORIENTED_EDGE('',*,*,#8766,.F.);
#8766 = EDGE_CURVE('',#8614,#8744,#8767,.T.);
#8767 = SURFACE_CURVE('',#8768,(#8772,#8779),.PCURVE_S1.);
#8768 = LINE('',#8769,#8770);
#8769 = CARTESIAN_POINT('',(1.95E+03,-455.,298.));
#8770 = VECTOR('',#8771,1.);
#8771 = DIRECTION('',(-0.,1.,0.));
#8772 = PCURVE('',#8650,#8773);
#8773 = DEFINITIONAL_REPRESENTATION('',(#8774),#8778);
#8774 = LINE('',#8775,#8776);
#8775 = CARTESIAN_POINT('',(80.,0.));
#8776 = VECTOR('',#8777,1.);
#8777 = DIRECTION('',(0.,-1.));
#8778 = ( GEOMETRIC_REPRESENTATION_CONTEXT(2) 
PARAMETRIC_REPRESENTATION_CONTEXT() REPRESENTATION_CONTEXT('2D SPACE',''
  ) );
#8779 = PCURVE('',#8601,#8780);
#8780 = DEFINITIONAL_REPRESENTATION('',(#8781),#8785);
#8781 = LINE('',#8782,#8783);
#8782 = CARTESIAN_POINT('',(60.,0.));
#8783 = VECTOR('',#8784,1.);
#8784 = DIRECTION('',(0.,1.));
#8785 = ( GEOMETRIC_REPRESENTATION_CONTEXT(2) 
PARAMETRIC_REPRESENTATION_CONTEXT() REPRESENTATION_CONTEXT('2D SPACE',''
  ) );
#8786 = ADVANCED_FACE('',(#8787),#8573,.F.);
#8787 = FACE_BOUND('',#8788,.F.);
#8788 = EDGE_LOOP('',(#8789,#8790,#8791,#8814));
#8789 = ORIENTED_EDGE('',*,*,#8557,.F.);
#8790 = ORIENTED_EDGE('',*,*,#8665,.T.);
#8791 = ORIENTED_EDGE('',*,*,#8792,.T.);
#8792 = EDGE_CURVE('',#8666,#8793,#8795,.T.);
#8793 = VERTEX_POINT('',#8794);
#8794 = CARTESIAN_POINT('',(1.89E+03,-450.,298.));
#8795 = SURFACE_CURVE('',#8796,(#8800,#8807),.PCURVE_S1.);
#8796 = LINE('',#8797,#8798);
#8797 = CARTESIAN_POINT('',(1.89E+03,-450.,218.));
#8798 = VECTOR('',#8799,1.);
#8799 = DIRECTION('',(0.,0.,1.));
#8800 = PCURVE('',#8573,#8801);
#8801 = DEFINITIONAL_REPRESENTATION('',(#8802),#8806);
#8802 = LINE('',#8803,#8804);
#8803 = CARTESIAN_POINT('',(0.,-5.));
#8804 = VECTOR('',#8805,1.);
#8805 = DIRECTION('',(1.,0.));
#8806 = ( GEOMETRIC_REPRESENTATION_CONTEXT(2) 
PARAMETRIC_REPRESENTATION_CONTEXT() REPRESENTATION_CONTEXT('2D SPACE',''
  ) );
#8807 = PCURVE('',#8726,#8808);
#8808 = DEFINITIONAL_REPRESENTATION('',(#8809),#8813);
#8809 = LINE('',#8810,#8811);
#8810 = CARTESIAN_POINT('',(0.,0.));
#8811 = VECTOR('',#8812,1.);
#8812 = DIRECTION('',(1.,0.));
#8813 = ( GEOMETRIC_REPRESENTATION_CONTEXT(2) 
PARAMETRIC_REPRESENTATION_CONTEXT() REPRESENTATION_CONTEXT('2D SPACE',''
  ) );
#8814 = ORIENTED_EDGE('',*,*,#8815,.F.);
#8815 = EDGE_CURVE('',#8558,#8793,#8816,.T.);
#8816 = SURFACE_CURVE('',#8817,(#8821,#8828),.PCURVE_S1.);
#8817 = LINE('',#8818,#8819);
#8818 = CARTESIAN_POINT('',(1.89E+03,-455.,298.));
#8819 = VECTOR('',#8820,1.);
#8820 = DIRECTION('',(-0.,1.,0.));
#8821 = PCURVE('',#8573,#8822);
#8822 = DEFINITIONAL_REPRESENTATION('',(#8823),#8827);
#8823 = LINE('',#8824,#8825);
#8824 = CARTESIAN_POINT('',(80.,0.));
#8825 = VECTOR('',#8826,1.);
#8826 = DIRECTION('',(0.,-1.));
#8827 = ( GEOMETRIC_REPRESENTATION_CONTEXT(2) 
PARAMETRIC_REPRESENTATION_CONTEXT() REPRESENTATION_CONTEXT('2D SPACE',''
  ) );
#8828 = PCURVE('',#8601,#8829);
#8829 = DEFINITIONAL_REPRESENTATION('',(#8830),#8834);
#8830 = LINE('',#8831,#8832);
#8831 = CARTESIAN_POINT('',(0.,0.));
#8832 = VECTOR('',#8833,1.);
#8833 = DIRECTION('',(0.,1.));
#8834 = ( GEOMETRIC_REPRESENTATION_CONTEXT(2) 
PARAMETRIC_REPRESENTATION_CONTEXT() REPRESENTATION_CONTEXT('2D SPACE',''
  ) );
#8835 = ADVANCED_FACE('',(#8836),#8601,.T.);
#8836 = FACE_BOUND('',#8837,.T.);
#8837 = EDGE_LOOP('',(#8838,#8839,#8840,#8841,#8842));
#8838 = ORIENTED_EDGE('',*,*,#8815,.F.);
#8839 = ORIENTED_EDGE('',*,*,#8585,.T.);
#8840 = ORIENTED_EDGE('',*,*,#8613,.T.);
#8841 = ORIENTED_EDGE('',*,*,#8766,.T.);
#8842 = ORIENTED_EDGE('',*,*,#8843,.F.);
#8843 = EDGE_CURVE('',#8793,#8744,#8844,.T.);
#8844 = SURFACE_CURVE('',#8845,(#8849,#8856),.PCURVE_S1.);
#8845 = LINE('',#8846,#8847);
#8846 = CARTESIAN_POINT('',(1.89E+03,-450.,298.));
#8847 = VECTOR('',#8848,1.);
#8848 = DIRECTION('',(1.,0.,-0.));
#8849 = PCURVE('',#8601,#8850);
#8850 = DEFINITIONAL_REPRESENTATION('',(#8851),#8855);
#8851 = LINE('',#8852,#8853);
#8852 = CARTESIAN_POINT('',(0.,5.));
#8853 = VECTOR('',#8854,1.);
#8854 = DIRECTION('',(1.,0.));
#8855 = ( GEOMETRIC_REPRESENTATION_CONTEXT(2) 
PARAMETRIC_REPRESENTATION_CONTEXT() REPRESENTATION_CONTEXT('2D SPACE',''
  ) );
#8856 = PCURVE('',#8726,#8857);
#8857 = DEFINITIONAL_REPRESENTATION('',(#8858),#8862);
#8858 = LINE('',#8859,#8860);
#8859 = CARTESIAN_POINT('',(80.,0.));
#8860 = VECTOR('',#8861,1.);
#8861 = DIRECTION('',(0.,1.));
#8862 = ( GEOMETRIC_REPRESENTATION_CONTEXT(2) 
PARAMETRIC_REPRESENTATION_CONTEXT() REPRESENTATION_CONTEXT('2D SPACE',''
  ) );
#8863 = ADVANCED_FACE('',(#8864),#8726,.T.);
#8864 = FACE_BOUND('',#8865,.T.);
#8865 = EDGE_LOOP('',(#8866,#8867,#8868,#8869));
#8866 = ORIENTED_EDGE('',*,*,#8712,.F.);
#8867 = ORIENTED_EDGE('',*,*,#8792,.T.);
#8868 = ORIENTED_EDGE('',*,*,#8843,.T.);
#8869 = ORIENTED_EDGE('',*,*,#8743,.F.);
#8870 = ( GEOMETRIC_REPRESENTATION_CONTEXT(3) 
GLOBAL_UNCERTAINTY_ASSIGNED_CONTEXT((#8874)) 
GLOBAL_UNIT_ASSIGNED_CONTEXT((#8871,#8872,#8873)) REPRESENTATION_CONTEXT
('Context #1','3D Context with UNIT and UNCERTAINTY') );
#8871 = ( LENGTH_UNIT() NAMED_UNIT(*) SI_UNIT(.MILLI.,.METRE.) );
#8872 = ( NAMED_UNIT(*) PLANE_ANGLE_UNIT() SI_UNIT($,.RADIAN.) );
#8873 = ( NAMED_UNIT(*) SI_UNIT($,.STERADIAN.) SOLID_ANGLE_UNIT() );
#8874 = UNCERTAINTY_MEASURE_WITH_UNIT(LENGTH_MEASURE(2.E-07),#8871,
  'distance_accuracy_value','confusion accuracy');
#8875 = CONTEXT_DEPENDENT_SHAPE_REPRESENTATION(#8876,#8878);
#8876 = ( REPRESENTATION_RELATIONSHIP('','',#32,#10) 
REPRESENTATION_RELATIONSHIP_WITH_TRANSFORMATION(#8877) 
SHAPE_REPRESENTATION_RELATIONSHIP() );
#8877 = ITEM_DEFINED_TRANSFORMATION('','',#11,#15);
#8878 = PRODUCT_DEFINITION_SHAPE('Placement','Placement of an item',
  #8879);
#8879 = NEXT_ASSEMBLY_USAGE_OCCURRENCE('17','=>[0:1:1:2]','',#5,#27,$);
#8880 = PRODUCT_RELATED_PRODUCT_CATEGORY('part',$,(#29));
ENDSEC;
END-ISO-10303-21;
